Nom_Club,Championnat,Saison,Classement,Effectif
Chelsea FC,Premier League,2014-2015,1,"Thibaut Courtois, Mark Schwarzer, Mitchell Beeney, Petr Cech, Jamal Blackman, Nathan Aké, Andreas Christensen, Kurt Zouma, César Azpilicueta, Kenneth Omeruo, Tomas Kalas, Branislav Ivanovic, Filipe Luís, Gary Cahill, John Terry, Ruben Loftus-Cheek, Oscar, Nemanja Matić, Lewis Baker, Juan Cuadrado, Nathaniel Chalobah, Cesc Fàbregas, Ramires, John Obi Mikel, Dominic Solanke, Mohamed Salah, Jérémie Boga, Patrick Bamford, Willian, Diego Costa, Victor Moses, Fernando Torres, André Schürrle, Christian Atsu, Izzy Brown, Eden Hazard, Didier Drogba, Loïc Rémy"
Manchester City,Premier League,2014-2015,2,"Joe Hart, Willy Caballero, Richard Wright, Angeliño, Karim Rekik, Matija Nastasić, Eliaquim Mangala, Micah Richards, Bacary Sagna, Vincent Kompany, Pablo Zabaleta, Aleksandar Kolarov, Gaël Clichy, Martín Demichelis, Dedryck Boyata, Bersant Celina, James Milner, Bruno Zuculini, Fernando, José Pozo, Samir Nasri, Jesús Navas, Frank Lampard, David Silva, Fernandinho, Yaya Touré, George Glendon, Sinan Bytyqi, Edin Džeko, Thierry Ambrose, Stevan Jovetić, Scott Sinclair, Wilfried Bony, Sergio Agüero"
Arsenal FC,Premier League,2014-2015,3,"Esteban Andrada, Mauricio Aquino, Alejandro Limia, Dany Rosero, Hugo Nervo, Matías Zaldivia, Salvador Sánchez, Marcos Curado, Claudio Corvalán, Damián Pérez, Federico Milo, Cristian Chimino, José San Román, Matías Sarulyte, Nicolás Correa, Jorge Curbelo, Matías Campos Toro, Leandro Godoy, Iván Varga, Ramiro Carrera, Federico Lértora, Iván Marcone, Milton Céliz, Brahian Alemán, Cristian Chávez, Miguel Caneo, Ramiro López, Nicolás Aguirre, Jorge Baéz, Julián Cardozo, Hernán Fredes, Gastón Esmerado, Gabriel Flores, Gonzalo Giménez, Sebastián Palacios, Santiago Tréllez, Federico Laurito, Gonzalo González, Federico Rasic, Emilio Zelaya, Pablo Burzio, Enzo Prono, Ezequiel Ruiz, Bryan Schmidt, Lucas Pugh, Maximiliano Herrera, Esteban Ciaccheri, Franco Costa, Santiago Silva, Fabián Muñoz"
Manchester United,Premier League,2014-2015,4,"Sam Johnstone, David de Gea, Ben Amos, Anders Lindegaard, Víctor Valdés, Luke Shaw, Michael Keane, Paddy McNair, Daley Blind, Chris Smalling, Saidy Janko, Ashley Young, Reece James, Marcos Rojo, Tyler Blackett, Marnick Vermijl, Tom Thorpe, Rafael, Phil Jones, Jonny Evans, Antonio Valencia, Andreas Pereira, Jesse Lingard, Ander Herrera, Juan Mata, Nick Powell, Shinji Kagawa, Darren Fletcher, Anderson, Michael Carrick, Tom Cleverley, Marouane Fellaini, Danny Welbeck, Wilfried Zaha, Ángel Di María, Adnan Januzaj, Will Keane, Chicharito, James Wilson, Radamel Falcao, Nani, Wayne Rooney, Robin van Persie"
Tottenham Hotspur,Premier League,2014-2015,5,"Hugo Lloris, Luke McGee, Jordan Archer, Michel Vorm, Brad Friedel, Eric Dier, Ben Davies, Milos Veljkovic, Kyle Walker, DeAndre Yedlin, Kyle Naughton, Michael Dawson, Bongani Khumalo, Grant Hall, Danny Rose, Younès Kaboul, Jan Vertonghen, Federico Fazio, Harry Winks, Nabil Bentaleb, Christian Eriksen, Dele Alli, Lewis Holtby, Alex Pritchard, Josh Onomah, Benjamin Stambouli, Dominic Ball, Vlad Chiricheș, Tom Carroll, Sandro, Cristian Ceballos, Paulinho, Mousa Dembélé, Étienne Capoue, Ryan Mason, Harry Kane, Andros Townsend, Aaron Lennon, Roberto Soldado, Emmanuel Adebayor, Erik Lamela, Nacer Chadli"
Liverpool FC,Premier League,2014-2015,6,"Simon Mignolet, Danny Ward, Brad Jones, Emre Can, Alberto Moreno, Dejan Lovren, Sebastián Coates, Mamadou Sakho, Glen Johnson, José Enrique, Kolo Touré, Javier Manquillo, Martin Skrtel, Jon Flanagan, Andre Wisdom, Philippe Coutinho, Jordan Henderson, João Carlos Teixeira, Cameron Brannagan, MJ Williams, Jordan Rossiter, Steven Gerrard, Adam Lallana, Lucas Leiva, Joe Allen, Raheem Sterling, Suso, Lazar Markovic, Sheyi Ojo, Mario Balotelli, Fabio Borini, Jordon Ibe, Jerome Sinclair, Rickie Lambert, Daniel Sturridge"
Southampton FC,Premier League,2014-2015,7,"Paulo Gazzaniga, Fraser Forster, Kelvin Davis, Artur Boruc, Matt Targett, Jack Stephens, Nathaniel Clyne, Maya Yoshida, José Fonte, Sam McQueen, Jason McCarthy, Florin Gardoș, Toby Alderweireld, Ryan Bertrand, Jos Hooiveld, James Ward-Prowse, Harrison Reed, Filip Djuricic, Victor Wanyama, Gastón Ramírez, Dominic Gape, Jack Cork, Saphir Taïder, Jake Hesketh, Morgan Schneiderlin, Steven Davis, Jake Flannigan, Sadio Mané, Dušan Tadić, Sam Gallagher, Jay Rodríguez, Lloyd Isgrove, Ryan Seager, Shane Long, Graziano Pellè, Eljero Elia, Emmanuel Mayuka"
Swansea City,Premier League,2014-2015,8,"Lukasz Fabianski, David Cornell, Gerhard Tremmel, Jordi Amat, Liam Shephard, Stephen Kingsley, Kyle Naughton, Alan Tate, Dwight Tiendalli, Jazz Richards, Raheem Hanley, Neil Taylor, Ashley Williams, Ángel Rangel, Kyle Bartley, Federico Fernández, Matt Grimes, Jay Fulton, Josh Sheehan, Sung-yueng Ki, Gylfi Sigurdsson, Tom Carroll, Adam King, Leon Britton, Jonjo Shelvey, Jack Cork, Kenji Gorré, Modou Barrow, Nélson Oliveira, Wilfried Bony, Rory Donnelly, Marvin Emnes, Nathan Dyer, Wayne Routledge, Bafétimbi Gomis, Jefferson Montero"
Stoke City,Premier League,2014-2015,9,"Jack Butland, Asmir Begovic, Thomas Sörensen, Marc Muniesa, Erik Pieters, Robert Huth, Phil Bardsley, Marc Wilson, Ryan Shawcross, Geoff Cameron, Dionatan Teixeira, Philipp Wollscheid, Andy Wilkinson, Steven Nzonzi, Jamie Ness, Glenn Whelan, Stephen Ireland, Wilson Palacios, Charlie Adam, Steve Sidwell, Oliver Shenton, Marko Arnautovic, Victor Moses, Mame Diouf, Oussama Assaidi, Peter Odemwingie, Jonathan Walters, Peter Crouch, Bojan Krkic, Adam Thomas"
Crystal Palace,Premier League,2014-2015,10,"Julián Speroni, Wayne Hennessey, Chris Kettings, Lewis Price, Joel Ward, Adrian Mariappa, Brede Hangeland, Patrick McCarthy, Scott Dann, Zeki Fryers, Jerome Binnom-Williams, Damien Delaney, Martin Kelly, Pape Souaré, Peter Ramage, Barry Bannan, Jonny Williams, Stuart O'Keefe, Hiram Boateng, Jake Gray, Adlène Guédioura, Mile Jedinak, James McArthur, Jordon Mutch, Joe Ledley, Owen Garvan, Jason Puncheon, Wilfried Zaha, Chung-yong Lee, Yannick Bolasie, Sullay Kaikai, Yaya Sanogo, Stephen Dobbie, Andy Johnson, Kevin Doyle, Fraizer Campbell, Jerome Thomas, Dwight Gayle, Glenn Murray, Shola Ameobi, Marouane Chamakh, Kwesi Appiah"
Everton FC,Premier League,2014-2015,11,"Joel Robles, Russell Griffiths, Tim Howard, John Stones, Jonjoe Kenny, Tyias Browning, Gethin Jones, Séamus Coleman, Brendan Galloway, Bryan Oviedo, Luke Garbutt, Tony Hibbert, Leighton Baines, Phil Jagielka, Sylvain Distin, Antolín Alcaraz, Ross Barkley, John Lundstram, Ryan Ledson, Joe Williams, Kieran Dowell, Muhamed Besic, Conor Grant, Francisco Júnior, Darron Gibson, James McCarthy, Gareth Barry, Leon Osman, Steven Pienaar, Romelu Lukaku, Chris Long, Conor McAleny, Samuel Eto'o, Aaron Lennon, Christian Atsu, Courtney Duffus, Aiden McGeady, Arouna Koné, Kevin Mirallas, Steven Naismith"
West Ham United,Premier League,2014-2015,12,"Adrián, Raphael Spiegel, Jussi Jääskeläinen, Reece Burke, Reece Oxford, Aaron Cresswell, Dan Potts, Carl Jenkinson, Lewis Page, Emmanuel Onariase, Winston Reid, James Tomkins, Joey O'Brien, James Collins, Guy Demel, Doneil Henry, Josh Cullen, Sebastian Lletget, Elliot Lee, Cheikhou Kouyaté, Nenê, Mohamed Diamé, Ravel Morrison, Kevin Nolan, Stewart Downing, Mark Noble, Morgan Amalfitano, Diego Poyet, Alex Song, Enner Valencia, Ricardo Vaz Tê, Mauro Zárate, Matt Jarvis, Andy Carroll, Diafra Sakho, Carlton Cole"
West Bromwich Albion,Premier League,2014-2015,13,"Alex Palmer, Luke Daniels, Jack Rose, Ben Foster, Boaz Myhill, Craig Dawson, Jason Davidson, Donervon Daniels, Andre Wisdom, Jonas Olsson, Joleon Lescott, Sébastien Pocognoli, Cristian Gamboa, Gareth McAuley, Sebastián Blanco, Adil Nabi, Graham Dorrans, Liam O'Neil, Chris Baird, Claudio Yacob, James Morrison, Craig Gardner, Chris Brunt, Youssouf Mulumbu, Darren Fletcher, Stéphane Sessègnon, Tyler Roberts, Kemar Roofe, Callum McManaman, Georgios Samaras, Varela, Brown Ideye, Victor Anichebe, Saido Berahino"
Leicester City,Premier League,2014-2015,14,"Kasper Schmeichel, Ben Hamer, Adam Smith, Conrad Logan, Mark Schwarzer, Robert Huth, James Pearson, Ritchie De Laet, Paul Konchesky, Wes Morgan, Matthew Upson, Danny Simpson, Liam Moore, Zoumana Bakayogo, Marcin Wasilewski, Andrej Kramaric, Jeffrey Schlupp, Tom Lawrence, Nick Powell, Matty James, Ryan Watson, Paul Gallagher, Jack Barmby, Michael Cain, Danny Drinkwater, Dean Hammond, Andy King, Marc Albrighton, Esteban Cambiasso, Chris Wood, Riyad Mahrez, Jamie Vardy, Tom Hopper, Gary Taylor-Fletcher, Leonardo Ulloa, Anthony Knockaert, David Nugent"
Newcastle United,Premier League,2014-2015,15,"Freddie Woodman, Jak Alnwick, Karl Darlow, Tim Krul, Rob Elliot, Jamaal Lascelles, Lubomir Satka, Massadio Haïdara, Curtis Good, Jamie Sterry, Davide Santon, Remie Streete, Fabricio Coloccini, Ryan Taylor, Mike Williamson, Daryl Janmaat, Steven Taylor, Paul Dummett, Olivier Kemen, Rémy Cabella, Mehdi Abeid, Moussa Sissoko, Alex Gilliead, Gaël Bigirimana, Shane Ferguson, Jack Colback, Vurnon Anita, Siem de Jong, Jonás Gutiérrez, Cheik Tioté, Adam Armstrong, Ayoze Pérez, Haris Vuckic, Adam Campbell, Callum Roberts, Papiss Demba Cissé, Yoan Gouffran, Facundo Ferreyra, Rolando Aarons, Gabriel Obertan, Sammy Ameobi, Emmanuel Rivière"
Sunderland AFC,Premier League,2014-2015,16,"Jordan Pickford, Maksymilian Stryjek, Vito Mannone, Costel Pantilimon, Patrick van Aanholt, Sebastián Coates, Charalampos Mavrias, Tom Beadling, Valentin Roberge, Santiago Vergini, Tommy Robson, Billy Jones, Wes Brown, Jack Rodwell, Anthony Réveillère, John O'Shea, George Honeyman, Cabral, Liam Bridcutt, Lee Cattermole, Sebastian Larsson, Jordi Gómez, Ricardo Álvarez, Emanuele Giaccherini, Liam Agnew, Duncan Watmore, Mikael Mandron, Jozy Altidore, Steven Fletcher, Connor Wickham, Adam Johnson, Danny Graham, Jermain Defoe, Will Buckley"
Aston Villa,Premier League,2014-2015,17,"Brad Guzan, Jed Steer, Shay Given, Aly Cissokho, Enda Stevens, Joe Bennett, Lewis Kinsella, Riccardo Calder, Nathan Baker, Ron Vlaar, Jores Okore, Ciaran Clark, Philippe Senderos, Kieran Richardson, Alan Hutton, Matthew Lowton, Carles Gil, Andreas Weimann, Ashley Westwood, Leandro Bacuna, Gary Gardner, Karim El Ahmadi, Tom Cleverley, Joe Cole, Fabian Delph, Chris Herd, Carlos Sánchez, Jack Grealish, Christian Benteke, Callum Robinson, Andre Green, Rushian Hepburn-Murphy, Graham Burke, Scott Sinclair, Gabriel Agbonlahor, Darren Bent, Libor Kozák, Charles N'Zogbia"
Hull City,Premier League,2014-2015,18,"Mark Oxley, Rory Watson, Allan McGregor, Eldin Jakupović, Steve Harper, Andrew Robertson, Harry Maguire, Conor Townsend, Liam Rosenior, Maynor Figueroa, Alex Bruce, James Chester, Curtis Davies, Paul McShane, Joe Dudgeon, Michael Dawson, Ahmed El Mohamady, Robbie Brady, Gastón Ramírez, Hatem Ben Arfa, David Meyler, Tom Huddlestone, Jake Livermore, Mohamed Diamé, Stephen Quinn, Tom Ince, Abel Hernández, Shane Long, George Boyd, Calaum Jahraldo-Martin, Robert Snodgrass, Nikica Jelavic, Yannick Sagbo, Sone Aluko, Dame N'Doye"
Burnley FC,Premier League,2014-2015,19,"Tom Heaton, Alex Cisak, Matt Gilks, Michael Keane, Kieran Trippier, Ben Mee, Kevin Long, Cameron Dummigan, Danny Lafferty, Luke O'Neill, Michael Duff, Jason Shackell, Steven Reid, Stephen Ward, Nathaniel Chalobah, Fredrik Ulvestad, Scott Arfield, Steven Hewitt, Ross Wallace, Dean Marney, David Jones, Matthew Taylor, Danny Ings, Ashley Barnes, Sam Vokes, Michael Kightly, Marvin Sordell, Lukas Jutkiewicz, George Boyd, Jason Gilchrist"
Leicester City,Premier League,2015-2016,1,"Kasper Schmeichel, Ben Hamer, Jonny Maddison, Mark Schwarzer, Ben Chilwell, Daniel Amartey, Paul Konchesky, Yohan Benalouane, Ritchie De Laet, Wes Morgan, Robert Huth, Danny Simpson, Liam Moore, Marcin Wasilewski, Christian Fuchs, N'Golo Kanté, Andrej Kramaric, Jeffrey Schlupp, Tom Lawrence, Matty James, Dean Hammond, Danny Drinkwater, Andy King, Marc Albrighton, Gökhan Inler, Riyad Mahrez, Demarai Gray, Jamie Vardy, Harry Panayiotou, Nathan Dyer, Joseph Dodoo, Shinji Okazaki, Leonardo Ulloa, Jacob Blyth, André Olukanmi"
Arsenal FC,Premier League,2015-2016,2,"Esteban Andrada, Gaspar Servio, Mauricio Aquino, Pablo Santillo, Alejandro Limia, Fernando Pellegrino, Yeimar Gómez Andrade, Dany Rosero, Matías Zaldivia, Salvador Sánchez, Germán Ferreyra, Marcos Curado, Claudio Corvalán, Federico Milo, Adrián Martínez, Tomás Berra, Leandro Marín, Matías Campos Toro, Matías Sarulyte, Iván Varga, Jonathan Bottinelli, Luciano Vella, Ramiro Carrera, Federico Lértora, Milton Céliz, Franco Bellocq, Federico Flores, Cristian Chávez, Gonzalo Papa, Renso Pérez, Gastón Esmerado, Hernán Fredes, Ramiro López, Miguel Caneo, Gonzalo Giménez, Matías Zaldívar, Gabriel Sanabria, Fernando Luna, Gonzalo Bazán, Franco Fragapane, Agustín Vuletich, Santiago Tréllez, Juan Sánchez Sotelo, Leonardo Rolón, Martín Giménez, Julio Rodríguez, Santiago Silva, Fabián Muñoz, Federico Rasic, Ezequiel Ruiz, Gonzalo González, Federico Laurito, Mariano Barbieri, Franco Costa, Joaquín Boghossian"
Tottenham Hotspur,Premier League,2015-2016,3,"Hugo Lloris, Luke McGee, Michel Vorm, Cameron Carter-Vickers, Kyle Walker-Peters, Eric Dier, Ben Davies, Kyle Walker, Kieran Trippier, DeAndre Yedlin, Kevin Wimmer, Federico Fazio, Danny Rose, Toby Alderweireld, Jan Vertonghen, Harry Winks, Nabil Bentaleb, Christian Eriksen, Dele Alli, Alex Pritchard, Josh Onomah, Grant Ward, Tom Carroll, Ryan Mason, Mousa Dembélé, Harry Kane, Heung-min Son, Andros Townsend, Clinton N'Jie, Erik Lamela, Nacer Chadli"
Manchester City,Premier League,2015-2016,4,"Joe Hart, Willy Caballero, Richard Wright, Tosin Adarabioyo, Angeliño, Pablo Maffeo, Jason Denayer, Nicolás Otamendi, Cameron Humphreys, Eliaquim Mangala, James Horsfield, Bacary Sagna, Vincent Kompany, Pablo Zabaleta, Aleksandar Kolarov, Gaël Clichy, Martín Demichelis, Aleix García, Kevin De Bruyne, Manu García, Bersant Celina, Fernando, Luke Brattan, George Evans, George Glendon, Samir Nasri, Jesús Navas, Fabian Delph, David Silva, Fernandinho, Yaya Touré, Patrick Roberts, Raheem Sterling, Kelechi Iheanacho, Brandon Barker, David Faupala, Sergio Agüero, Wilfried Bony"
Manchester United,Premier League,2015-2016,5,"Dean Henderson, Sam Johnstone, David de Gea, Joel Pereira, Sergio Romero, Víctor Valdés, Luke Shaw, Axel Tuanzebe, Paddy McNair, Matteo Darmian, Daley Blind, Chris Smalling, Guillermo Varela, Regan Poole, Ashley Young, Timothy Fosu-Mensah, Marcos Rojo, Donald Love, Tyler Blackett, Cameron Borthwick-Jackson, Ro-Shaun Williams, Phil Jones, Antonio Valencia, Andreas Pereira, Jesse Lingard, Joe Rothwell, Ander Herrera, Juan Mata, Nick Powell, Sean Goss, James Weir, Joe Riley, Michael Carrick, Marouane Fellaini, Morgan Schneiderlin, Bastian Schweinsteiger, Marcus Rashford, Memphis Depay, Anthony Martial, Adnan Januzaj, Will Keane, Chicharito, James Wilson, Wayne Rooney"
Southampton FC,Premier League,2015-2016,6,"Paulo Gazzaniga, Fraser Forster, Maarten Stekelenburg, Kelvin Davis, Virgil van Dijk, Matt Targett, Jack Stephens, Cédric Soares, Steven Caulker, Jordan Turnbull, Maya Yoshida, José Fonte, Cuco Martina, Florin Gardoș, Ryan Bertrand, Jason McCarthy, Sam McQueen, James Ward-Prowse, Harrison Reed, Jordy Clasie, Oriol Romeu, Victor Wanyama, Gastón Ramírez, Steven Davis, Sadio Mané, Dušan Tadić, Juanmi, Sam Gallagher, Jay Rodríguez, Ryan Seager, Olufela Olomola, Shane Long, Graziano Pellè, Lloyd Isgrove, Charlie Austin"
West Ham United,Premier League,2015-2016,7,"Adrián, Raphael Spiegel, Darren Randolph, Sam Howes, Reece Burke, Sam Byram, Aaron Cresswell, Reece Oxford, Kyle Knoyle, Angelo Ogbonna, Carl Jenkinson, Josh Pask, Winston Reid, James Tomkins, Joey O'Brien, James Collins, Doneil Henry, Stephen Hendrie, Lewis Page, Sam Westley, Leo Chambers, Nathan Mavila, Alex Pike, Josh Cullen, Manuel Lanzini, George Dobson, Elliot Lee, Dimitri Payet, Pedro Obiang, Cheikhou Kouyaté, Kevin Nolan, Alex Song, Mark Noble, Morgan Amalfitano, Diego Poyet, Amos Nasha, Enner Valencia, Michail Antonio, Victor Moses, Martin Samuelsen, Marcus Browne, Djair Parfitt, Modibo Maïga, Matt Jarvis, Andy Carroll, Mauro Zárate, Diafra Sakho, Nikica Jelavic, Emmanuel Emenike, Jordan Brown"
Liverpool FC,Premier League,2015-2016,8,"Simon Mignolet, Danny Ward, Lawrence Vigouroux, Ryan Fulton, Ádám Bogdán, Joe Gomez, Emre Can, Alberto Moreno, Nathaniel Clyne, Dejan Lovren, Steven Caulker, Dan Cleary, Brad Smith, Connor Randall, Conor Masterson, Mamadou Sakho, Tiago Ilori, José Enrique, Joe Maguire, Kolo Touré, Martin Skrtel, Jon Flanagan, Andre Wisdom, Pedro Chirivella, Philippe Coutinho, Jordan Henderson, João Carlos Teixeira, James Milner, Cameron Brannagan, Jordan Rossiter, Adam Lallana, Lucas Leiva, Joe Allen, Kevin Stewart, Roberto Firmino, Danny Ings, Ryan Kent, Christian Benteke, Sergi Canós, Sheyi Ojo, Divock Origi, Jordon Ibe, Jerome Sinclair, Daniel Sturridge"
Stoke City,Premier League,2015-2016,9,"Jack Butland, Daniel Bachmann, Jakob Haugaard, Shay Given, Marc Muniesa, Erik Pieters, Phil Bardsley, Glen Johnson, Marc Wilson, Ryan Shawcross, Geoff Cameron, Dionatan Teixeira, Philipp Wollscheid, Xherdan Shaqiri, Marco van Ginkel, Steve Sidwell, Glenn Whelan, Stephen Ireland, Ibrahim Afellay, Charlie Adam, Giannelli Imbula, Oliver Shenton, Joselu, Marko Arnautovic, Mame Diouf, Mohamed El Ouriachi, George Waring, Peter Odemwingie, Jonathan Walters, Peter Crouch, Bojan Krkic"
Chelsea FC,Premier League,2015-2016,10,"Thibaut Courtois, Asmir Begovic, Jamal Blackman, Marco Amelia, Ola Aina, Fikayo Tomori, Nathan Aké, Kurt Zouma, Abdul Rahman Baba, Matt Miazga, César Azpilicueta, Jake Clarke-Salter, Tomas Kalas, Michael Hector, Papy Djilobodji, Branislav Ivanovic, Gary Cahill, John Terry, Ruben Loftus-Cheek, Oscar, Nemanja Matić, Juan Cuadrado, Kasey Palmer, Lucas Piazón, Ramires, Charlie Colkett, Cesc Fàbregas, John Obi Mikel, Tammy Abraham, Bertrand Traoré, Patrick Bamford, Pedro, Kenedy, Willian, Diego Costa, Victor Moses, Radamel Falcao, Eden Hazard, Alexandre Pato, Loïc Rémy"
Everton FC,Premier League,2015-2016,11,"Jindrich Stanek, Joel Robles, Tim Howard, John Stones, Mason Holgate, Jonjoe Kenny, Tyias Browning, Callum Connolly, Séamus Coleman, Matthew Pennington, Brendan Galloway, Bryan Oviedo, Luke Garbutt, Ramiro Funes Mori, Tony Hibbert, Leighton Baines, Phil Jagielka, Felipe Mattioni, Ross Barkley, Tom Davies, Kieran Dowell, Muhamed Besic, Conor Grant, Darron Gibson, Tom Cleverley, James McCarthy, Gareth Barry, Leon Osman, Steven Pienaar, Romelu Lukaku, Gerard Deulofeu, Conor McAleny, Steven Naismith, Aiden McGeady, Arouna Koné, Kevin Mirallas, Aaron Lennon, Oumar Niasse, Leandro Rodríguez"
Swansea City,Premier League,2015-2016,12,"Lukasz Fabianski, Josh Vickers, Kristoffer Nordfeldt, Gerhard Tremmel, Joe Rodon, Connor Roberts, Jordi Amat, Liam Shephard, Stephen Kingsley, Kyle Naughton, Franck Tabanou, Daniel Alfei, Neil Taylor, Ashley Williams, Ángel Rangel, Kyle Bartley, Federico Fernández, Matt Grimes, Jay Fulton, Sung-yueng Ki, Gylfi Sigurdsson, Leroy Fer, Jonjo Shelvey, Leon Britton, Jack Cork, Daniel James, Kenji Gorré, Modou Barrow, André Ayew, Alberto Paloschi, Éder, Marvin Emnes, Nathan Dyer, Wayne Routledge, Bafétimbi Gomis, Jefferson Montero"
Watford FC,Premier League,2015-2016,13,"Giedrius Arlauskis, Luke Simpson, Heurelho Gomes, Rene Gilmartin, Costel Pantilimon, Nathan Aké, Allan Nyom, Gabriele Angella, Daniel Pudil, Miguel Layún, Miguel Britos, Sebastian Prödl, Joel Ekstrand, Craig Cathcart, Jose Cholevas, Essaïd Belkalem, Tommie Hoban, Sean Murray, Juan Carlos Paredes, Lloyd Dyer, Alessandro Diamanti, Connor Smith, Mario Suárez, José Manuel Jurado, Valon Behrami, Adlène Guédioura, Ikechi Anya, Almen Abdi, Ben Watson, Étienne Capoue, Steven Berghuis, Matej Vydra, Odion Ighalo, Fernando Forestieri, Uche Ikpeazu, Nordin Amrabat, Obbi Oulare, Víctor Ibarbo, Troy Deeney"
West Bromwich Albion,Premier League,2015-2016,14,"Alex Palmer, Ben Foster, Boaz Myhill, Anders Lindegaard, Jack Rose, Craig Dawson, Joleon Lescott, Shaun Donnellan, Jonas Olsson, James Chester, Jonny Evans, Sébastien Pocognoli, Cristian Gamboa, Gareth McAuley, Sam Field, Alex Pritchard, James McClean, Sandro, Claudio Yacob, James Morrison, Craig Gardner, Chris Brunt, Darren Fletcher, Stéphane Sessègnon, Joe Ward, Serge Gnabry, Tyler Roberts, Salomón Rondón, Jonathan Leko, Kyle Edwards, Callum McManaman, Brown Ideye, Victor Anichebe, Rickie Lambert, Saido Berahino"
Crystal Palace,Premier League,2015-2016,15,"Alex McCarthy, Julián Speroni, Wayne Hennessey, Joel Ward, Luke Croll, Jerome Binnom-Williams, Adrian Mariappa, Brede Hangeland, Patrick McCarthy, Scott Dann, Zeki Fryers, Pape Souaré, Damien Delaney, Martin Kelly, Jonny Williams, Jake Gray, Yohan Cabaye, Mile Jedinak, James McArthur, Jordon Mutch, Joe Ledley, Hiram Boateng, Jason Puncheon, Connor Dymond, Luke Dreher, Wilfried Zaha, Patrick Bamford, Chung-yong Lee, Yannick Bolasie, Sullay Kaikai, Bakary Sako, Glenn Murray, Fraizer Campbell, Dwight Gayle, Connor Wickham, Emmanuel Adebayor, Marouane Chamakh, Kwesi Appiah"
AFC Bournemouth,Premier League,2015-2016,16,"Marius Adamonis, Ryan Allsop, Jordan Holmes, Artur Boruc, Adam Federici, Tyrone Mings, Adam Smith, Steve Cook, Jack Simpson, Baily Cargill, Joe Bennett, Elliott Ward, Simon Francis, Tommy Elphick, Charlie Daniels, Sylvain Distin, Rhoys Wiggins, Stéphane Zubar, Callum Buckley, Jordan Lee, Corey Jordan, Filippo Costa, Matt Butcher, Matt Ritchie, Dan Gosling, Andrew Surman, Harry Arter, Shaun MacDonald, Eunan O'Kane, Josh Wakefield, Sam Surridge, Callum Wilson, Ryan Fraser, Joshua King, Harry Cornick, Juan Iturbe, Max Gradel, Jayden Stockley, Joe Quigley, Yann Kermorgant, Christian Atsu, Jordan Green, Marc Pugh, Tokelo Rantie, Junior Stanislas, Benik Afobe, Lee Tomlin, Glenn Murray, Lewis Grabban"
Sunderland AFC,Premier League,2015-2016,17,"Jordan Pickford, Maksymilian Stryjek, Vito Mannone, Costel Pantilimon, Steve Harper, DeAndre Yedlin, Lynden Gooch, Patrick van Aanholt, Sebastián Coates, Charalampos Mavrias, Adam Matthews, Tom Beadling, Valentin Roberge, Tommy Robson, Josh Robson, Billy Jones, Wes Brown, Jack Rodwell, Younès Kaboul, John O'Shea, Lamine Koné, George Honeyman, Yann M'Vila, Emanuele Giaccherini, Rees Greenwood, Liam Bridcutt, Lee Cattermole, Sebastian Larsson, Jordi Gómez, Jan Kirchhoff, Duncan Watmore, Mikael Mandron, Fabio Borini, Adam Johnson, Steven Fletcher, Will Buckley, Dame N'Doye, Jeremain Lens, Jermain Defoe, Danny Graham, Ola Toivonen, Wahbi Khazri"
Newcastle United,Premier League,2015-2016,18,"Freddie Woodman, Karl Darlow, Tim Krul, Rob Elliot, Kevin Mbabu, Chancel Mbemba, Jamaal Lascelles, Massadio Haïdara, Curtis Good, Jamie Sterry, Liam Gibson, Mike Williamson, Fabricio Coloccini, Paul Dummett, Daryl Janmaat, Steven Taylor, Callum Williams, Georginio Wijnaldum, Dan Barlaser, Moussa Sissoko, Henri Saivet, Gaël Bigirimana, Jack Colback, Sylvain Marveaux, Vurnon Anita, Siem de Jong, Jonjo Shelvey, Cheik Tioté, Ivan Toney, Aleksandar Mitrović, Adam Armstrong, Ayoze Pérez, Florian Thauvin, Andros Townsend, Haris Vuckic, Gabriel Obertan, Papiss Demba Cissé, Yoan Gouffran, Rolando Aarons, Seydou Doumbia, Sammy Ameobi, Emmanuel Rivière"
Norwich City,Premier League,2015-2016,19,"Remi Matthews, John Ruddy, Declan Rudd, Jake Kean, Harry Toffolo, Ivo Pinto, Martin Olsson, Michael Turner, Andre Wisdom, Steven Whittaker, Russell Martin, Sébastien Bassong, Timm Klose, Ryan Bennett, James Maddison, Conor McGrandles, Robbie Brady, Louis Thompson, Jonathan Howson, Elliott Bennett, Bradley Johnson, Wes Hoolahan, Graham Dorrans, Tony Andreu, Youssouf Mulumbu, Alexander Tettey, Gary O'Neil, Vadis Odjidja-Ofoe, Jacob Murphy, Josh Murphy, Patrick Bamford, Nathan Redmond, Ricky van Wolfswinkel, Lewis Grabban, Gary Hooper, Jamar Loza, Steven Naismith, Dieumerci Mbokani, Cameron Jerome, Matt Jarvis, Kyle Lafferty"
Aston Villa,Premier League,2015-2016,20,"Benjamin Siegrist, Brad Guzan, Jed Steer, Mark Bunn, Bradley Watkins, Jordan Amavi, Easah Suliman, Niall Mason, Kevin Toner, Tiago Ilori, Janoi Donacien, Aly Cissokho, Joe Bennett, José Crespo, Nathan Baker, Micah Richards, Jores Okore, Ciaran Clark, Joleon Lescott, Kieran Richardson, Alan Hutton, Jordan Veretout, Carles Gil, Idrissa Gueye, Ashley Westwood, Leandro Bacuna, Gary Gardner, Joe Cole, Carlos Sánchez, Jordan Lyden, Jack Grealish, Adama Traoré, Keinan Davis, Jordan Ayew, Callum Robinson, Corey Blackett-Taylor, Andre Green, Rushian Hepburn-Murphy, Scott Sinclair, Jerell Sellars, Gabriel Agbonlahor, Libor Kozák, Charles N'Zogbia, Rudy Gestede"
Chelsea FC,Premier League,2016-2017,1,"Thibaut Courtois, Matej Delac, Asmir Begovic, Jamal Blackman, Eduardo, Ola Aina, Nathan Aké, Andreas Christensen, Kurt Zouma, Abdul Rahman Baba, Matt Miazga, Marcos Alonso, César Azpilicueta, Kenneth Omeruo, Tomas Kalas, David Luiz, Michael Hector, Branislav Ivanovic, Todd Kane, Wallace Oliveira, Gary Cahill, John Terry, Ruben Loftus-Cheek, Mario Pašalić, N'Golo Kanté, Oscar, Nemanja Matić, Lewis Baker, Juan Cuadrado, Nathaniel Chalobah, Nathan, Marco van Ginkel, Victorien Angban, Lucas Piazón, Danilo Pantic, Cesc Fàbregas, Dominic Solanke, Jérémie Boga, Bertrand Traoré, Michy Batshuayi, Pedro, Cristian Cuevas, Kenedy, Willian, Diego Costa, Victor Moses, Loïc Rémy, Christian Atsu, Eden Hazard"
Tottenham Hotspur,Premier League,2016-2017,2,"Pau López, Hugo Lloris, Luke McGee, Alfie Whiteman, Michel Vorm, Kyle Walker-Peters, Cameron Carter-Vickers, Eric Dier, Ben Davies, Kyle Walker, Kieran Trippier, Kevin Wimmer, Federico Fazio, Anton Walkes, Danny Rose, Toby Alderweireld, Jan Vertonghen, Harry Winks, Nabil Bentaleb, Christian Eriksen, Dele Alli, Filip Lesniak, Luke Amos, Moussa Sissoko, Josh Onomah, Victor Wanyama, Tom Carroll, Ryan Mason, Mousa Dembélé, Harry Kane, Heung-min Son, Marcus Edwards, Vincent Janssen, Georges-Kevin N'Koudou, Clinton N'Jie, Samuel Shashoua, Shayon Harrison, Erik Lamela"
Manchester City,Premier League,2016-2017,3,"Angus Gunn, Joe Hart, Claudio Bravo, Willy Caballero, Tosin Adarabioyo, John Stones, Angeliño, Oleksandr Zinchenko, Pablo Maffeo, Nicolás Otamendi, Eliaquim Mangala, Bacary Sagna, Vincent Kompany, Pablo Zabaleta, Aleksandar Kolarov, Gaël Clichy, Phil Foden, Aleix García, Kevin De Bruyne, İlkay Gündoğan, Fernando, Samir Nasri, Jesús Navas, Fabian Delph, David Silva, Fernandinho, Yaya Touré, Brahim Díaz, Leroy Sané, Gabriel Jesus, Raheem Sterling, Kelechi Iheanacho, Nolito, Sergio Agüero, Wilfried Bony"
Liverpool FC,Premier League,2016-2017,4,"Simon Mignolet, Danny Ward, Loris Karius, Alexander Manninger, Ádám Bogdán, Trent Alexander-Arnold, Joe Gomez, Emre Can, Alberto Moreno, Nathaniel Clyne, Dejan Lovren, Connor Randall, Mamadou Sakho, Andre Wisdom, Jon Flanagan, Ragnar Klavan, Joël Matip, Philippe Coutinho, Marko Grujić, Georginio Wijnaldum, Jordan Henderson, James Milner, Ben Woodburn, Paulinho, MJ Williams, Adam Lallana, Lucas Leiva, Kevin Stewart, Harry Wilson, Sadio Mané, Roberto Firmino, Danny Ings, Rhian Brewster, Lazar Markovic, Sheyi Ojo, Ovie Ejaria, Divock Origi, Daniel Sturridge"
Arsenal FC,Premier League,2016-2017,5,"Mauricio Aquino, Fernando Pellegrino, Pablo Santillo, Salvador Sánchez, Germán Ferreyra, Marcos Curado, Facundo Cardozo, Facundo Monteseirín, Claudio Corvalán, Federico Milo, Tomás Berra, Emiliano Papa, Leandro Marín, Juan Celaya, Sergio Velázquez, Jonathan Bottinelli, Luciano Vella, Juan Brunetta, Ramiro Carrera, Franco Bellocq, Federico Flores, Gonzalo Papa, Iván Bella, Maximiliano Calzada, Renso Pérez, Gabriel Sanabria, Matías Zaldívar, Lucas Wilchez, Gonzalo Giménez, Gonzalo Bazán, Rodrigo Contreras, Franco Fragapane, Sebastián Lomónaco, Juan Sánchez Sotelo, Leonardo Rolón, Martín Giménez, Julio Rodríguez, Joaquín Boghossian, Franco Costa, Ezequiel Ruiz, Juan Martín Imbert, Francesco Lomonaco"
Manchester United,Premier League,2016-2017,6,"Dean Henderson, Sam Johnstone, David de Gea, Joel Pereira, Kieran O'Hara, Sergio Romero, Luke Shaw, Axel Tuanzebe, Eric Bailly, Matteo Darmian, Daley Blind, Guillermo Varela, Chris Smalling, Ashley Young, Timothy Fosu-Mensah, Marcos Rojo, Demetri Mitchell, Cameron Borthwick-Jackson, Phil Jones, Antonio Valencia, Scott McTominay, Angel Gomes, Andreas Pereira, Paul Pogba, Henrikh Mkhitaryan, Jesse Lingard, Ander Herrera, Juan Mata, Bastian Schweinsteiger, Morgan Schneiderlin, Josh Harrop, Matty Willock, Michael Carrick, Marouane Fellaini, Marcus Rashford, Memphis Depay, Anthony Martial, Adnan Januzaj, James Wilson, Zlatan Ibrahimović, Wayne Rooney, Zak Dearnley"
Everton FC,Premier League,2016-2017,7,"Joel Robles, Mateusz Hewelt, Maarten Stekelenburg, Mason Holgate, Jonjoe Kenny, Tyias Browning, Séamus Coleman, Matthew Pennington, Brendan Galloway, Bryan Oviedo, Luke Garbutt, Ramiro Funes Mori, Leighton Baines, Ashley Williams, Phil Jagielka, Ross Barkley, Tom Davies, Joe Williams, Idrissa Gueye, Muhamed Besic, Darron Gibson, Tom Cleverley, Morgan Schneiderlin, James McCarthy, Gareth Barry, Ademola Lookman, Romelu Lukaku, Dominic Calvert-Lewin, Enner Valencia, Gerard Deulofeu, Yannick Bolasie, Conor McAleny, Aiden McGeady, Shani Tarashaj, Arouna Koné, Kevin Mirallas, Aaron Lennon, Oumar Niasse, Leandro Rodríguez"
Southampton FC,Premier League,2016-2017,8,"Paulo Gazzaniga, Fraser Forster, Mouez Hassen, Alex McCarthy, Harry Lewis, Stuart Taylor, Virgil van Dijk, Matt Targett, Jack Stephens, Cédric Soares, Maya Yoshida, José Fonte, Cuco Martina, Martín Cáceres, Florin Gardoș, Ryan Bertrand, Jérémy Pied, Sam McQueen, Pierre-Emile Højbjerg, James Ward-Prowse, Harrison Reed, Sofiane Boufal, Jordy Clasie, Oriol Romeu, Jake Hesketh, Steven Davis, Dušan Tadić, Sam Gallagher, Nathan Redmond, Manolo Gabbiadini, Jay Rodríguez, Olufela Olomola, Shane Long, Charlie Austin, Lloyd Isgrove, Josh Sims"
AFC Bournemouth,Premier League,2016-2017,9,"Aaron Ramsdale, Ryan Allsop, Jordan Holmes, Artur Boruc, Adam Federici, Nathan Aké, Tyrone Mings, Adam Smith, Steve Cook, Brad Smith, Jack Simpson, Baily Cargill, Simon Francis, Charlie Daniels, Marc Wilson, Rhoys Wiggins, Callum Buckley, Jordan Lee, Corey Jordan, Ollie Harfield, Lewis Cook, Emerson Hyndman, Eunan O'Kane, Jack Wilshere, Dan Gosling, Andrew Surman, Harry Arter, Keelan O'Connell, Matt Worthington, Sam Surridge, Callum Wilson, Ryan Fraser, Joshua King, Harry Cornick, Max Gradel, Lys Mousset, Jordon Ibe, Marc Pugh, Benik Afobe, Junior Stanislas, Lewis Grabban"
West Bromwich Albion,Premier League,2016-2017,10,"Alex Palmer, Ben Foster, Boaz Myhill, Jack Rose, Craig Dawson, Kane Wilson, Brendan Galloway, Allan Nyom, Sébastien Pocognoli, Jonas Olsson, Marc Wilson, Jonny Evans, Gareth McAuley, Sam Field, Rekeem Harper, James McClean, Craig Gardner, Claudio Yacob, James Morrison, Jake Livermore, Chris Brunt, Darren Fletcher, Salomón Rondón, Matt Phillips, Jonathan Leko, Callum McManaman, Rickie Lambert, Saido Berahino, Hal Robson-Kanu, Nacer Chadli"
West Ham United,Premier League,2016-2017,11,"Adrián, Raphael Spiegel, Darren Randolph, Arthur Masuaku, Reece Burke, Sam Byram, Aaron Cresswell, Reece Oxford, Angelo Ogbonna, José Fonte, Stephen Hendrie, Lewis Page, Winston Reid, Álvaro Arbeloa, James Collins, Doneil Henry, Sam Westley, Alex Pike, Declan Rice, Josh Cullen, Edimilson Fernandes, Domingos Quina, Manuel Lanzini, Dimitri Payet, Dan Kemp, Pedro Obiang, Sofiane Feghouli, Cheikhou Kouyaté, Moses Makasi, Håvard Nordtveit, Mark Noble, Grady Diangana, Enner Valencia, Jonathan Calleri, Michail Antonio, André Ayew, Ashley Fletcher, Marcus Browne, Gökhan Töre, Simone Zaza, Nathan Holland, Andy Carroll, Robert Snodgrass, Diafra Sakho"
Leicester City,Premier League,2016-2017,12,"Ron-Robert Zieler, Kasper Schmeichel, Ben Hamer, Ben Chilwell, Daniel Amartey, Elliott Moore, Luis Hernández, Molla Wagué, Wes Morgan, Robert Huth, Danny Simpson, Marcin Wasilewski, Christian Fuchs, Yohan Benalouane, Wilfred Ndidi, Jeffrey Schlupp, Tom Lawrence, Bartosz Kapustka, Nampalys Mendy, Matty James, Danny Drinkwater, Andy King, Marc Albrighton, Harvey Barnes, Riyad Mahrez, Demarai Gray, Jamie Vardy, Ahmed Musa, Islam Slimani, Shinji Okazaki, Leonardo Ulloa"
Stoke City,Premier League,2016-2017,13,"Jack Butland, Daniel Bachmann, Jakob Haugaard, Shay Given, Lee Grant, Marc Muniesa, Bruno Martins Indi, Ryan Sweeney, Tom Edwards, Erik Pieters, Philipp Wollscheid, Phil Bardsley, Glen Johnson, Ryan Shawcross, Geoff Cameron, Joel Taylor, Xherdan Shaqiri, Ramadan Sobhi, Joe Allen, Glenn Whelan, Stephen Ireland, Ibrahim Afellay, Charlie Adam, Giannelli Imbula, Joselu, Marko Arnautovic, Thibaud Verlinden, Julien Ngoy, Mame Diouf, Bojan Krkic, Wilfried Bony, Saido Berahino, Jonathan Walters, Peter Crouch"
Crystal Palace,Premier League,2016-2017,14,"Kleton Perntreou, Julián Speroni, Wayne Hennessey, Steve Mandanda, Aaron Wan-Bissaka, Patrick van Aanholt, Joel Ward, Mamadou Sakho, Ryan Inniss, Luke Croll, James Tomkins, Scott Dann, Zeki Fryers, Pape Souaré, Damien Delaney, Martin Kelly, Ben Wynter, Jeffrey Schlupp, Luka Milivojevic, Jonny Williams, Mile Jedinak, Noor Husin, Mathieu Flamini, Yohan Cabaye, Joe Ledley, James McArthur, Jordon Mutch, Hiram Boateng, Jason Puncheon, Michael Phillips, Luke Dreher, Wilfried Zaha, Christian Benteke, Keshi Anderson, Andros Townsend, Chung-yong Lee, Jonathan Benteke, Yannick Bolasie, Freddie Ladapo, Sullay Kaikai, Bakary Sako, Loïc Rémy, Kwesi Appiah, Fraizer Campbell, Connor Wickham"
Swansea City,Premier League,2016-2017,15,"Lukasz Fabianski, Kristoffer Nordfeldt, Mark Birighitti, Gerhard Tremmel, Connor Roberts, Mike van der Hoorn, Jordi Amat, Martin Olsson, Stephen Kingsley, Kyle Naughton, Franck Tabanou, Neil Taylor, Kyle Bartley, Alfie Mawson, Ángel Rangel, Federico Fernández, Matt Grimes, Jay Fulton, Sung-yueng Ki, Gylfi Sigurdsson, Tom Carroll, Leon Britton, Leroy Fer, Jack Cork, Daniel James, Oli McBurnie, Jordan Ayew, Kenji Gorré, Modou Barrow, Borja Bastón, Luciano Narsingh, Bafétimbi Gomis, Fernando Llorente, Marvin Emnes, Nathan Dyer, Wayne Routledge, Jefferson Montero"
Burnley FC,Premier League,2016-2017,16,"Nick Pope, Tom Heaton, Paul Robinson, James Tarkowski, Michael Keane, Ben Mee, Tendayi Darikwa, Kevin Long, Tom Anderson, Danny Lafferty, Jon Flanagan, Matthew Lowton, Stephen Ward, Brad Jackson, Aiden O'Neill, Ashley Westwood, Fredrik Ulvestad, Robbie Brady, Scott Arfield, David Jones, Dean Marney, Jeff Hendrick, Steven Defour, Joey Barton, Patrick Bamford, Dan Agyei, Jóhann Berg Gudmundsson, Andre Gray, Ashley Barnes, Chris Long, Sam Vokes, Rouwen Hennings, Lukas Jutkiewicz, Michael Kightly, George Boyd, Ntumba Massanka"
Watford FC,Premier League,2016-2017,17,"Heurelho Gomes, Rene Gilmartin, Costel Pantilimon, Giedrius Arlauskis, Christian Kabasele, Allan Nyom, Brandon Mason, Miguel Britos, Younès Kaboul, Sebastian Prödl, Adrian Mariappa, Craig Cathcart, Daryl Janmaat, Jose Cholevas, Tommie Hoban, Andrew Eleftheriou, Charlie Rowan, Abdoulaye Doucouré, Roberto Pereyra, Juan Carlos Paredes, Mario Suárez, Camilo Zúñiga, Sven Kums, Tom Cleverley, Adlène Guédioura, Ikechi Anya, Carl Stewart, Valon Behrami, Ben Watson, Brice Dja Djédjé, Étienne Capoue, Steven Berghuis, Isaac Success, M'Baye Niang, Matej Vydra, Kenedy, Odion Ighalo, Dion Pereira, Nordin Amrabat, Obbi Oulare, Stefano Okaka, Mathias Ranégie, Troy Deeney, Jerome Sinclair, Mauro Zárate, Michael Folivi"
Hull City,Premier League,2016-2017,18,"Will Mannion, Allan McGregor, Dusan Kuciak, Eldin Jakupović, David Marshall, Andrew Robertson, Harry Maguire, Josh Tymon, Moses Odubajo, Harvey Rodgers, Alex Bruce, Andrea Ranocchia, Omar Elabdellaoui, Curtis Davies, Michael Dawson, Markus Henriksen, Ahmed El Mohamady, Brian Lenihan, Josh Clackstone, Alfred N'Diaye, Sam Clucas, Jake Livermore, James Weir, Daniel Batty, David Meyler, Tom Huddlestone, Shaun Maloney, Ryan Mason, Evandro, Greg Olley, Jarrod Bowen, Lazar Markovic, Will Keane, Kamil Grosicki, Abel Hernández, Robert Snodgrass, Dieumerci Mbokani, Oumar Niasse, Adama Diomande, Greg Luer, Johan Ter Horst, Ben Hinchliffe"
Middlesbrough FC,Premier League,2016-2017,19,"Connor Ripley, Brad Guzan, Tomás Mejías, Dimitrios Konstantopoulos, Víctor Valdés, Dael Fry, Calum Chambers, Ben Gibson, James Husband, Daniel Ayala, Fábio, George Friend, Bernardo Espinosa, Alex Baptiste, Antonio Barragán, Julien De Sart, Marten de Roon, Adam Reach, Adam Forshaw, Gastón Ramírez, Grant Leadbitter, Adam Clayton, Stewart Downing, Adlène Guédioura, Adama Traoré, Patrick Bamford, Carlos de Pena, Cristhian Stuani, Emilio Nsue, Albert Adomah, Álvaro Negredo, David Nugent, Jordan Rhodes, Viktor Fischer, Rudy Gestede"
Sunderland AFC,Premier League,2016-2017,20,"Jordan Pickford, Maksymilian Stryjek, Vito Mannone, Mika, Paddy McNair, Jason Denayer, Lynden Gooch, Patrick van Aanholt, Adam Matthews, Donald Love, Bryan Oviedo, Papy Djilobodji, Younès Kaboul, Javier Manquillo, Tommy Robson, Michael Ledger, Josh Robson, Billy Jones, Jack Rodwell, Joleon Lescott, John O'Shea, Lamine Koné, Didier Ndong, George Honeyman, Ethan Robson, Rees Greenwood, Elliot Embleton, Lee Cattermole, Sebastian Larsson, Steven Pienaar, Darron Gibson, Jan Kirchhoff, Josh Maja, Adnan Januzaj, Joel Asoro, Duncan Watmore, Fabio Borini, Jeremain Lens, Will Buckley, Wahbi Khazri, Jermain Defoe, Victor Anichebe"
Manchester City,Premier League,2017-2018,1,"Ederson, Angus Gunn, Joe Hart, Claudio Bravo, Tosin Adarabioyo, John Stones, Oleksandr Zinchenko, Aymeric Laporte, Kyle Walker, Danilo, Nicolás Otamendi, Benjamin Mendy, Demeaco Duhaney, Eliaquim Mangala, Vincent Kompany, Phil Foden, Bernardo Silva, Kevin De Bruyne, İlkay Gündoğan, Tom Dele-Bashiru, Fabian Delph, David Silva, Fernandinho, Yaya Touré, Brahim Díaz, Leroy Sané, Gabriel Jesus, Jack Harrison, Lukas Nmecha, Raheem Sterling, Patrick Roberts, Sergio Agüero"
Manchester United,Premier League,2017-2018,2,"Sam Johnstone, David de Gea, Joel Pereira, Sergio Romero, Luke Shaw, Victor Lindelöf, Axel Tuanzebe, Eric Bailly, Matteo Darmian, Daley Blind, Chris Smalling, Ashley Young, Timothy Fosu-Mensah, Marcos Rojo, Cameron Borthwick-Jackson, Phil Jones, Antonio Valencia, Scott McTominay, Angel Gomes, Paul Pogba, Henrikh Mkhitaryan, Jesse Lingard, Nemanja Matić, Ander Herrera, Ethan Hamilton, Juan Mata, Michael Carrick, Marouane Fellaini, Marcus Rashford, Romelu Lukaku, Anthony Martial, Alexis Sánchez, James Wilson, Zlatan Ibrahimović, Wayne Rooney"
Tottenham Hotspur,Premier League,2017-2018,3,"Paulo Gazzaniga, Hugo Lloris, Alfie Whiteman, Michel Vorm, Davinson Sánchez, Juan Foyth, Cameron Carter-Vickers, Kyle Walker-Peters, Eric Dier, Ben Davies, Kieran Trippier, Serge Aurier, Kevin Wimmer, Danny Rose, Toby Alderweireld, Jan Vertonghen, Harry Winks, Christian Eriksen, Dele Alli, Luke Amos, Moussa Sissoko, Josh Onomah, Victor Wanyama, Tashan Oakley-Boothe, Anthony Georgiou, Mousa Dembélé, Harry Kane, Heung-min Son, Vincent Janssen, Georges-Kevin N'Koudou, Lucas Moura, Kazaiah Sterling, Erik Lamela, Fernando Llorente"
Liverpool FC,Premier League,2017-2018,4,"Simon Mignolet, Loris Karius, Danny Ward, Ádám Bogdán, Trent Alexander-Arnold, Virgil van Dijk, Joe Gomez, Andrew Robertson, Emre Can, Alberto Moreno, Nathaniel Clyne, Dejan Lovren, Connor Randall, Conor Masterson, Jon Flanagan, Ragnar Klavan, Joël Matip, Curtis Jones, Philippe Coutinho, Marko Grujić, Georginio Wijnaldum, Jordan Henderson, Alex Oxlade-Chamberlain, James Milner, Ben Woodburn, Adam Lallana, Dominic Solanke, Mohamed Salah, Sadio Mané, Roberto Firmino, Danny Ings, Lazar Markovic, Sheyi Ojo, Divock Origi, Daniel Sturridge"
Chelsea FC,Premier League,2017-2018,5,"Thibaut Courtois, Matej Delac, Jamal Blackman, Willy Caballero, Eduardo, Trevoh Chalobah, Ola Aina, Fikayo Tomori, Antonio Rüdiger, Andreas Christensen, Emerson, Kurt Zouma, Dujon Sterling, Marcos Alonso, César Azpilicueta, Jake Clarke-Salter, Tomas Kalas, David Luiz, Michael Hector, Todd Kane, Wallace Oliveira, Gary Cahill, Ethan Ampadu, Ruben Loftus-Cheek, Ross Barkley, N'Golo Kanté, Davide Zappacosta, Lewis Baker, Tiemoué Bakayoko, Marco van Ginkel, Lucas Piazón, Kyle Scott, Cesc Fàbregas, Danny Drinkwater, Callum Hudson-Odoi, Tammy Abraham, Jérémie Boga, Álvaro Morata, Michy Batshuayi, Pedro, Olivier Giroud, Kenedy, Willian, Victor Moses, Eden Hazard, Charly Musonda Jr."
Arsenal FC,Premier League,2017-2018,6,"Maximiliano Velazco, Mauricio Aquino, Alejandro Rivero, Pablo Santillo, Mateo Carabajal, Germán Ferreyra, Marcos Curado, Facundo Cardozo, Facundo Monteseirín, Emiliano Purita, Claudio Corvalán, Ulises Abreliano, Federico Milo, Lucas Coyette, Sergio Velázquez, Emiliano Papa, Julio Sosa, Ramiro Carrera, Gabriel Alanís, Alejo Antilef, Matías García, Lucas Necul, Iván Bella, Maximiliano Calzada, Gonzalo Gómez, Alexis Coman, David Drocco, Gonzalo González, Lucas Wilchez, Daniel Rolón, Rodrigo Contreras, Sebastián Lomónaco, Rodrigo Pollero, Mosquito, Ryduan Palermo Dutra, Leonardo Rolón, Joaquín Ibáñez, Maxi Rolón, Bryan Schmidt, Gastón del Castillo, Diego Chaves, Facundo Quintana"
Burnley FC,Premier League,2017-2018,7,"Nick Pope, Tom Heaton, Anders Lindegaard, Adam Legzdins, James Tarkowski, Charlie Taylor, Ben Mee, Kevin Long, Matthew Lowton, Stephen Ward, Phil Bardsley, Aiden O'Neill, Ashley Westwood, Fredrik Ulvestad, Robbie Brady, Scott Arfield, Jack Cork, Dean Marney, Jeff Hendrick, Steven Defour, Dwight McNeil, Chris Wood, Georges-Kevin N'Koudou, Jóhann Berg Gudmundsson, Nahki Wells, Ashley Barnes, Chris Long, Sam Vokes, Jonathan Walters, Aaron Lennon"
Everton FC,Premier League,2017-2018,8,"Jordan Pickford, Joel Robles, Mateusz Hewelt, Maarten Stekelenburg, Michael Keane, Mason Holgate, Jonjoe Kenny, Tyias Browning, Séamus Coleman, Matthew Pennington, Brendan Galloway, Eliaquim Mangala, Luke Garbutt, Cuco Martina, Ramiro Funes Mori, Morgan Feeney, Leighton Baines, Ashley Williams, Phil Jagielka, Michael Collins, Nikola Vlašić, Tom Davies, Davy Klaassen, Beni Baningime, Idrissa Gueye, Gylfi Sigurdsson, Muhamed Besic, Stephen Duke-McKenna, Gareth Barry, Harry Charsley, Alex Denny, Morgan Schneiderlin, James McCarthy, Anthony Gordon, Ademola Lookman, Dominic Calvert-Lewin, Nathan Broadhead, Fraser Hornby, Sandro Ramírez, Cenk Tosun, Shayne Lavery, Yannick Bolasie, Aaron Lennon, Kevin Mirallas, Shani Tarashaj, Wayne Rooney, Theo Walcott, Oumar Niasse"
Leicester City,Premier League,2017-2018,9,"Kasper Schmeichel, Ben Hamer, Eldin Jakupović, Ben Chilwell, Harry Maguire, Daniel Amartey, Josh Knight, Aleksandar Dragovic, Sam Hughes, Danny Simpson, Wes Morgan, Robert Huth, Christian Fuchs, Yohan Benalouane, Wilfred Ndidi, Hamza Choudhury, Nampalys Mendy, Matty James, Andy King, George Thomas, Layton Ndukwu, Marc Albrighton, Adrien Silva, Vicente Iborra, Harvey Barnes, Riyad Mahrez, Kelechi Iheanacho, Demarai Gray, Jamie Vardy, Fousseni Diabaté, Ahmed Musa, Islam Slimani, Leonardo Ulloa, Shinji Okazaki"
Newcastle United,Premier League,2017-2018,10,"Freddie Woodman, Martin Dúbravka, Karl Darlow, Rob Elliot, Chancel Mbemba, Jamaal Lascelles, Florian Lejeune, DeAndre Yedlin, Massadio Haïdara, Grant Hanley, Stuart Findlay, Curtis Good, Jamie Sterry, Ciaran Clark, Paul Dummett, Javier Manquillo, Jesús Gámez, Mikel Merino, Dan Barlaser, Isaac Hayden, Henri Saivet, Matt Ritchie, Jack Colback, Achraf Lazaar, Jonjo Shelvey, Mohamed Diamé, Ivan Toney, Aleksandar Mitrović, Jacob Murphy, Adam Armstrong, Ayoze Pérez, Joselu, Kenedy, Islam Slimani, Dwight Gayle, Rolando Aarons, Christian Atsu"
Crystal Palace,Premier League,2017-2018,11,"Dion Henry, Julián Speroni, Wayne Hennessey, Diego Cavalieri, Aaron Wan-Bissaka, Patrick van Aanholt, Timothy Fosu-Mensah, Joel Ward, Mamadou Sakho, Jaroslaw Jach, Ryan Inniss, James Tomkins, Scott Dann, Pape Souaré, Damien Delaney, Martin Kelly, Ruben Loftus-Cheek, Jeffrey Schlupp, Jaïro Riedewald, Luka Milivojevic, Erdal Rakip, Jonny Williams, Jordon Mutch, Nya Kirby, Yohan Cabaye, James McArthur, Jason Puncheon, Michael Phillips, Alexander Sørloth, Wilfried Zaha, Christian Benteke, Keshi Anderson, Jason Lokilo, Andros Townsend, Chung-yong Lee, Freddie Ladapo, Sullay Kaikai, Levi Lumeka, Bakary Sako, James Daly, Connor Wickham"
AFC Bournemouth,Premier League,2017-2018,12,"Aaron Ramsdale, Ryan Allsop, Asmir Begovic, Artur Boruc, Adam Federici, Nathan Aké, Tyrone Mings, Adam Smith, Steve Cook, Brad Smith, Jack Simpson, Baily Cargill, Simon Francis, Charlie Daniels, Rhoys Wiggins, Shaun Hobson, Lewis Cook, Matt Butcher, Emerson Hyndman, Kyle Taylor, Dan Gosling, Andrew Surman, Harry Arter, Callum Wilson, Ryan Fraser, Joshua King, Connor Mahoney, Lys Mousset, Mikael Ndjoli, Jordon Ibe, Lewis Grabban, Benik Afobe, Marc Pugh, Jermain Defoe, Junior Stanislas"
West Ham United,Premier League,2017-2018,13,"Nathan Trott, Adrián, Joe Hart, Ben Johnson, Arthur Masuaku, Reece Burke, Sam Byram, Aaron Cresswell, Reece Oxford, Angelo Ogbonna, José Fonte, Josh Pask, Winston Reid, Pablo Zabaleta, James Collins, Patrice Evra, Vashon Neufville, Declan Rice, Josh Cullen, Edimilson Fernandes, João Mário, Manuel Lanzini, Domingos Quina, Pedro Obiang, Sofiane Feghouli, Cheikhou Kouyaté, Mark Noble, Moses Makasi, Toni Martínez, Grady Diangana, Marko Arnautovic, Sead Haksabanovic, Michail Antonio, André Ayew, Chicharito, Martin Samuelsen, Jordan Hugill, Marcus Browne, Andy Carroll, Robert Snodgrass, Diafra Sakho, Nathan Holland"
Watford FC,Premier League,2017-2018,14,"Daniel Bachmann, Orestis Karnezis, Costel Pantilimon, Heurelho Gomes, Kiko Femenía, Christian Kabasele, Joy Mukena, Daryl Janmaat, Miguel Britos, Younès Kaboul, Sebastian Prödl, Adrian Mariappa, Molla Wagué, Craig Cathcart, Marvin Zeegelaar, Jose Cholevas, Tommie Hoban, Abdoulaye Doucouré, Will Hughes, Didier Ndong, André Carrillo, Roberto Pereyra, Nathaniel Chalobah, Ben Watson, Carl Stewart, Tom Cleverley, Étienne Capoue, Richarlison, Dodi Lukébakio, Isaac Success, Gerard Deulofeu, Andre Gray, Nordin Amrabat, Stefano Okaka, Troy Deeney, Jerome Sinclair, Michael Folivi"
Huddersfield Town,Premier League,2017-2018,16,"Jonas Lössl, Joel Coleman, Ryan Schofield, Rob Green, Jordan Williams, Terence Kongolo, Zanka, Scott Malone, Martin Cranie, Tareiq Holmes-Dennis, Tommy Smith, Chris Löwe, Christopher Schindler, Michael Hefele, Philip Billing, Lewis O'Brien, Jon Gorenc Stankovic, Abdelhamid Sabiri, Florent Hadergjonaj, Kasey Palmer, Alex Pritchard, Jack Payne, Jonathan Hogg, Dean Whitehead, Aaron Mooy, Danny Williams, Steve Mounié, Joe Lolley, Tom Ince, Rajiv van La Parra, Elias Kachunga, Jordy Hiwula, Sean Scannell, Laurent Depoitre, Collin Quaner"
Southampton FC,Premier League,2017-2018,17,"Fraser Forster, Alex McCarthy, Stuart Taylor, Virgil van Dijk, Jan Bednarek, Matt Targett, Wesley Hoedt, Jack Stephens, Cédric Soares, Maya Yoshida, Ryan Bertrand, Jérémy Pied, Sam McQueen, Pierre-Emile Højbjerg, James Ward-Prowse, Mario Lemina, Harrison Reed, Sofiane Boufal, Oriol Romeu, Steven Davis, Dušan Tadić, Nathan Redmond, Sam Gallagher, Michael Obafemi, Manolo Gabbiadini, Guido Carrillo, Shane Long, Charlie Austin, Josh Sims"
Swansea City,Premier League,2017-2018,18,"Lukasz Fabianski, Kristoffer Nordfeldt, Erwin Mulder, Joe Rodon, Connor Roberts, Mike van der Hoorn, Martin Olsson, Kyle Naughton, Alfie Mawson, Ángel Rangel, Kyle Bartley, Federico Fernández, Matt Grimes, Renato Sanches, Jay Fulton, Sung-yueng Ki, Roque Mesa, George Byers, Tom Carroll, Sam Clucas, Andy King, Adam King, Adnan Maric, Leon Britton, Leroy Fer, Daniel James, Tammy Abraham, Oli McBurnie, Jordan Ayew, Kenji Gorré, André Ayew, Courtney Baker-Richardson, Luciano Narsingh, Wilfried Bony, Nathan Dyer, Wayne Routledge"
Stoke City,Premier League,2017-2018,19,"Jack Butland, Jakob Haugaard, Lee Grant, Harry Souttar, Kurt Zouma, Josh Tymon, Lasse Sørensen, Ryan Sweeney, Kevin Wimmer, Bruno Martins Indi, Konstantinos Stafylidis, Tom Edwards, Erik Pieters, Philipp Wollscheid, Moritz Bauer, Glen Johnson, Ryan Shawcross, Geoff Cameron, Xherdan Shaqiri, Ramadan Sobhi, Badou Ndiaye, Joe Allen, Stephen Ireland, Ibrahim Afellay, Charlie Adam, Darren Fletcher, Tyrese Campbell, Thibaud Verlinden, Eric-Maxim Choupo-Moting, Julien Ngoy, Jesé, Mame Diouf, Bojan Krkic, Saido Berahino, Peter Crouch"
West Bromwich Albion,Premier League,2017-2018,20,"Alex Palmer, Ben Foster, Boaz Myhill, Ahmed Hegazy, Craig Dawson, Kane Wilson, Allan Nyom, Ali Gabr, Kyle Jameson, Max Melbourne, Nathan Ferguson, Kieran Gibbs, Jonny Evans, Gareth McAuley, Sam Field, Rekeem Harper, James McClean, Claudio Yacob, James Morrison, Jake Livermore, Chris Brunt, Gareth Barry, Grzegorz Krychowiak, Oliver Burke, Tyler Roberts, Salomón Rondón, Jay Rodríguez, Matt Phillips, Jonathan Leko, Rayhaan Tulloch, Daniel Sturridge, Hal Robson-Kanu, Nacer Chadli"
Manchester City,Premier League,2018-2019,1,"Ederson, Arijanet Murić, Daniel Grimshaw, Claudio Bravo, Eric García, John Stones, Oleksandr Zinchenko, Aymeric Laporte, Pablo Marí, Kyle Walker, Danilo, Philippe Sandler, Erik Palmer-Brown, Nicolás Otamendi, Benjamin Mendy, Cameron Humphreys, Luke Bolton, Eliaquim Mangala, Vincent Kompany, Phil Foden, Felix Nmecha, Bernardo Silva, Douglas Luiz, Aleix García, Kevin De Bruyne, Adrián Bernabé, İlkay Gündoğan, Claudio Gomes, Luka Ilic, Anthony Cáceres, Nabil Touaizi, Luke Brattan, Taylor Richards, Mix Diskerud, Fabian Delph, David Silva, Fernandinho, Brahim Díaz, Leroy Sané, Gabriel Jesus, Jack Harrison, Riyad Mahrez, Raheem Sterling, Patrick Roberts, Ian Poveda, Marlos Moreno, Sergio Agüero"
Liverpool FC,Premier League,2018-2019,2,"Caoimhín Kelleher, Alisson, Kamil Grabara, Simon Mignolet, Loris Karius, Ádám Bogdán, Trent Alexander-Arnold, Virgil van Dijk, Joe Gomez, Andrew Robertson, Ki-Jana Hoever, Alberto Moreno, Nathaniel Clyne, Dejan Lovren, Connor Randall, Joël Matip, Curtis Jones, Fabinho, Marko Grujić, Georginio Wijnaldum, Jordan Henderson, Xherdan Shaqiri, Naby Keïta, Alex Oxlade-Chamberlain, James Milner, Ben Woodburn, Adam Lallana, Isaac Christie-Davies, Dominic Solanke, Mohamed Salah, Harry Wilson, Sadio Mané, Roberto Firmino, Danny Ings, Rhian Brewster, Sheyi Ojo, Divock Origi, Rafael Camacho, Daniel Sturridge"
Chelsea FC,Premier League,2018-2019,3,"Marcin Bulka, Kepa Arrizabalaga, Jamie Cumming, Eduardo, Willy Caballero, Rob Green, Jamal Blackman, Marc Guéhi, Ola Aina, Antonio Rüdiger, Andreas Christensen, Emerson, Kurt Zouma, Abdul Rahman Baba, Matt Miazga, Marcos Alonso, César Azpilicueta, Kenneth Omeruo, Tomas Kalas, David Luiz, Michael Hector, Todd Kane, Gary Cahill, Conor Gallagher, Ethan Ampadu, Mateo Kovacic, Ruben Loftus-Cheek, Mario Pašalić, Jorginho, Ross Barkley, N'Golo Kanté, Davide Zappacosta, Lewis Baker, Tiemoué Bakayoko, Nathan, Marco van Ginkel, Lucas Piazón, George McEachran, Danilo Pantic, Cesc Fàbregas, Danny Drinkwater, Christian Pulisic, Callum Hudson-Odoi, Tammy Abraham, Álvaro Morata, Michy Batshuayi, Pedro, Olivier Giroud, Kenedy, Willian, Victor Moses, Gonzalo Higuaín, Eden Hazard, Charly Musonda Jr."
Tottenham Hotspur,Premier League,2018-2019,4,"Paulo Gazzaniga, Hugo Lloris, Michel Vorm, Alfie Whiteman, Davinson Sánchez, Juan Foyth, Kyle Walker-Peters, Cameron Carter-Vickers, Eric Dier, Ben Davies, Kieran Trippier, Serge Aurier, Timothy Eyoma, Danny Rose, Toby Alderweireld, Jan Vertonghen, Harry Winks, Oliver Skipp, Christian Eriksen, Dele Alli, Luke Amos, Moussa Sissoko, Josh Onomah, Victor Wanyama, Mousa Dembélé, George Marsh, Harry Kane, Heung-min Son, Vincent Janssen, Georges-Kevin N'Koudou, Lucas Moura, Kazaiah Sterling, Erik Lamela, Fernando Llorente"
Arsenal FC,Premier League,2018-2019,5,"Daniel Sappa, Mauricio Aquino, Maximiliano Gagliardo, Alejandro Rivero, Mateo Carabajal, Fabio Pereyra, Aníbal Leguizamón, Ulises Abreliano, Federico Milo, Franco Sbuttoni, Fernando Torrent, Leonardo Marchi, Rubén Zamponi, Emiliano Papa, Patricio Luce, Nicolás Giménez, Leonel Picco, Gastón Álvarez Suarez, Ezequiel Piovi, Alejo Antilef, Lucas Necul, Joel Soñora, Jesús Soraire, Emiliano Méndez, Ramiro López, Sebastián Balmaceda, Gonzalo Gómez, Lionel Laborda, Sebastián Lomónaco, Facundo Pons, Leandro Garate, Lautaro Parisi, Juan Manuel García, Juan Cruz Kaprof, Diego Chaves, Juan Carlos Lescano, Facundo Quintana, Ezequiel Cérica"
Manchester United,Premier League,2018-2019,6,"David de Gea, Joel Pereira, Sergio Romero, Lee Grant, Diogo Dalot, Luke Shaw, Victor Lindelöf, Axel Tuanzebe, Eric Bailly, Matteo Darmian, Chris Smalling, Brandon Williams, Ashley Young, Timothy Fosu-Mensah, Marcos Rojo, Cameron Borthwick-Jackson, Phil Jones, Antonio Valencia, Scott McTominay, James Garner, Angel Gomes, Andreas Pereira, Fred, Paul Pogba, Tahith Chong, Jesse Lingard, Nemanja Matić, Ander Herrera, Juan Mata, Marouane Fellaini, Mason Greenwood, Marcus Rashford, Romelu Lukaku, Anthony Martial, Alexis Sánchez, James Wilson"
Everton FC,Premier League,2018-2019,8,"Jordan Pickford, João Virgínia, Maarten Stekelenburg, Lucas Digne, Mason Holgate, Michael Keane, Kurt Zouma, Yerry Mina, Jonjoe Kenny, Tyias Browning, Séamus Coleman, Matthew Pennington, Brendan Galloway, Luke Garbutt, Cuco Martina, Ashley Williams, Leighton Baines, Phil Jagielka, Nikola Vlašić, André Gomes, Tom Davies, Beni Baningime, Idrissa Gueye, Kieran Dowell, Gylfi Sigurdsson, Muhamed Besic, James McCarthy, Morgan Schneiderlin, Ademola Lookman, Richarlison, Dominic Calvert-Lewin, Henry Onyekuru, Sandro Ramírez, Bernard, Cenk Tosun, Yannick Bolasie, Kevin Mirallas, Shani Tarashaj, Theo Walcott, Oumar Niasse"
Leicester City,Premier League,2018-2019,9,"Danny Ward, Kasper Schmeichel, Eldin Jakupović, Ben Chilwell, Harry Maguire, Çağlar Söyüncü, Ricardo Pereira, Filip Benkovic, Daniel Amartey, Josh Knight, Callum Elder, Danny Simpson, Wes Morgan, Jonny Evans, Christian Fuchs, Youri Tielemans, James Maddison, Wilfred Ndidi, Hamza Choudhury, Bartosz Kapustka, Nampalys Mendy, Matty James, George Thomas, Marc Albrighton, Vicente Iborra, Adrien Silva, Andy King, Khanya Leshabela, Harvey Barnes, Kelechi Iheanacho, Demarai Gray, Jamie Vardy, Fousseni Diabaté, Rachid Ghezzal, Islam Slimani, Leonardo Ulloa, Shinji Okazaki"
West Ham United,Premier League,2018-2019,10,"Adrián, Lukasz Fabianski, Issa Diop, Ben Johnson, Arthur Masuaku, Fabián Balbuena, Sam Byram, Aaron Cresswell, Reece Oxford, Angelo Ogbonna, Winston Reid, Pablo Zabaleta, Ryan Fredericks, Declan Rice, Josh Cullen, Edimilson Fernandes, Conor Coventry, Manuel Lanzini, Joe Powell, Pedro Obiang, Carlos Sánchez, Mark Noble, Samir Nasri, Jack Wilshere, Moses Makasi, Grady Diangana, Marko Arnautovic, Felipe Anderson, Andriy Yarmolenko, Michail Antonio, Xande Silva, Lucas Pérez, Chicharito, Jordan Hugill, Andy Carroll, Robert Snodgrass, Nathan Holland"
Watford FC,Premier League,2018-2019,11,"Daniel Bachmann, Pontus Dahlberg, Heurelho Gomes, Ben Foster, Ben Wilmot, Adam Masina, Dimitri Foulquier, Jorge Segura, Kiko Femenía, Christian Kabasele, Daryl Janmaat, Miguel Britos, Sebastian Prödl, Adrian Mariappa, Craig Cathcart, Marvin Zeegelaar, Jose Cholevas, Tommie Hoban, Abdoulaye Doucouré, Will Hughes, Kwasi Sibo, Domingos Quina, Roberto Pereyra, Nathaniel Chalobah, Marc Navarro, Tom Cleverley, Étienne Capoue, Dodi Lukébakio, Cucho Hernández, Ken Sema, Isaac Success, Gerard Deulofeu, Andre Gray, Filip Stuparevic, Adalberto Peñaranda, Obbi Oulare, Stefano Okaka, Jerome Sinclair, Troy Deeney"
Crystal Palace,Premier League,2018-2019,12,"Vicente Guaita, Julián Speroni, Wayne Hennessey, Dion Henry, Joe Tupper, Aaron Wan-Bissaka, Patrick van Aanholt, Joel Ward, Mamadou Sakho, James Tomkins, Scott Dann, Pape Souaré, Ryan Inniss, Martin Kelly, Sam Woods, Jeffrey Schlupp, Max Meyer, Jaïro Riedewald, Luka Milivojevic, Cheikhou Kouyaté, Jonny Williams, James McArthur, Nya Kirby, Jason Puncheon, Luke Dreher, Giovanni McGregor, Alexander Sørloth, Wilfried Zaha, Michy Batshuayi, Jordan Ayew, Christian Benteke, Jason Lokilo, Andros Townsend, Sullay Kaikai, Bakary Sako, Connor Wickham"
Newcastle United,Premier League,2018-2019,13,"Freddie Woodman, Martin Dúbravka, Karl Darlow, Rob Elliot, Nathan Harker, Fabian Schär, Jamaal Lascelles, Florian Lejeune, DeAndre Yedlin, Antonio Barreca, Kell Watts, Lewis Cass, Jamie Sterry, Ciaran Clark, Paul Dummett, Federico Fernández, Javier Manquillo, Sean Longstaff, Isaac Hayden, Sung-yueng Ki, Henri Saivet, Matt Ritchie, Jack Colback, Jonjo Shelvey, Mohamed Diamé, Achraf Lazaar, Jacob Murphy, Miguel Almirón, Ayoze Pérez, Joselu, Yoshinori Muto, Kenedy, Salomón Rondón, Dwight Gayle, Rolando Aarons, Christian Atsu, Callum Roberts"
AFC Bournemouth,Premier League,2018-2019,14,"Aaron Ramsdale, Mark Travers, Asmir Begovic, Artur Boruc, Nathan Aké, Tyrone Mings, Chris Mepham, Diego Rico, Adam Smith, Nathaniel Clyne, Steve Cook, Brad Smith, Jack Simpson, Simon Francis, Charlie Daniels, Lewis Cook, Jefferson Lerma, Matt Butcher, Nnamdi Ofoborh, Emerson Hyndman, Dan Gosling, Andrew Surman, Harry Arter, Kyle Taylor, Dominic Solanke, David Brooks, Sam Surridge, Callum Wilson, Alexandru Dobre, Ryan Fraser, Joshua King, Connor Mahoney, Lys Mousset, Jordon Ibe, Marc Pugh, Jermain Defoe, Junior Stanislas"
Burnley FC,Premier League,2018-2019,15,"Nick Pope, Tom Heaton, Joe Hart, Anders Lindegaard, Adam Legzdins, James Tarkowski, Charlie Taylor, Ben Gibson, Ben Mee, Kevin Long, Anthony Glennon, Ali Koiki, Matthew Lowton, Stephen Ward, Phil Bardsley, Aiden O'Neill, Ashley Westwood, Josh Benson, Robbie Brady, Jack Cork, Jeff Hendrick, Steven Defour, Dwight McNeil, Chris Wood, Matej Vydra, Jóhann Berg Gudmundsson, Nahki Wells, Ashley Barnes, Sam Vokes, Peter Crouch, Jonathan Walters, Aaron Lennon, Ntumba Massanka"
Southampton FC,Premier League,2018-2019,16,"Angus Gunn, Fraser Forster, Alex McCarthy, Harry Lewis, Jack Rose, Jan Bednarek, Alfie Jones, Matt Targett, Jannik Vestergaard, Wesley Hoedt, Yan Valery, Jack Stephens, Cédric Soares, Kayne Ramsay, Maya Yoshida, Sam McQueen, Ryan Bertrand, Pierre-Emile Højbjerg, James Ward-Prowse, Mario Lemina, Harrison Reed, Sofiane Boufal, Jordy Clasie, Oriol Romeu, Stuart Armstrong, Callum Slattery, Steven Davis, Jake Hesketh, Tyreke Johnson, Mohamed Elyounoussi, Danny Ings, Sam Gallagher, Nathan Redmond, Michael Obafemi, Manolo Gabbiadini, Guido Carrillo, Shane Long, Charlie Austin, Josh Sims, Marcus Barnes"
Cardiff City,Premier League,2018-2019,18,"Neil Etheridge, Alex Smithies, Brian Murphy, Ciaron Brown, Greg Cunningham, Bruno Ecuele Manga, Joe Bennett, Lee Peltier, Sean Morrison, Jazz Richards, Matthew Connolly, Sol Bamba, Cameron Coxe, Bobby De Cordova-Reid, Joe Ralls, Víctor Camarasa, Leandro Bacuna, Aron Gunnarsson, Kadeem Harris, Stuart O'Keefe, Harry Arter, Loïc Damour, Lloyd Humphries, Josh Murphy, Callum Paterson, Rhys Healey, Nathaniel Méndez-Laing, Omar Bogle, Danny Ward, Junior Hoilett, Lee Tomlin, Kenneth Zohore, Gary Madine, Oumar Niasse, Jack McKay"
Fulham FC,Premier League,2018-2019,19,"Sergio Rico, Marcus Bettinelli, Fabri, Ryan Sessegnon, Calum Chambers, Joe Bryan, Timothy Fosu-Mensah, Steven Sessegnon, Marcelo Djaló, Denis Odoi, Tim Ream, Cyrus Christie, Maxime Le Marchand, Alfie Mawson, Harvey Elliott, Frank Anguissa, Matt O'Riley, Luca de la Torre, Tom Cairney, Jean Michaël Seri, Kevin McDonald, Stefan Johansen, Håvard Nordtveit, Ibrahima Cissé, Aleksandar Mitrović, Luciano Vietto, Lazar Markovic, Aboubakar Kamara, Neeskens Kebano, Floyd Ayité, Ryan Babel, André Schürrle, Rui Fonte"
Huddersfield Town,Premier League,2018-2019,20,"Jonas Lössl, Ben Hamer, Joel Coleman, Ryan Schofield, Terence Kongolo, Zanka, Demeaco Duhaney, Tommy Smith, Chris Löwe, Christopher Schindler, Erik Durm, Philip Billing, Jon Gorenc Stankovic, Juninho Bacuna, Abdelhamid Sabiri, Florent Hadergjonaj, Ramadan Sobhi, Alex Pritchard, Jack Payne, Aaron Rowe, Jonathan Hogg, Aaron Mooy, Danny Williams, Matty Daly, Jason Puncheon, Karlan Grant, Steve Mounié, Isaac Mbenza, Adama Diakhaby, Rajiv van La Parra, Elias Kachunga, Laurent Depoitre, Collin Quaner"
Liverpool FC,Premier League,2019-2020,1,"Caoimhín Kelleher, Alisson, Vitezslav Jaros, Simon Mignolet, Loris Karius, Adrián, Andy Lonergan, Ben Winterbottom, Trent Alexander-Arnold, Sepp van den Berg, Neco Williams, Virgil van Dijk, Joe Gomez, Andrew Robertson, Ki-Jana Hoever, Nat Phillips, Yasser Larouci, Nathaniel Clyne, Dejan Lovren, James Norris, Adam Lewis, Morgan Boyes, Tony Gallacher, Tom Clayton, Joël Matip, Curtis Jones, Harvey Elliott, Fabinho, Pedro Chirivella, Georginio Wijnaldum, Jordan Henderson, Xherdan Shaqiri, Naby Keïta, Alex Oxlade-Chamberlain, Leighton Clarkson, Herbie Kane, James Milner, Elijah Dixon-Bonner, Ben Woodburn, Jake Cain, Isaac Christie-Davies, Jack Bearne, Adam Lallana, Mohamed Salah, Takumi Minamino, Sadio Mané, Roberto Firmino, Liam Millar, Rhian Brewster, Sheyi Ojo, Divock Origi, Layton Stewart, Joe Hardy, Luis Longstaff"
Manchester City,Premier League,2019-2020,2,"Ederson, Arijanet Murić, Claudio Bravo, Scott Carson, Eric García, Taylor Harwood-Bellis, Tosin Adarabioyo, John Stones, Angeliño, Oleksandr Zinchenko, João Cancelo, Aymeric Laporte, Kyle Walker, Nicolás Otamendi, Benjamin Mendy, Alpha Diounkou, Cole Palmer, Phil Foden, Rodri, Bernardo Silva, Adrián Bernabé, Kevin De Bruyne, Tommy Doyle, İlkay Gündoğan, Nabil Touaizi, David Silva, Fernandinho, Leroy Sané, Gabriel Jesus, Riyad Mahrez, Patrick Roberts, Raheem Sterling, Ian Poveda, Ryotaro Meshino, Sergio Agüero"
Manchester United,Premier League,2019-2020,3,"Matej Kovar, David de Gea, Joel Pereira, Sergio Romero, Lee Grant, Diogo Dalot, Aaron Wan-Bissaka, Harry Maguire, Luke Shaw, Victor Lindelöf, Axel Tuanzebe, Teden Mengi, Ethan Laird, Di'Shon Bernard, Eric Bailly, Brandon Williams, Ashley Young, Timothy Fosu-Mensah, Marcos Rojo, Cameron Borthwick-Jackson, Max Taylor, Phil Jones, Scott McTominay, Bruno Fernandes, James Garner, Angel Gomes, Andreas Pereira, Fred, Paul Pogba, Tahith Chong, Jesse Lingard, Nemanja Matić, Ethan Galbraith, Arnau Puigmal, Dylan Levitt, Juan Mata, Mason Greenwood, Marcus Rashford, Daniel James, Anthony Martial, Largie Ramazani, Odion Ighalo, D'Mani Mellor"
Chelsea FC,Premier League,2019-2020,4,"Kepa Arrizabalaga, Jamie Cumming, Willy Caballero, Marc Guéhi, Reece James, Ian Maatsen, Fikayo Tomori, Antonio Rüdiger, Andreas Christensen, Emerson, Tariq Lamptey, Kurt Zouma, Henry Lawrence, Marcos Alonso, César Azpilicueta, Dynel Simeu, Mason Mount, Billy Gilmour, Mateo Kovacic, Ruben Loftus-Cheek, Jorginho, Ross Barkley, Tino Anjorin, N'Golo Kanté, Davide Zappacosta, Lewis Bate, Marco van Ginkel, Christian Pulisic, Callum Hudson-Odoi, Tammy Abraham, Armando Broja, Michy Batshuayi, Pedro, Olivier Giroud, Kenedy, Willian"
Leicester City,Premier League,2019-2020,5,"Danny Ward, Kasper Schmeichel, Eldin Jakupović, James Justin, Ben Chilwell, Luke Thomas, Çağlar Söyüncü, Ricardo Pereira, Filip Benkovic, Daniel Amartey, Ryan Bennett, Darnell Johnson, Wes Morgan, Jonny Evans, Christian Fuchs, Youri Tielemans, James Maddison, Kiernan Dewsbury-Hall, Wilfred Ndidi, Hamza Choudhury, Dennis Praet, Bartosz Kapustka, Nampalys Mendy, Matty James, George Thomas, Marc Albrighton, Harvey Barnes, George Hirst, Ayoze Pérez, Kelechi Iheanacho, Demarai Gray, Jamie Vardy"
Tottenham Hotspur,Premier League,2019-2020,6,"Paulo Gazzaniga, Hugo Lloris, Brandon Austin, Michel Vorm, Alfie Whiteman, Ryan Sessegnon, Davinson Sánchez, Juan Foyth, Cameron Carter-Vickers, Kyle Walker-Peters, Dennis Cirkin, Eric Dier, Ben Davies, Japhet Tanganga, Serge Aurier, Danny Rose, Toby Alderweireld, Jan Vertonghen, Malachi Fagan-Walcott, Gedson Fernandes, Giovani Lo Celso, Harry Winks, Oliver Skipp, Christian Eriksen, Tanguy Ndombélé, Dele Alli, Harvey White, Moussa Sissoko, Victor Wanyama, Harry Kane, Troy Parrott, Heung-min Son, Steven Bergwijn, Georges-Kevin N'Koudou, Lucas Moura, Erik Lamela"
Arsenal FC,Premier League,2019-2020,8,"Daniel Sappa, Maximiliano Gagliardo, Alejandro Rivero, Darío Barbera, Joaquín Pombo, Mateo Carabajal, Gastón Suso, Ignacio Gariglio, Fabio Pereyra, Ulises Abreliano, Julián Navas, Fernando Torrent, Leonardo Marchi, Franco Sbuttoni, Pablo Álvarez, Héctor Igarzábal, Emiliano Papa, Rubén Zamponi, Nicolás Giménez, Leonel Picco, Gastón Álvarez Suarez, Ezequiel Piovi, Alejo Antilef, Alan Ruiz, Ramiro Luna, Lucas Necul, Joel Soñora, Nicolás Castro, Rodrigo Ramírez, Jeremías Denis, Ramiro Balbuena, Jesús Soraire, Emiliano Méndez, Diego Núñez, Facundo Kruspzky, Jhonatan Candia, Facundo Pons, Lautaro Parisi, Juan Manuel García, Juan Cruz Kaprof, Matías Belloso, Nicolás Miracco, Lucas Albertengo, Bruno Báez, Ezequiel Rescaldani, Ezequiel Cérica"
Sheffield United,Premier League,2019-2020,9,"Dean Henderson, Michael Verrips, Simon Moore, Jake Eastwood, Panagiotis Retsos, John Egan, Jack Robinson, Ben Heneghan, Enda Stevens, Richard Stearman, Kean Bryan, George Baldock, Jack O'Connell, Chris Basham, Phil Jagielka, Kieron Freeman, Jack Rodwell, Sander Berge, John Lundstram, Ben Osborn, Oliver Norwood, Muhamed Besic, John Fleck, Ravel Morrison, Luke Freeman, Oli McBurnie, Callum Robinson, Richairo Zivkovic, Lys Mousset, Billy Sharp, David McGoldrick, Ricky Holmes, Nathan Thomas, Leon Clarke"
Burnley FC,Premier League,2019-2020,10,"Nick Pope, Bailey Peacock-Farrell, Lukas Jensen, Joe Hart, Adam Legzdins, Bobby Thomas, James Tarkowski, Jimmy Dunne, Charlie Taylor, Ben Gibson, Ben Mee, Kevin Long, Anthony Glennon, Erik Pieters, Ali Koiki, Matthew Lowton, Phil Bardsley, Josh Brownhill, Ashley Westwood, Josh Benson, Robbie Brady, Danny Drinkwater, Mace Goodridge, Lewis Richardson, Jack Cork, Jeff Hendrick, Dwight McNeil, Chris Wood, Matej Vydra, Jóhann Berg Gudmundsson, Jay Rodríguez, Ashley Barnes, Joel Mumbongo, Max Thompson, Aaron Lennon"
Southampton FC,Premier League,2019-2020,11,"Angus Gunn, Fraser Forster, Alex McCarthy, Jack Rose, Harry Lewis, Kevin Danso, Kyle Walker-Peters, Jan Bednarek, Jannik Vestergaard, Yan Valery, Jack Stephens, Cédric Soares, Maya Yoshida, Jake Vokins, Ryan Bertrand, Sam McQueen, Pierre-Emile Højbjerg, James Ward-Prowse, Will Smallbone, Sofiane Boufal, Will Ferry, Oriol Romeu, Alexandre Jankewitz, Stuart Armstrong, Callum Slattery, Jacob Maddox, Jake Hesketh, Nathan Tella, Ché Adams, Mohamed Elyounoussi, Danny Ings, Moussa Djenepo, Nathan Redmond, Michael Obafemi, Dan Nlundulu, Shane Long"
Everton FC,Premier League,2019-2020,12,"Jordan Pickford, João Virgínia, Jonas Lössl, Maarten Stekelenburg, Jarrad Branthwaite, Lucas Digne, Mason Holgate, Michael Keane, Yerry Mina, Lewis Gibson, Jean-Philippe Gbamin, Djibril Sidibé, Séamus Coleman, Luke Garbutt, Cuco Martina, Leighton Baines, André Gomes, Tom Davies, Beni Baningime, Gylfi Sigurdsson, Muhamed Besic, Dennis Adeniran, Fabian Delph, Morgan Schneiderlin, Anthony Gordon, Moise Kean, Richarlison, Alex Iwobi, Dominic Calvert-Lewin, Ellis Simms, Bernard, Cenk Tosun, Yannick Bolasie, Theo Walcott, Oumar Niasse"
Newcastle United,Premier League,2019-2020,13,"Martin Dúbravka, Karl Darlow, Rob Elliot, Fabian Schär, Valentino Lazaro, Jamaal Lascelles, Florian Lejeune, Emil Krafth, DeAndre Yedlin, Jetro Willems, Kell Watts, Lewis Cass, Jamie Sterry, Liam Gibson, Ciaran Clark, Paul Dummett, Federico Fernández, Javier Manquillo, Danny Rose, Joelinton, Sean Longstaff, Nabil Bentaleb, Dan Barlaser, Matty Longstaff, Isaac Hayden, Sung-yueng Ki, Henri Saivet, Matt Ritchie, Jack Colback, Jack Young, Jonjo Shelvey, Jacob Murphy, Allan Saint-Maximin, Miguel Almirón, Elias Sørensen, Yoshinori Muto, Rolando Aarons, Andy Carroll, Dwight Gayle, Christian Atsu, Tom Allan"
Crystal Palace,Premier League,2019-2020,14,"Vicente Guaita, Wayne Hennessey, Stephen Henderson, Tyrick Mitchell, Patrick van Aanholt, Joel Ward, Nikola Tavares, Mamadou Sakho, Ryan Inniss, Sam Woods, James Tomkins, Scott Dann, Gary Cahill, Martin Kelly, Jeffrey Schlupp, Max Meyer, Jaïro Riedewald, Luka Milivojevic, Víctor Camarasa, Cheikhou Kouyaté, Nya Kirby, James McArthur, James McCarthy, Giovanni McGregor, Wilfried Zaha, Jordan Ayew, Christian Benteke, Cenk Tosun, Andros Townsend, John-Kymani Gordon, Connor Wickham, James Daly, Brandon Pierrick"
West Ham United,Premier League,2019-2020,16,"Joseph Anang, Lukasz Fabianski, Roberto, David Martin, Darren Randolph, Issa Diop, Ben Johnson, Arthur Masuaku, Jeremy Ngakia, Fabián Balbuena, Aaron Cresswell, Gonçalo Cardoso, Angelo Ogbonna, Winston Reid, Pablo Zabaleta, Ryan Fredericks, Declan Rice, Tomáš Souček, Pablo Fornals, Conor Coventry, Manuel Lanzini, Dan Kemp, Bernardo Rosa, Alfie Lewis, Carlos Sánchez, Mark Noble, Jack Wilshere, Jarrod Bowen, Grady Diangana, Felipe Anderson, Sébastien Haller, Andriy Yarmolenko, Albian Ajeti, Michail Antonio, Xande Silva, Chicharito, Nathan Holland, Robert Snodgrass"
Aston Villa,Premier League,2019-2020,17,"Ørjan Nyland, Tom Heaton, Lovre Kalinic, Jed Steer, Pepe Reina, Matija Sarkic, Ezri Konsa, Kaine Kesler-Hayden, Tyrone Mings, Matt Targett, James Bree, Frédéric Guilbert, Kortney Hause, Björn Engels, James Chester, Neil Taylor, Ahmed El Mohamady, Jacob Ramsey, Douglas Luiz, John McGinn, Marvelous Nakamba, Aaron Tshibola, Danny Drinkwater, Henri Lansbury, Conor Hourihane, Jack Grealish, Cameron Archer, Mahmoud Trezeguet, Keinan Davis, Indiana Vassilev, Wesley Moraes, Anwar El Ghazi, Ally Samatta, Borja Bastón, Andre Green, Rushian Hepburn-Murphy, Jonathan Kodjia, Jota Peleteiro"
AFC Bournemouth,Premier League,2019-2020,18,"Aaron Ramsdale, Mark Travers, Will Dennis, Artur Boruc, Lloyd Kelly, Nathan Aké, Chris Mepham, Jack Stacey, Diego Rico, Adam Smith, Steve Cook, Jack Simpson, Brennan Camp, Brooklyn Genesini, Simon Francis, Charlie Daniels, Corey Jordan, Lewis Cook, Jefferson Lerma, Philip Billing, Gavin Kilkenny, Matt Butcher, Nnamdi Ofoborh, Dan Gosling, Andrew Surman, Kyle Taylor, Dominic Solanke, Harry Wilson, David Brooks, Sam Surridge, Callum Wilson, Arnaut Danjuma, Alexandru Dobre, Ryan Fraser, Joshua King, Christian Saydee, Jordon Ibe, Jermain Defoe, Junior Stanislas"
Watford FC,Premier League,2019-2020,19,"Daniel Bachmann, Pontus Dahlberg, Adam Parkes, Heurelho Gomes, Ben Foster, Adam Masina, Dimitri Foulquier, Craig Dawson, Kiko Femenía, Christian Kabasele, Andi Janjeva, Sebastian Prödl, Mason Barrett, Daryl Janmaat, Adrian Mariappa, Craig Cathcart, Jose Cholevas, Jamal Balogun, Bayli Spencer-Adams, Abdoulaye Doucouré, Will Hughes, Tom Dele-Bashiru, Domingos Quina, Roberto Pereyra, Nathaniel Chalobah, Callum Whelan, Henry Wise, Tom Cleverley, Étienne Capoue, João Pedro, Ismaïla Sarr, Danny Welbeck, Ignacio Pussetto, Ken Sema, Sam Dalby, Isaac Success, Gerard Deulofeu, Joseph Hungbo, Andre Gray, Adalberto Peñaranda, Kaylen Hinds, Jayden Bennetts, Troy Deeney"
Norwich City,Premier League,2019-2020,20,"Ralf Fährmann, Archie Mair, Tim Krul, Michael McGovern, Ben Godfrey, Max Aarons, Jamal Lewis, Sam McCallum, Akin Famewo, Sam Byram, Grant Hanley, Philip Heise, Sean Raggett, Christoph Zimmermann, Timm Klose, Jordan Thomas, Emiliano Buendía, Ondrej Duda, Todd Cantwell, Ibrahim Amadou, Kenny McLean, Tom Trybull, Louis Thompson, Lukas Rupp, Daniel Adshead, Mario Vrancic, Moritz Leitner, Marco Stiepermann, Alexander Tettey, Adam Idah, Carlton Morris, Patrick Roberts, Onel Hernández, Teemu Pukki, Dennis Srbeny, Josip Drmic, Josh Martin, Mason Bloomfield"
Manchester City,Premier League,2020-2021,1,"James Trafford, Ederson, Zack Steffen, Scott Carson, Rúben Dias, Eric García, Taylor Harwood-Bellis, John Stones, Nathan Aké, Oleksandr Zinchenko, João Cancelo, Aymeric Laporte, Kyle Walker, Philippe Sandler, Nicolás Otamendi, Benjamin Mendy, Luke Mbete, Cole Palmer, Phil Foden, Rodri, Felix Nmecha, Bernardo Silva, Kevin De Bruyne, Adrián Bernabé, Tommy Doyle, İlkay Gündoğan, Claudio Gomes, Fernandinho, Ferran Torres, Liam Delap, Gabriel Jesus, Jack Harrison, Riyad Mahrez, Patrick Roberts, Raheem Sterling, Sergio Agüero"
Manchester United,Premier League,2020-2021,2,"Dean Henderson, David de Gea, Joel Pereira, Nathan Bishop, Sergio Romero, Lee Grant, Diogo Dalot, Aaron Wan-Bissaka, Harry Maguire, Luke Shaw, Victor Lindelöf, Axel Tuanzebe, Teden Mengi, Alex Telles, Eric Bailly, Brandon Williams, Will Fish, Timothy Fosu-Mensah, Phil Jones, Scott McTominay, Bruno Fernandes, Hannibal, Fred, Paul Pogba, Jesse Lingard, Donny van de Beek, Nemanja Matić, Ethan Galbraith, Juan Mata, Mason Greenwood, Amad Diallo, Anthony Elanga, Marcus Rashford, Daniel James, Anthony Martial, Facundo Pellistri, Shola Shoretire, Odion Ighalo, Edinson Cavani"
Liverpool FC,Premier League,2020-2021,3,"Caoimhín Kelleher, Alisson, Vitezslav Jaros, Harvey Davies, Adrián, Jakub Ojrzynski, Liam Hughes, Trent Alexander-Arnold, Sepp van den Berg, Neco Williams, Virgil van Dijk, Joe Gomez, Andrew Robertson, Konstantinos Tsimikas, Ozan Kabak, Nat Phillips, Ben Davies, Rhys Williams, Billy Koumetio, Joël Matip, Curtis Jones, Harvey Elliott, Fabinho, Marko Grujić, Georginio Wijnaldum, Jordan Henderson, Xherdan Shaqiri, Naby Keïta, Alex Oxlade-Chamberlain, Leighton Clarkson, James Milner, Ben Woodburn, Thiago Alcántara, Jake Cain, Mohamed Salah, Harry Wilson, Takumi Minamino, Sadio Mané, Roberto Firmino, Rhian Brewster, Sheyi Ojo, Divock Origi, Diogo Jota"
Chelsea FC,Premier League,2020-2021,4,"Kepa Arrizabalaga, Edouard Mendy, Nathan Baxter, Karlo Ziger, Jamal Blackman, Willy Caballero, Reece James, Tino Livramento, Fikayo Tomori, Antonio Rüdiger, Ben Chilwell, Andreas Christensen, Emerson, Kurt Zouma, Marcos Alonso, César Azpilicueta, Jake Clarke-Salter, Thiago Silva, Conor Gallagher, Mason Mount, Ethan Ampadu, Billy Gilmour, Mateo Kovacic, Ruben Loftus-Cheek, Jorginho, Ross Barkley, Tino Anjorin, N'Golo Kanté, Lewis Bate, Christian Pulisic, Kai Havertz, Callum Hudson-Odoi, Tammy Abraham, Michy Batshuayi, Timo Werner, Hakim Ziyech, Olivier Giroud, Charly Musonda Jr., Izzy Brown"
Leicester City,Premier League,2020-2021,5,"Jakub Stolarczyk, Danny Ward, Kasper Schmeichel, Eldin Jakupović, Wesley Fofana, James Justin, Timothy Castagne, Çağlar Söyüncü, Luke Thomas, Ricardo Pereira, Daniel Amartey, Josh Knight, Ben Nelson, Sam Hughes, Vontae Daley-Campbell, Wes Morgan, Jonny Evans, Christian Fuchs, Shane Flynn, Youri Tielemans, James Maddison, Kiernan Dewsbury-Hall, Wilfred Ndidi, Hamza Choudhury, Dennis Praet, Sidnei Tavares, Nampalys Mendy, Thanawat Suengchitthawon, Matty James, Marc Albrighton, Khanya Leshabela, Ethan Fitzhugh, Harvey Barnes, Cengiz Ünder, Ayoze Pérez, Kelechi Iheanacho, Demarai Gray, Jamie Vardy, Tawanda Maswanhise, Islam Slimani"
West Ham United,Premier League,2020-2021,6,"Nathan Trott, Lukasz Fabianski, David Martin, Darren Randolph, Issa Diop, Ben Johnson, Frederik Alves, Vladimír Coufal, Arthur Masuaku, Fabián Balbuena, Harrison Ashby, Aji Alese, Craig Dawson, Emmanuel Longelo, Aaron Cresswell, Gonçalo Cardoso, Jamal Baptiste, Angelo Ogbonna, Winston Reid, Ryan Fredericks, Declan Rice, Tomáš Souček, Pablo Fornals, Josh Cullen, Jesse Lingard, Conor Coventry, Manuel Lanzini, Mark Noble, Jack Wilshere, Jarrod Bowen, Saïd Benrahma, Felipe Anderson, Oladapo Afolayan, Sébastien Haller, Andriy Yarmolenko, Michail Antonio, Xande Silva, Mipo Odubeko, Robert Snodgrass, Nathan Holland"
Tottenham Hotspur,Premier League,2020-2021,7,"Paulo Gazzaniga, Hugo Lloris, Brandon Austin, Joe Hart, Alfie Whiteman, Ryan Sessegnon, Davinson Sánchez, Cameron Carter-Vickers, Joe Rodon, Dennis Cirkin, Eric Dier, Sergio Reguilón, Ben Davies, Japhet Tanganga, Matt Doherty, Serge Aurier, Danny Rose, Toby Alderweireld, Marcel Lavinier, Pierre-Emile Højbjerg, Gedson Fernandes, Giovani Lo Celso, Oliver Skipp, Harry Winks, Alfie Devine, Tanguy Ndombélé, Dele Alli, Harvey White, Nile John, Moussa Sissoko, Jamie Bowden, Harry Kane, Heung-min Son, Jack Clarke, Steven Bergwijn, Carlos Vinícius, Lucas Moura, Dane Scarlett, Dilan Markanday, Gareth Bale, Erik Lamela"
Arsenal FC,Premier League,2020-2021,8,"Daniel Sappa, Alejandro Medina, Nicolás Navarro, Alejandro Rivero, Lautaro Bursich, Gastón Benavídez, Joaquín Pombo, Mateo Carabajal, Lucas Suárez, Gonzalo Goñi, Gastón Suso, Ignacio Gariglio, Ulises Abreliano, Julián Navas, Áxel Carrión, Emiliano Papa, Jonathan Bottinelli, Tadeo Rodríguez, Franco Martínez, Leonel Picco, Alejo Antilef, Brian Farioli, Alan Ruiz, Valentín Larralde, Ramiro Luna, Gonzalo Muscia, Gastón Mansilla, Lucas Necul, Juan Andrada, Dardo Miloc, Nicolás Castro, Jesús Soraire, Emiliano Méndez, Tomás Magnano, Agustín Maciel, Jorge Ortiz, Maximiliano Rogoski, Facundo Kruspzky, Emiliano Viveros, Jhonatan Candia, Facundo Pons, Bruno Sepúlveda, Matías Belloso, Nicolás Mazzola, Nicolás Miracco, Lucas Albertengo, Bruno Báez, Diego Buceta"
Leeds United,Premier League,2020-2021,9,"Elia Caprile, Illan Meslier, Kiko Casilla, Pascal Struijk, Leif Davis, Robin Koch, Charlie Cresswell, Diego Llorente, Cody Drameh, Jamie Shackleton, Ezgjan Alioski, Niall Huggins, Oliver Casey, Luke Ayling, Liam Cooper, Barry Douglas, Gaetano Berardi, Mateusz Bogusz, Kalvin Phillips, Alfie McCalmont, Mateusz Klich, Robbie Gotts, Adam Forshaw, Eunan O'Kane, Ouasim Bouy, Jordan Stevens, Stuart Dallas, Jack Jenkins, Raphinha, Crysencio Summerville, Jack Harrison, Joe Gelhardt, Rodrigo, Sam Greenwood, Tyler Roberts, Patrick Bamford, Ian Poveda, Hélder Costa, Pablo Hernández"
Everton FC,Premier League,2020-2021,10,"Jordan Pickford, João Virgínia, Robin Olsen, Zan Luk Leban, Harry Tyrer, Jonas Lössl, Jarrad Branthwaite, Lucas Digne, Ben Godfrey, Mason Holgate, Michael Keane, Niels Nkounkou, Yerry Mina, Thierry Small, Jonjoe Kenny, Jean-Philippe Gbamin, Ryan Astley, Séamus Coleman, Matthew Pennington, Reece Welch, Kyle John, Isaac Price, Abdoulaye Doucouré, André Gomes, Tom Davies, James Rodríguez, Beni Baningime, Allan, Gylfi Sigurdsson, Tyler Onyango, Muhamed Besic, Fabian Delph, Anthony Gordon, Moise Kean, Richarlison, Alex Iwobi, Dominic Calvert-Lewin, Ellis Simms, Nathan Broadhead, Joshua King, Bernard, Cenk Tosun, Yannick Bolasie, Theo Walcott"
Aston Villa,Premier League,2020-2021,11,"Emiliano Martínez, Oliwier Zych, Ørjan Nyland, Tom Heaton, Lovre Kalinic, Ákos Onódi, Jed Steer, Ezri Konsa, Matty Cash, Tyrone Mings, Kaine Kesler-Hayden, Matt Targett, Ben Chrisene, Frédéric Guilbert, Kortney Hause, Sil Swinkels, Björn Engels, Neil Taylor, Ahmed El Mohamady, Mungo Bridge, Dominic Revan, Jacob Ramsey, Douglas Luiz, Carney Chukwuemeka, John McGinn, Lamare Bogarde, Ross Barkley, Morgan Sanson, Marvelous Nakamba, Harrison Sohna, Henri Lansbury, Conor Hourihane, Jake Walker, Callum Rowe, Arjan Raikhy, Mamadou Sylla, Hayden Lindley, Ollie Watkins, Jack Grealish, Jaden Philogene, Bertrand Traoré, Trezeguet, Keinan Davis, Louie Barry, Wesley Moraes, Anwar El Ghazi, Ally Samatta, Brad Young, Jota Peleteiro, Michael Tait"
Newcastle United,Premier League,2020-2021,12,"Freddie Woodman, Martin Dúbravka, Karl Darlow, Mark Gillespie, Dan Langley, Fabian Schär, Jamaal Lascelles, Jamal Lewis, Emil Krafth, DeAndre Yedlin, Ciaran Clark, Paul Dummett, Federico Fernández, Javier Manquillo, Elliot Anderson, Joelinton, Sean Longstaff, Joe Willock, Dan Barlaser, Matty Longstaff, Isaac Hayden, Henri Saivet, Matt Ritchie, Jonjo Shelvey, Jeff Hendrick, Jacob Murphy, Allan Saint-Maximin, Miguel Almirón, Callum Wilson, Ryan Fraser, Andy Carroll, Dwight Gayle, Christian Atsu"
Wollongong Wolves FC,Premier League,2020-2021,13,"Aidan Munford, Tomas Butkovic, Hayden Durose, Banri Kanaizumi, Evan Ball, Jacob Garner, Nicholas Littler, Keanu Ismic, Darcy Madden, Taylor McDonald, Bilal Belkadi, Marcus Beattie, Nikola Djordjevic, Daniel Loe, Brenden Griffin, Jake Lavalle, Ethan Kambisios, Fletcher Mcfarlane, Harrison Taranto, Navarone Darjani, Nicholas Duarte, Josh MacDonald, Van Elia, Lachlan Scott, Thomas James, Peter Simonoski, Lewis Grimshaw, Leroy Jennings, Hamish Lamberton, Liam Willie, Stefan Dimoski"
Crystal Palace,Premier League,2020-2021,14,"Jack Butland, Vicente Guaita, Wayne Hennessey, Stephen Henderson, Tyrick Mitchell, Nathaniel Clyne, Patrick van Aanholt, Joel Ward, Mamadou Sakho, Jaroslaw Jach, James Tomkins, Scott Dann, Gary Cahill, Martin Kelly, Sam Woods, Nathan Ferguson, Reece Hannam, Ryan Inniss, Eberechi Eze, Jeffrey Schlupp, Max Meyer, Jaïro Riedewald, Luka Milivojevic, Cheikhou Kouyaté, James McArthur, James McCarthy, Nya Kirby, Jean-Philippe Mateta, Jesurun Rak-Sakyi, Wilfried Zaha, Michy Batshuayi, Jordan Ayew, Christian Benteke, Andros Townsend, Connor Wickham, Brandon Pierrick"
Southampton FC,Premier League,2020-2021,15,"Angus Gunn, Fraser Forster, Alex McCarthy, Harry Lewis, Kyle Walker-Peters, Jan Bednarek, Mohammed Salisu, Jannik Vestergaard, Yan Valery, Jack Stephens, Kayne Ramsay, Allan Tchaptchet, Ryan Bertrand, Jake Vokins, Sam McQueen, Mario Lemina, James Ward-Prowse, Will Smallbone, Ibrahima Diallo, Will Ferry, Oriol Romeu, Stuart Armstrong, Alexandre Jankewitz, Kegs Chauke, Caleb Watts, Ryan Finnigan, Jake Hesketh, Nathan Tella, Takumi Minamino, Ché Adams, Mohamed Elyounoussi, Danny Ings, Nathan Redmond, Moussa Djenepo, Michael Obafemi, Dan Nlundulu, Shane Long, Theo Walcott, Josh Sims"
Burnley FC,Premier League,2020-2021,17,"Nick Pope, Bailey Peacock-Farrell, Will Norris, Bobby Thomas, James Tarkowski, Jimmy Dunne, Charlie Taylor, Ben Gibson, Ben Mee, Kevin Long, Anthony Glennon, Erik Pieters, Matthew Lowton, Phil Bardsley, Richard Nartey, Josh Brownhill, Ashley Westwood, Josh Benson, Robbie Brady, Jack Cork, Dale Stephens, Anthony Gomez-Mancini, Lewis Richardson, Mace Goodridge, Dwight McNeil, Chris Wood, Matej Vydra, Jóhann Berg Gudmundsson, Jay Rodríguez, Ashley Barnes, Max Thompson, Joel Mumbongo"
Fulham FC,Premier League,2020-2021,18,"Alphonse Areola, Marek Rodák, Marcus Bettinelli, Fabri, Antonee Robinson, Joachim Andersen, Tosin Adarabioyo, Ola Aina, Kenny Tete, Joe Bryan, Terence Kongolo, Steven Sessegnon, Denis Odoi, Tim Ream, Michael Hector, Cyrus Christie, Alfie Mawson, Maxime Le Marchand, Frank Anguissa, Fábio Carvalho, Ruben Loftus-Cheek, Mario Lemina, Harrison Reed, Bobby De Cordova-Reid, Tom Cairney, Josh Onomah, Tyrese Francois, Jean Michaël Seri, Kevin McDonald, Stefan Johansen, Ademola Lookman, Aleksandar Mitrović, Josh Maja, Sylvester Jasper, Ivan Cavaleiro, Aboubakar Kamara, Neeskens Kebano, Anthony Knockaert"
West Bromwich Albion,Premier League,2020-2021,19,"Sam Johnstone, Alex Palmer, Jonathan Bond, David Button, Andy Lonergan, Dara O'Shea, Ainsley Maitland-Niles, Darnell Furlong, Cédric Kipré, Taylor Gardner-Hickman, Caleb Taylor, Ahmed Hegazy, Semi Ajayi, Conor Townsend, George Harmon, Kieran Gibbs, Kyle Bartley, Branislav Ivanovic, Lee Peltier, Conor Gallagher, Matheus Pereira, Tim Iroegbunam, Sam Field, Filip Krovinovic, Okay Yokuşlu, Rekeem Harper, Rico Richards, Romaine Sawyers, Jake Livermore, Toby King, Grady Diangana, Karlan Grant, Callum Robinson, Mbaye Diagne, Kamil Grosicki, Matt Phillips, Kyle Edwards, Kenneth Zohore, Hal Robson-Kanu, Charlie Austin, Robert Snodgrass, Jamie Soule, Cheikh Diaby"
Sheffield United,Premier League,2020-2021,20,"Aaron Ramsdale, Michael Verrips, Wes Foderingham, Simon Moore, Jake Eastwood, Jayden Bogle, Femi Seriki, Rhys Norrington-Davies, Max Lowe, John Egan, Jack Robinson, Enda Stevens, George Baldock, Jack O'Connell, Chris Basham, Phil Jagielka, Jack Rodwell, Kean Bryan, Kyron Gordon, Harry Boyes, Sander Berge, Ethan Ampadu, Regan Slater, John Lundstram, Ben Osborn, Oliver Norwood, John Fleck, Luke Freeman, Frankie Maguire, Iliman Ndiaye, William Osula, Oliver Burke, Daniel Jebbison, Rhian Brewster, Oli McBurnie, Antwoine Hackford, Lys Mousset, Billy Sharp, David McGoldrick, Zak Brunt"
Manchester City,Premier League,2021-2022,1,"Ederson, Zack Steffen, Cieran Slicker, Scott Carson, Rúben Dias, John Stones, Nathan Aké, Oleksandr Zinchenko, CJ Egan-Riley, João Cancelo, Aymeric Laporte, Josh Wilson-Esbrand, Kyle Walker, Philippe Sandler, Finley Burns, Benjamin Mendy, Luke Mbete, Cole Palmer, Phil Foden, Rodri, Roméo Lavia, Bernardo Silva, James McAtee, Yan Couto, Kevin De Bruyne, Tommy Doyle, İlkay Gündoğan, Claudio Gomes, Fernandinho, Ferran Torres, Liam Delap, Jack Grealish, Oscar Bobb, Gabriel Jesus, Riyad Mahrez, Kayky, Raheem Sterling, Samuel Edozie, Ben Knight"
Liverpool FC,Premier League,2021-2022,2,"Caoimhín Kelleher, Alisson, Loris Karius, Harvey Davies, Adrián, Marcelo Pitaluga, Liam Hughes, Trent Alexander-Arnold, Ibrahima Konaté, Jarell Quansah, Conor Bradley, Sepp van den Berg, Neco Williams, Virgil van Dijk, Joe Gomez, Andrew Robertson, Konstantinos Tsimikas, Nat Phillips, Ben Davies, Owen Beck, Rhys Williams, Billy Koumetio, James Norris, Joël Matip, Isaac Mabaya, Curtis Jones, Harvey Elliott, Tyler Morton, Fabinho, Jordan Henderson, Naby Keïta, Alex Oxlade-Chamberlain, James Milner, Elijah Dixon-Bonner, Ben Woodburn, Thiago Alcántara, James Balagizi, Luis Díaz, Mohamed Salah, Takumi Minamino, Sadio Mané, Roberto Firmino, Kaide Gordon, Sheyi Ojo, Divock Origi, Harvey Blair, Melkamu Frauendorf, Diogo Jota, Max Woltman"
Chelsea FC,Premier League,2021-2022,3,"Kepa Arrizabalaga, Edouard Mendy, Lucas Bergström, Teddy Sharman-Lowe, Marcus Bettinelli, Reece James, Trevoh Chalobah, Lewis Hall, Antonio Rüdiger, Ben Chilwell, Emerson, Andreas Christensen, Malang Sarr, Kurt Zouma, Abdul Rahman Baba, Marcos Alonso, César Azpilicueta, Xavier Mbuyamba, Jake Clarke-Salter, Thiago Silva, Dylan Williams, Mason Mount, Billy Gilmour, Mateo Kovacic, Ruben Loftus-Cheek, Jorginho, Ross Barkley, N'Golo Kanté, Saúl Ñíguez, Harvey Vale, Lewis Baker, Xavier Simons, Charlie Webster, Danny Drinkwater, Christian Pulisic, Kai Havertz, Callum Hudson-Odoi, Romelu Lukaku, Tammy Abraham, Timo Werner, Hakim Ziyech, Kenedy, Jude Soonsup-Bell, Charly Musonda Jr."
Tottenham Hotspur,Premier League,2021-2022,4,"Hugo Lloris, Pierluigi Gollini, Brandon Austin, Cristian Romero, Ryan Sessegnon, Davinson Sánchez, Cameron Carter-Vickers, Joe Rodon, Emerson Royal, Eric Dier, Sergio Reguilón, Ben Davies, Maksim Paskotsi, Japhet Tanganga, Matt Doherty, Brooklyn Lyons-Foster, Tobi Omole, Marcel Lavinier, Malachi Fagan-Walcott, Dejan Kulusevski, Rodrigo Bentancur, Pierre-Emile Højbjerg, Giovani Lo Celso, Harry Winks, Oliver Skipp, Alfie Devine, Tanguy Ndombélé, Dele Alli, Michael Craig, Harvey White, Nile John, Moussa Sissoko, Matthew Craig, Kallum Cesay, Jamie Bowden, Harry Kane, Heung-min Son, Jack Clarke, Bryan Gil, Steven Bergwijn, Romaine Mundle, Lucas Moura, Dane Scarlett, Dilan Markanday, J'Neil Bennett"
Arsenal FC,Premier League,2021-2022,5,"Axel Werner, Joaquin Bigo, Alejandro Medina, Alejandro Rivero, Joaquín Pombo, Lucas Suárez, Gonzalo Goñi, Ignacio Gariglio, Gustavo Canto, Iván Cabrera, Damián Pérez, Julián Navas, Leonardo Marchi, Cristian Chimino, Franco Martínez, Áxel Carrión, Leonel Picco, Mauro Pittón, Alejo Antilef, Braian Rivero, Braian Sánchez, Dardo Miloc, William Machado, Agustín Maciel, Facundo Kruspzky, Alexander Díaz, Emiliano Viveros, Sebastián Lomónaco, Edwin Torres, Lucas Cano, Francisco Apaolaza, Lucas Brochero, Juan Peinipil, Cristian Colmán, Joaquín Ibáñez, Shayr Mohamed"
Manchester United,Premier League,2021-2022,6,"Dean Henderson, Matej Kovar, David de Gea, Tom Heaton, Lee Grant, Álvaro Carreras, Diogo Dalot, Aaron Wan-Bissaka, Harry Maguire, Luke Shaw, Victor Lindelöf, Teden Mengi, Alex Telles, Eric Bailly, Brandon Williams, Björn Hardley, Phil Jones, Raphaël Varane, Scott McTominay, Bruno Fernandes, James Garner, Andreas Pereira, Hannibal, Fred, Paul Pogba, Tahith Chong, Zidane Iqbal, Jesse Lingard, Donny van de Beek, Nemanja Matić, Charlie Savage, Juan Mata, Mason Greenwood, Amad Diallo, Anthony Elanga, Alejandro Garnacho, Marcus Rashford, Jadon Sancho, Daniel James, Cristiano Ronaldo, Anthony Martial, Shola Shoretire, Edinson Cavani"
West Ham United,Premier League,2021-2022,7,"Alphonse Areola, Lukasz Fabianski, David Martin, Darren Randolph, Issa Diop, Ben Johnson, Kurt Zouma, Vladimír Coufal, Arthur Masuaku, Harrison Ashby, Aji Alese, Craig Dawson, Emmanuel Longelo, Aaron Cresswell, Jamal Baptiste, Angelo Ogbonna, Ryan Fredericks, Declan Rice, Tomáš Souček, Nikola Vlašić, Pablo Fornals, Freddie Potts, Alex Král, Pierre Ekwah, Conor Coventry, Manuel Lanzini, Ossama Ashley, Dan Chesters, Kamarai Swyer, Mark Noble, Keenan Appiah-Forson, Jarrod Bowen, Saïd Benrahma, Andriy Yarmolenko, Sonny Perkins, Michail Antonio, Armstrong Oko-Flex"
Leicester City,Premier League,2021-2022,8,"Jakub Stolarczyk, Danny Ward, Kasper Schmeichel, Chituru Odunze, Eldin Jakupović, Wesley Fofana, James Justin, Timothy Castagne, Çağlar Söyüncü, Luke Thomas, Ricardo Pereira, Jannik Vestergaard, Filip Benkovic, Daniel Amartey, Lewis Brunt, Ben Nelson, Sam Hughes, Vontae Daley-Campbell, Ryan Bertrand, Jonny Evans, Youri Tielemans, James Maddison, Kiernan Dewsbury-Hall, Kasey McAteer, Boubakary Soumaré, Wilfred Ndidi, Hamza Choudhury, Dennis Praet, Nampalys Mendy, Will Alves, Sammy Braybrooke, Marc Albrighton, Oliver Ewing, Ademola Lookman, Harvey Barnes, Patson Daka, Ayoze Pérez, Kelechi Iheanacho, Jamie Vardy, Wanya Marçal"
Wollongong Wolves FC,Premier League,2021-2022,10,"Hayden Durose, Tomas Butkovic, Banri Kanaizumi, Darcy Madden, Marcus Beattie, Nikola Djordjevic, Senna Stevenson, Nicholas Littler, Takumu Tsujimura, Brenden Griffin, Jake Lavalle, Harrison Taranto, Navarone Darjani, Guy Knight, Kuot Maliet, Nicholas Kalule, Daniel Goni, Nicholas Duarte, Josh MacDonald, Lachlan Scott, Leroy Jennings, Peter Simonoski"
Newcastle United,Premier League,2021-2022,11,"Freddie Woodman, Martin Dúbravka, Karl Darlow, Mark Gillespie, Fabian Schär, Dan Burn, Matt Targett, Kieran Trippier, Jamaal Lascelles, Jamal Lewis, Emil Krafth, Ciaran Clark, Paul Dummett, Federico Fernández, Javier Manquillo, Bruno Guimarães, Elliot Anderson, Joelinton, Sean Longstaff, Joe Willock, Matty Longstaff, Isaac Hayden, Joe White, Matt Ritchie, Lucas De Bolle, Jonjo Shelvey, Jeff Hendrick, Jacob Murphy, Allan Saint-Maximin, Miguel Almirón, Chris Wood, Callum Wilson, Ryan Fraser, Dwight Gayle"
Crystal Palace,Premier League,2021-2022,12,"Jack Butland, Vicente Guaita, Remi Matthews, Marc Guéhi, Tyrick Mitchell, Joachim Andersen, Tayo Adaramola, Nathaniel Clyne, Joel Ward, Jaroslaw Jach, Reece Hannam, James Tomkins, Martin Kelly, Nathan Ferguson, Eberechi Eze, Conor Gallagher, Will Hughes, Jeffrey Schlupp, Jaïro Riedewald, Luka Milivojevic, Cheikhou Kouyaté, Jack Wells-Morrison, James McArthur, Michael Olise, Jean-Philippe Mateta, Odsonne Édouard, Jesurun Rak-Sakyi, Wilfried Zaha, Jordan Ayew, Christian Benteke, Luke Plange, Scott Banks, Robert Street"
Brentford FC,Premier League,2021-2022,13,"David Raya, Álvaro Fernández, Matthew Cox, Patrik Gunnarsson, Ellery Balcombe, Jonas Lössl, Kristoffer Ajer, Rico Henry, Mads Bech Sørensen, Mads Roerslev, Ethan Pinnock, Pontus Jansson, Daniel Oyegoke, Fin Stevens, Dominic Thompson, Zanka, Charlie Goode, Julian Jeanvier, Vitaly Janelt, Mads Bidstrup, Mathias Jensen, Christian Nørgaard, Frank Onyeka, Christian Eriksen, Josh Dasilva, Shandon Baptiste, Saman Ghoddos, Myles Peart-Harris, Paris Maghoma, Bryan Mbeumo, Yoane Wissa, Ivan Toney, Marcus Forss, Sergi Canós, Halil Dervişoğlu, Tariqe Fosu, Max Haygarth, Nathan Young-Coombes"
Aston Villa,Premier League,2021-2022,14,"Emiliano Martínez, Viljami Sinisalo, Filip Marschall, Robin Olsen, Jed Steer, Ezri Konsa, Matty Cash, Lucas Digne, Axel Tuanzebe, Tyrone Mings, Kaine Kesler-Hayden, Matt Targett, Ben Chrisene, Calum Chambers, Frédéric Guilbert, Kortney Hause, Josh Feeney, Ashley Young, Sil Swinkels, Jacob Ramsey, Douglas Luiz, Carney Chukwuemeka, Emiliano Buendía, John McGinn, Lamare Bogarde, Tim Iroegbunam, Aaron Ramsey, Morgan Sanson, Philippe Coutinho, Marvelous Nakamba, Tommi O'Reilly, Conor Hourihane, Hayden Lindley, Ollie Watkins, Leon Bailey, Jaden Philogene, Cameron Archer, Bertrand Traoré, Mahmoud Trezeguet, Keinan Davis, Danny Ings, Wesley Moraes, Anwar El Ghazi, Caleb Chukwuemeka"
Southampton FC,Premier League,2021-2022,15,"Fraser Forster, Alex McCarthy, Willy Caballero, Harry Lewis, Tino Livramento, Kyle Walker-Peters, Jan Bednarek, Mohammed Salisu, Romain Perraud, Lyanco, Thierry Small, Yan Valery, Jack Stephens, Dynel Simeu, James Ward-Prowse, Will Smallbone, Ibrahima Diallo, Oriol Romeu, Stuart Armstrong, Kegs Chauke, Tyler Dibling, Nathan Tella, Armando Broja, Adam Armstrong, Ché Adams, Kazeem Olaigbe, Mohamed Elyounoussi, Nathan Redmond, Moussa Djenepo, Michael Obafemi, Dan Nlundulu, Shane Long, Theo Walcott"
Everton FC,Premier League,2021-2022,16,"Jordan Pickford, Harry Tyrer, Asmir Begovic, Andy Lonergan, Jarrad Branthwaite, Vitaliy Mykolenko, Nathan Patterson, Lucas Digne, Ben Godfrey, Michael Keane, Niels Nkounkou, Mason Holgate, Yerry Mina, Jonjoe Kenny, Jean-Philippe Gbamin, Ryan Astley, Séamus Coleman, Reece Welch, Isaac Price, Abdoulaye Doucouré, André Gomes, Tom Davies, Donny van de Beek, Allan, Dele Alli, Gylfi Sigurdsson, Tyler Onyango, Charlie Whitaker, Fabian Delph, Anthony Gordon, Moise Kean, Richarlison, Alex Iwobi, Dominic Calvert-Lewin, Ellis Simms, Nathan Broadhead, Demarai Gray, Lewis Dobbin, Anwar El Ghazi, Andros Townsend, Cenk Tosun, Salomón Rondón"
Leeds United,Premier League,2021-2022,17,"Illan Meslier, Kristoffer Klaesson, Leif Davis, Pascal Struijk, Robin Koch, Charlie Cresswell, Junior Firpo, Diego Llorente, Cody Drameh, Leo Hjelde, Jamie Shackleton, Luke Ayling, Liam Cooper, Liam McCarron, Kris Moore, Archie Gray, Kalvin Phillips, Lewis Bate, Mateusz Klich, Nohan Kenneh, Adam Forshaw, Stuart Dallas, Stuart McKinstry, Jack Jenkins, Raphinha, Crysencio Summerville, Daniel James, Jack Harrison, Joe Gelhardt, Rodrigo, Sam Greenwood, Tyler Roberts, Patrick Bamford, Ian Poveda, Hélder Costa"
Burnley FC,Premier League,2021-2022,18,"Nick Pope, Bailey Peacock-Farrell, Lukas Jensen, Will Norris, Sam Waller, Wayne Hennessey, Nathan Collins, Bobby Thomas, James Tarkowski, Connor Roberts, Charlie Taylor, Ben Mee, Owen Dodgson, Kevin Long, Erik Pieters, Matthew Lowton, Phil Bardsley, Josh Brownhill, Ashley Westwood, Mark Helm, Lewis Richardson, Anthony Gomez-Mancini, Jack Cork, Dale Stephens, Dwight McNeil, Chris Wood, Maxwel Cornet, Wout Weghorst, Matej Vydra, Dara Costelloe, Jóhann Berg Gudmundsson, Jay Rodríguez, Ashley Barnes, Aaron Lennon, Joe McGlynn"
Watford FC,Premier League,2021-2022,19,"Daniel Bachmann, Pontus Dahlberg, Vincent Angelini, Ben Foster, Rob Elliot, Hassane Kamara, Jeremy Ngakia, Samir Caetano, Mattie Pollock, Francisco Sierralta, Adam Masina, William Troost-Ekong, Kiko Femenía, Christian Kabasele, Derek Agyakwa, James Morris, Nicolas N'Koulou, Danny Rose, Craig Cathcart, Imrân Louza, Edo Kayembe, Tom Dele-Bashiru, Ozan Tufan, Domingos Quina, Jaime Alvarado, Kamil Conteh, Peter Etebo, Moussa Sissoko, Tom Cleverley, Dan Gosling, Juraj Kucka, João Pedro, Ismaïla Sarr, Cucho Hernández, Philip Zinckernagel, Adrian Blake, Kwadwo Baah, Emmanuel Dennis, Joshua King, Samuel Kalu, Ken Sema, Andre Gray, Tiago Çukur, Ashley Fletcher, Shaq Forde, Jack Grieves, Troy Deeney"
Norwich City,Premier League,2021-2022,20,"Angus Gunn, Jon McCracken, Aston Oxborough, Daniel Barden, Tim Krul, Michael McGovern, Andrew Omobamidele, Ozan Kabak, Max Aarons, Dimitrios Giannoulis, Bali Mumba, Sam McCallum, Brandon Williams, Rocky Bushiri, Akin Famewo, Ben Gibson, Sam Byram, Grant Hanley, Jonathan Tomkinson, Christoph Zimmermann, Billy Gilmour, Pierre Lees-Melou, Todd Cantwell, Danel Sinani, Liam Gibbs, Mathias Normann, Jacob Lungi Sørensen, Kieran Dowell, Kenny McLean, Lukas Rupp, Daniel Adshead, Christos Tzolis, Josh Sargent, Jonathan Rowe, Adam Idah, Milot Rashica, Abu Kamara, Przemyslaw Placheta, Tony Springett, Onel Hernández, Teemu Pukki, Jordan Hugill, Josh Martin, Sebastian Soto, Thomas Dickson-Peters"
Manchester City,Premier League,2022-2023,1,"Ederson, Stefan Ortega, Zack Steffen, Scott Carson, Rúben Dias, Nico O'Reilly, Rico Lewis, Manuel Akanji, John Stones, Nathan Aké, Sergio Gómez, João Cancelo, Aymeric Laporte, Josh Wilson-Esbrand, Kyle Walker, Benjamin Mendy, Luke Mbete, Cole Palmer, Phil Foden, Rodri, Bernardo Silva, Máximo Perrone, Kevin De Bruyne, Shea Charles, Kalvin Phillips, İlkay Gündoğan, Claudio Gomes, Alex Robertson, Erling Haaland, Julián Alvarez, Liam Delap, Jack Grealish, Riyad Mahrez, Ben Knight"
Arsenal FC,Premier League,2022-2023,2,"Tomás Sultani, Alejandro Medina, Nicolás Rosa, Joaquín Pombo, Lucas Souto, Maximiliano Centurión, Elías López, Néstor Breitenbruch, Ignacio Gariglio, Adrián Spörle, Facundo Cardozo, Iván Cabrera, Alexis Payes, Leonardo Marchi, Agustín Álvarez, Cristian Chimino, Franco Martínez, Áxel Carrión, Lautaro Maside, Felipe Peña Biafore, Juan Manuel Cuesta, Santiago Toloza, Alfredo Amarilla, Bautista Cejas, Valentín Serrano, Gonzalo Muscia, Braian Rivero, Juan Cavallaro, Tiago Banega, Tobías Zárate, Mauro Burruchaga, Tomás Sives, Facundo Brestt, Nicolás Aguirre, Franco Vega, Emiliano Viveros, Flabián Londoño, Lautaro Guzmán, Facundo Pons, Lucas Brochero, Santiago Paiva, Juan Peinipil, Luca Druille, Leandro Moreira, Luís Leal, Daniel Lucero, Brandon Sosa, Manuel López"
Manchester United,Premier League,2022-2023,3,"Dean Henderson, Matej Kovar, Radek Vítek, David de Gea, Jack Butland, Martin Dúbravka, Nathan Bishop, Tom Heaton, Álvaro Carreras, Lisandro Martínez, Diogo Dalot, Aaron Wan-Bissaka, Harry Maguire, Luke Shaw, Victor Lindelöf, Axel Tuanzebe, Tyrell Malacia, Teden Mengi, Tyler Fredricson, Brandon Williams, Marc Jurado, Rhys Bennett, Phil Jones, Raphaël Varane, Scott McTominay, Bruno Fernandes, Kobbie Mainoo, James Garner, Hannibal, Casemiro, Marcel Sabitzer, Fred, Christian Eriksen, Zidane Iqbal, Donny van de Beek, Mason Greenwood, Amad Diallo, Anthony Elanga, Alejandro Garnacho, Marcus Rashford, Antony, Jadon Sancho, Cristiano Ronaldo, Anthony Martial, Facundo Pellistri, Wout Weghorst, Shola Shoretire, Charlie McNeill"
Newcastle United,Premier League,2022-2023,4,"Nick Pope, Loris Karius, Martin Dúbravka, Karl Darlow, Mark Gillespie, Sven Botman, Fabian Schär, Dan Burn, Matt Targett, Kieran Trippier, Jamaal Lascelles, Jamal Lewis, Emil Krafth, Harrison Ashby, Kell Watts, Federico Fernández, Ciaran Clark, Paul Dummett, Javier Manquillo, Bruno Guimarães, Elliot Anderson, Joelinton, Lewis Miley, Sean Longstaff, Joe Willock, Matty Longstaff, Isaac Hayden, Matt Ritchie, Jonjo Shelvey, Jeff Hendrick, Alexander Isak, Anthony Gordon, Jacob Murphy, Allan Saint-Maximin, Miguel Almirón, Chris Wood, Callum Wilson, Ryan Fraser"
Liverpool FC,Premier League,2022-2023,5,"Caoimhín Kelleher, Alisson, Harvey Davies, Adrián, Trent Alexander-Arnold, Ibrahima Konaté, Jarell Quansah, Sepp van den Berg, Virgil van Dijk, Joe Gomez, Andrew Robertson, Konstantinos Tsimikas, Nat Phillips, Calvin Ramsay, Luke Chambers, Rhys Williams, Joël Matip, Curtis Jones, Harvey Elliott, Fabinho, Fábio Carvalho, Stefan Bajcetic, Bobby Clark, Arthur Melo, Jordan Henderson, Naby Keïta, Alex Oxlade-Chamberlain, James Milner, Thiago Alcántara, Jake Cain, Cody Gakpo, Luis Díaz, Darwin Núñez, Mohamed Salah, Ben Gannon-Doak, Roberto Firmino, Layton Stewart, Melkamu Frauendorf, Diogo Jota"
Aston Villa,Premier League,2022-2023,7,"Emiliano Martínez, Oliwier Zych, Viljami Sinisalo, Filip Marschall, Robin Olsen, James Wright, Jed Steer, Ezri Konsa, Matty Cash, Jan Bednarek, Diego Carlos, Lucas Digne, Tyrone Mings, Álex Moreno, Ludwig Augustinsson, Calum Chambers, Kortney Hause, Sebastian Revan, Josh Feeney, Ashley Young, Sil Swinkels, Travis Patterson, Boubacar Kamara, Jacob Ramsey, Douglas Luiz, Emiliano Buendía, John McGinn, Lamare Bogarde, Tim Iroegbunam, Morgan Sanson, Leander Dendoncker, Philippe Coutinho, Marvelous Nakamba, Tommi O'Reilly, Jhon Durán, Ollie Watkins, Jaden Philogene, Leon Bailey, Cameron Archer, Bertrand Traoré, Keinan Davis, Danny Ings, Kadan Young"
Tottenham Hotspur,Premier League,2022-2023,8,"Hugo Lloris, Fraser Forster, Brandon Austin, Alfie Whiteman, Cristian Romero, Pedro Porro, Djed Spence, Ryan Sessegnon, Davinson Sánchez, Emerson Royal, Eric Dier, Clément Lenglet, Ben Davies, Japhet Tanganga, Matt Doherty, Dejan Kulusevski, Pape Matar Sarr, Rodrigo Bentancur, Pierre-Emile Højbjerg, Yves Bissouma, Oliver Skipp, Alfie Devine, George Abbott, Harvey White, Matthew Craig, Harry Kane, Richarlison, Heung-min Son, Bryan Gil, Romaine Mundle, Arnaut Danjuma, Lucas Moura, Ivan Perišić, Yago Santiago"
Brentford FC,Premier League,2022-2023,9,"David Raya, Thomas Strakosha, Matthew Cox, Ellery Balcombe, Aaron Hickey, Kristoffer Ajer, Rico Henry, Mads Bech Sørensen, Mads Roerslev, Ethan Pinnock, Tristan Crama, Pontus Jansson, Ben Mee, Fin Stevens, Zanka, Charlie Goode, Mikkel Damsgaard, Yegor Yarmolyuk, Keane Lewis-Potter, Vitaly Janelt, Mathias Jensen, Christian Nørgaard, Frank Onyeka, Josh Dasilva, Shandon Baptiste, Saman Ghoddos, Alex Gilbert, Ryan Trevitt, Bryan Mbeumo, Kevin Schade, Yoane Wissa, Ivan Toney, Sergi Canós, Halil Dervişoğlu, Michael Olakigbe, Tariqe Fosu"
Fulham FC,Premier League,2022-2023,10,"Bernd Leno, Marek Rodák, Paulo Gazzaniga, George Wickens, Antonee Robinson, Tosin Adarabioyo, Kenny Tete, Issa Diop, Marlon Fossey, Kevin Mbabu, Cédric Soares, Layvin Kurzawa, Joe Bryan, Shane Duffy, Steven Sessegnon, Tim Ream, Connor McAvoy, Luciano D'Auria-Henry, Stefan Parkes, Charlie Robinson, João Palhinha, Andreas Pereira, Saša Lukić, Harrison Reed, Adrion Pajaziti, Bobby De Cordova-Reid, Luke Harris, Tom Cairney, Nathaniel Chalobah, Josh Onomah, Tyrese Francois, Matt Dibley-Dias, Kristian Sekularac, Rodrigo Muniz, Harry Wilson, Jay Stansfield, Daniel James, Aleksandar Mitrović, Manor Solomon, Martial Godo, Carlos Vinícius, Ollie O'Neill, Willian, Terry Ablade, Anthony Knockaert, Neeskens Kebano, Callum McFarlane"
Crystal Palace,Premier League,2022-2023,11,"Sam Johnstone, Joe Whitworth, Jack Butland, Owen Goodman, Vicente Guaita, Remi Matthews, Marc Guéhi, Tyrick Mitchell, Joachim Andersen, Chris Richards, Tayo Adaramola, Nathaniel Clyne, Joel Ward, Kofi Balmer, David Boateng, James Tomkins, Nathan Ferguson, Eberechi Eze, Cheick Doucouré, Albert Sambi Lokonga, Will Hughes, Naouirou Ahamada, Jeffrey Schlupp, Jaïro Riedewald, Killian Phillips, David Ozoh, Luka Milivojevic, Kaden Rodney, Jack Wells-Morrison, James McArthur, Michael Olise, Jean-Philippe Mateta, Odsonne Édouard, Wilfried Zaha, Jordan Ayew, Malcolm Ebiowei, Luke Plange, John-Kymani Gordon, Adler Nascimento"
Chelsea FC,Premier League,2022-2023,12,"Kepa Arrizabalaga, Edouard Mendy, Gabriel Slonina, Lucas Bergström, Marcus Bettinelli, Ethan Wady, Reece James, Marc Cucurella, Trevoh Chalobah, Lewis Hall, Wesley Fofana, Benoît Badiashile, Bashir Humphreys, Ben Chilwell, Kalidou Koulibaly, Alfie Gilchrist, Abdul Rahman Baba, César Azpilicueta, Thiago Silva, Enzo Fernández, Conor Gallagher, Mason Mount, Omari Hutchinson, Denis Zakaria, Carney Chukwuemeka, Ethan Ampadu, Billy Gilmour, Mateo Kovacic, Ruben Loftus-Cheek, Jorginho, N'Golo Kanté, Harvey Vale, Christian Pulisic, Kai Havertz, Noni Madueke, Callum Hudson-Odoi, João Félix, Armando Broja, Raheem Sterling, David Datro Fofana, Pierre-Emerick Aubameyang, Hakim Ziyech, Mykhaylo Mudryk"
Wollongong Wolves FC,Premier League,2022-2023,13,"Nenad Vekic, Max Cunial, Julian Graham, Tomas Butkovic, Walter Scott, Harrison Buesnel, Dax Kelly, Banri Kanaizumi, Senna Stevenson, Marcus Beattie, Ethan Beaven, Sebastian Hernandez, Ryan Mrvcic, Damon Gray, Samuel Mapet-Riak, Navarone Darjani, Thomas Dunn, Jake Lavalle, Ben Giason, Chris McStay, Mirza Muratovic, Jake Trew, Lachlan Scott, Josh MacDonald, Denim Nou, Takumi Ofuka, Sami Benten, Alex Masciovecchio"
West Ham United,Premier League,2022-2023,14,"Alphonse Areola, Nathan Trott, Krisztián Hegyi, Joseph Anang, Lukasz Fabianski, Darren Randolph, Nayef Aguerd, Thilo Kehrer, Emerson, Oliver Scarles, Ben Johnson, Kurt Zouma, Vladimír Coufal, Harrison Ashby, Kaelan Casey, Craig Dawson, Michael Forbes, Aaron Cresswell, Jamal Baptiste, Angelo Ogbonna, Levi Laing, Regan Clayton, Declan Rice, Lucas Paquetá, Flynn Downes, Tomáš Souček, Nikola Vlašić, Freddie Potts, Pablo Fornals, Pierre Ekwah, Conor Coventry, Manuel Lanzini, Lewis Orford, Dan Chesters, Kamarai Swyer, Keenan Appiah-Forson, Jarrod Bowen, Gianluca Scamacca, Saïd Benrahma, Divin Mubama, Maxwel Cornet, Danny Ings, Michail Antonio, Armstrong Oko-Flex"
AFC Bournemouth,Premier League,2022-2023,15,"Mark Travers, Neto, Will Dennis, Cameron Plain, Darren Randolph, Ilya Zabarnyi, Marcos Senesi, Lloyd Kelly, James Hill, Matías Viña, Jordan Zemura, Chris Mepham, Jack Stacey, Jack Stephens, Adam Smith, Owen Bevan, Ben Greenwood, Brooklyn Genesini, Chris Francis, Max Kinsey, Ryan Fredericks, Marcus Tavernier, Lewis Cook, Ryan Christie, Jefferson Lerma, Philip Billing, Joe Rothwell, Ben Pearson, Emiliano Marcondes, Gavin Kilkenny, Jack Wadham, Ferdinand Okoh, Antoine Semenyo, Dominic Solanke, Dango Ouattara, Hamed Traoré, Jaidon Anthony, David Brooks, Siriki Dembélé, Kieffer Moore, Jamal Lowe, Daniel Adu-Adjei, Christian Saydee, Dominic Sadi, Junior Stanislas, Euan Pollock, Michael Dacosta"
Nottingham Forest,Premier League,2022-2023,16,"Dean Henderson, Keylor Navas, Adnan Kanuric, Jordan Smith, George Shelvey, Wayne Hennessey, Loïc Badé, Neco Williams, Moussa Niakhaté, Renan Lodi, Joe Worrall, Scott McKenna, Giulian Biancone, Harry Toffolo, Omar Richards, Jonathan Panzo, Loïc Mbe Soh, Serge Aurier, Willy Boly, Aaron Donnelly, Zach Abbott, Steve Cook, Felipe, Morgan Gibbs-White, Danilo, Orel Mangala, Ryan Yates, Gustavo Scarpa, Lewis O'Brien, Remo Freuler, Jesse Lingard, Cafú, Cheikhou Kouyaté, Oliver Hammond, Jack Colback, Harry Arter, Alex Gibson-Hammond, Billy Fewster, Jonjo Shelvey, Brennan Johnson, Taiwo Awoniyi, Sam Surridge, Chris Wood, Emmanuel Dennis, Josh Bowler, Dale Taylor, Alex Mighten, André Ayew, Detlef Esapa Osong, Lyle Taylor"
Everton FC,Premier League,2022-2023,17,"Jordan Pickford, Asmir Begovic, Eldin Jakupović, Andy Lonergan, Vitaliy Mykolenko, Nathan Patterson, James Tarkowski, Ben Godfrey, Mason Holgate, Michael Keane, Yerry Mina, Rúben Vinagre, Jean-Philippe Gbamin, Conor Coady, Ishé Samuels-Smith, Séamus Coleman, Reece Welch, Kyle John, Amadou Onana, James Garner, Isaac Price, Abdoulaye Doucouré, André Gomes, Tom Davies, Allan, Dele Alli, Idrissa Gueye, Lewis Warrington, Sean McAllister, Anthony Gordon, Alex Iwobi, Dwight McNeil, Dominic Calvert-Lewin, Tom Cannon, Ellis Simms, Neal Maupay, Demarai Gray, Stanley Mills, Andros Townsend, Salomón Rondón"
Leicester City,Premier League,2022-2023,18,"Daniel Iversen, Danny Ward, Alex Smithies, Wesley Fofana, Victor Kristiansen, James Justin, Wout Faes, Timothy Castagne, Çağlar Söyüncü, Harry Souttar, Luke Thomas, Ricardo Pereira, Jannik Vestergaard, Daniel Amartey, Lewis Brunt, Joe Wormleighton, Ryan Bertrand, Jonny Evans, Youri Tielemans, James Maddison, Kiernan Dewsbury-Hall, Kasey McAteer, Boubakary Soumaré, Wilfred Ndidi, Hamza Choudhury, Dennis Praet, Nampalys Mendy, Will Alves, Sammy Braybrooke, Marc Albrighton, Harvey Barnes, Tetê, George Hirst, Patson Daka, Ayoze Pérez, Kelechi Iheanacho, Jamie Vardy, Wanya Marçal"
Leeds United,Premier League,2022-2023,19,"Illan Meslier, Kristoffer Klaesson, Joel Robles, Dani van den Heuvel, Pascal Struijk, Charlie Cresswell, Robin Koch, Rasmus Kristensen, Junior Firpo, Maximilian Wöber, Diego Llorente, Cody Drameh, Leo Hjelde, Jamie Shackleton, Luke Ayling, Diogo Monteiro, Liam Cooper, Kris Moore, Jeremiah Chilokoa-Mullen, James Debayo, Archie Gray, Tyler Adams, Weston McKennie, Brenden Aaronson, Marc Roca, Darko Gyabi, Mateusz Klich, Alfie McCalmont, Adam Forshaw, Charlie Allen, Joe Snowdon, Stuart Dallas, Georginio Rutter, Crysencio Summerville, Wilfried Gnonto, Daniel James, Luis Sinisterra, Jack Harrison, Joe Gelhardt, Mateo Joseph, Rodrigo, Sam Greenwood, Tyler Roberts, Patrick Bamford, Ian Poveda, Sonny Perkins, Amari Miller"
Southampton FC,Premier League,2022-2023,20,"Gavin Bazunu, Alex McCarthy, Willy Caballero, Tino Livramento, Kyle Walker-Peters, Jan Bednarek, Ainsley Maitland-Niles, Mohammed Salisu, Armel Bella-Kotchap, Romain Perraud, Lyanco, Juan Larios, Duje Caleta-Car, James Bree, Yan Valery, Jack Stephens, Dynel Simeu, Lewis Payne, Nico Lawrence, Roméo Lavia, Carlos Alcaraz, James Ward-Prowse, Will Smallbone, Joe Aribo, Ibrahima Diallo, Oriol Romeu, Stuart Armstrong, Kamari Doyle, Ryan Finnigan, Diamond Edwards, Kamaldeen Sulemana, Nathan Tella, Adam Armstrong, Ché Adams, Samuel Amo-Ameyaw, Paul Onuachu, Samuel Edozie, Mohamed Elyounoussi, Sékou Mara, Nathan Redmond, Moussa Djenepo, Mislav Orsic, Dom Ballard, Dan Nlundulu, Jimmy-Jay Morgan, Theo Walcott"
Manchester City,Premier League,2023-2024,1,"Ederson, Stefan Ortega, Zack Steffen, True Grant, Scott Carson, Josko Gvardiol, Rúben Dias, Matheus Nunes, Rico Lewis, Manuel Akanji, Taylor Harwood-Bellis, John Stones, Nathan Aké, Sergio Gómez, Aymeric Laporte, Issa Kaboré, Josh Wilson-Esbrand, Kyle Walker, Max Alleyne, Cole Palmer, Phil Foden, Rodri, Bernardo Silva, Máximo Perrone, James McAtee, Mateo Kovacic, Kevin De Bruyne, Kalvin Phillips, Jacob Wright, Mahamadou Susoho, Erling Haaland, Julián Alvarez, Jérémy Doku, Jack Grealish, Oscar Bobb, Micah Hamilton"
Arsenal FC,Premier League,2023-2024,2,"Juan Pablo Zozaya, Tomás Sultani, Facundo Masuero, Alejandro Medina, Nicolás Rosa, Francisco Rivadeneira, Federico Mekbel, Joaquín Pombo, Maximiliano Centurión, Elías López, Néstor Breitenbruch, Ignacio Gariglio, Adrián Spörle, Facundo Cardozo, Nazareno Roselli, Iván Cabrera, Balthazar Bernardi, Abel Amaya, Agustín Álvarez, Camilo Saiz, Alexis Sosa, Cristian Chimino, Gastón Díaz, Santiago López, Valentín Sánchez, Alfredo Amarilla, Bautista Cejas, Valentín Serrano, Tomás Ortiz, Gonzalo Muscia, Braian Rivero, Juan Cavallaro, Matías Lucero, Matteo Trombini, Nahuel Frascone, Mauro Burruchaga, Tomás Sives, Andrés Ayala, Facundo Brestt, Nicolás Domingo, Juan Pablo Krilanovich, Franco Vega, Joaquín Petino, Nicolás Aguirre, Bruno Mascheroni, Emiliano Viveros, Flabián Londoño, Lautaro Guzmán, Facundo Pons, Alexis Segovia, Lucas Ríos, Agustín Maziero, Lucas Brochero, Ignacio Sabatini, Matías Benítez, Luca Druille, Juan Peinipil, Kevin Pavía, Luciano Viano, Dylan Cabral, Daniel Lucero, Julián Ledesma"
Liverpool FC,Premier League,2023-2024,3,"Caoimhín Kelleher, Alisson, Vitezslav Jaros, Adrián, Marcelo Pitaluga, Fabian Mrozek, Trent Alexander-Arnold, Ibrahima Konaté, Jarell Quansah, Conor Bradley, Virgil van Dijk, Joe Gomez, Andrew Robertson, Konstantinos Tsimikas, Nat Phillips, Calvin Ramsay, Owen Beck, Amara Nallo, Luke Chambers, Calum Scanlon, Rhys Williams, Joël Matip, Ryan Gravenberch, Dominik Szoboszlai, Alexis Mac Allister, Curtis Jones, Harvey Elliott, Fábio Carvalho, Stefan Bajcetic, Trey Nyoni, Wataru Endo, Bobby Clark, James McConnell, Mateusz Musialowski, Tom Hill, Thiago Alcántara, Luis Díaz, Cody Gakpo, Darwin Núñez, Mohamed Salah, Ben Gannon-Doak, Lewis Koumas, Kaide Gordon, Jayden Danns, Diogo Jota"
Aston Villa,Premier League,2023-2024,4,"Emiliano Martínez, Joe Gauci, Oliwier Zych, Filip Marschall, Robin Olsen, James Wright, Sam Proctor, Lander Emery, Ezri Konsa, Pau Torres, Matty Cash, Diego Carlos, Lucas Digne, Clément Lenglet, Tyrone Mings, Kaine Kesler-Hayden, Álex Moreno, Calum Chambers, Lino Sousa, Kortney Hause, Sebastian Revan, Josh Feeney, Finley Munroe, Travis Patterson, Morgan Rogers, Boubacar Kamara, Youri Tielemans, Jacob Ramsey, Douglas Luiz, Emiliano Buendía, John McGinn, Nicolò Zaniolo, Tim Iroegbunam, Leander Dendoncker, Philippe Coutinho, Omari Kellyman, Tommi O'Reilly, Jhon Durán, Ollie Watkins, Moussa Diaby, Leon Bailey, Jaden Philogene, Cameron Archer, Bertrand Traoré, Kadan Young"
Tottenham Hotspur,Premier League,2023-2024,5,"Guglielmo Vicario, Hugo Lloris, Fraser Forster, Brandon Austin, Alfie Whiteman, Micky van de Ven, Cristian Romero, Pedro Porro, Destiny Udogie, Radu Drăgușin, Ryan Sessegnon, Davinson Sánchez, Joe Rodon, Emerson Royal, Eric Dier, Sergio Reguilón, Ben Davies, Ashley Phillips, Japhet Tanganga, Alfie Dorrington, Dejan Kulusevski, Pape Matar Sarr, James Maddison, Rodrigo Bentancur, Pierre-Emile Højbjerg, Yves Bissouma, Giovani Lo Celso, Oliver Skipp, Jamie Donley, Tyrese Hall, Brennan Johnson, Richarlison, Heung-min Son, Mikey Moore, Bryan Gil, Manor Solomon, Alejo Veliz, Timo Werner, Dane Scarlett, Ivan Perišić, Yago Santiago"
Chelsea FC,Premier League,2023-2024,6,"Djordje Petrovic, Robert Sánchez, Lucas Bergström, Teddy Sharman-Lowe, Marcus Bettinelli, Eddie Beach, Max Merrick, Ted Curd, Marc Cucurella, Reece James, Levi Colwill, Trevoh Chalobah, Malo Gusto, Wesley Fofana, Ian Maatsen, Benoît Badiashile, Axel Disasi, Bashir Humphreys, Ben Chilwell, Malang Sarr, Alfie Gilchrist, Zak Sturge, Ishé Samuels-Smith, Thiago Silva, Harrison Murray-Campbell, Dylan Williams, Josh Brooking, Billy Gee, Cole Palmer, Moisés Caicedo, Enzo Fernández, Andrey Santos, Conor Gallagher, Roméo Lavia, Lesley Ugochukwu, Carney Chukwuemeka, Diego Moreira, Cesare Casadei, Michael Golding, Leo Castledine, Alex Matos, Kiano Dyer, Jimi Tauriainen, Noni Madueke, Nicolas Jackson, Christopher Nkunku, Tyrique George, Armando Broja, David Datro Fofana, Raheem Sterling, Mason Burstow, Ronnie Stutter, Mykhaylo Mudryk"
Newcastle United,Premier League,2023-2024,7,"Nick Pope, Loris Karius, Martin Dúbravka, Mark Gillespie, Adam Harrison, Aidan Harris, Tino Livramento, Sven Botman, Lewis Hall, Fabian Schär, Dan Burn, Matt Targett, Kieran Trippier, Jamal Lewis, Jamaal Lascelles, Emil Krafth, Harrison Ashby, Kell Watts, Alex Murphy, Paul Dummett, Javier Manquillo, Sandro Tonali, Bruno Guimarães, Elliot Anderson, Joelinton, Lewis Miley, Sean Longstaff, Joe Willock, Isaac Hayden, Joe White, Travis Hernes, Matt Ritchie, Jeff Hendrick, Lucas De Bolle, James Huntley, Alexander Isak, Anthony Gordon, Harvey Barnes, Jacob Murphy, Miguel Almirón, Callum Wilson, Ryan Fraser, Amadou Diallo, Ben Parkinson, Michael Ndiweni"
Manchester United,Premier League,2023-2024,8,"Dean Henderson, André Onana, Altay Bayındır, Radek Vítek, Tom Heaton, Dermot Mee, Álvaro Carreras, Lisandro Martínez, Diogo Dalot, Aaron Wan-Bissaka, Harry Maguire, Luke Shaw, Victor Lindelöf, Harry Amass, Tyrell Malacia, Sergio Reguilón, Willy Kambwala, Brandon Williams, Rhys Bennett, Habeeb Ogunneye, Raphaël Varane, Jonny Evans, Louis Jackson, Scott McTominay, Bruno Fernandes, Kobbie Mainoo, Mason Mount, Hannibal, Sofyan Amrabat, Casemiro, Toby Collyer, Christian Eriksen, Donny van de Beek, Dan Gore, Amad Diallo, Rasmus Højlund, Alejandro Garnacho, Marcus Rashford, Antony, Jadon Sancho, Anthony Martial, Facundo Pellistri, Shola Shoretire, Omari Forson, Joe Hugill, Ethan Wheatley"
West Ham United,Premier League,2023-2024,9,"Alphonse Areola, Joseph Anang, Lukasz Fabianski, Jacob Knightbridge, Nayef Aguerd, Thilo Kehrer, Konstantinos Mavropanos, Emerson, Oliver Scarles, Ben Johnson, Kurt Zouma, Vladimír Coufal, Kaelan Casey, Aaron Cresswell, Angelo Ogbonna, Levi Laing, Lucas Paquetá, Edson Álvarez, Flynn Downes, Tomáš Souček, Pablo Fornals, James Ward-Prowse, Kalvin Phillips, Conor Coventry, George Earthy, Lewis Orford, Dan Chesters, Kamarai Swyer, Mohammed Kudus, Jarrod Bowen, Saïd Benrahma, Divin Mubama, Maxwel Cornet, Danny Ings, Callum Marshall, Michail Antonio"
Crystal Palace,Premier League,2023-2024,10,"Dean Henderson, Sam Johnstone, Joe Whitworth, Remi Matthews, Marc Guéhi, Daniel Muñoz, Tyrick Mitchell, Joachim Andersen, Chris Richards, Rob Holding, Tayo Adaramola, Nathaniel Clyne, Joel Ward, Seán Grehan, James Tomkins, Nathan Ferguson, Eberechi Eze, Adam Wharton, Cheick Doucouré, Matheus França, Jefferson Lerma, Will Hughes, Naouirou Ahamada, Jeffrey Schlupp, Jaïro Riedewald, David Ozoh, Kaden Rodney, Jadan Raymond, Jack Wells-Morrison, Michael Olise, Jean-Philippe Mateta, Odsonne Édouard, Jesurun Rak-Sakyi, Jordan Ayew, Malcolm Ebiowei, Luke Plange, Franco Umeh-Chibueze, Ademola Ola-Adebomi, John-Kymani Gordon, Roshaun Mathurin"
Everton FC,Premier League,2023-2024,12,"Jordan Pickford, João Virgínia, Billy Crellin, Andy Lonergan, Jarrad Branthwaite, Vitaliy Mykolenko, Nathan Patterson, James Tarkowski, Ben Godfrey, Mason Holgate, Michael Keane, Ashley Young, Séamus Coleman, Mackenzie Hunt, Elijah Campbell, Amadou Onana, James Garner, Abdoulaye Doucouré, André Gomes, Dele Alli, Idrissa Gueye, Tyler Onyango, Lewis Warrington, Jenson Metcalfe, Alex Iwobi, Dwight McNeil, Beto, Dominic Calvert-Lewin, Jack Harrison, Tom Cannon, Youssef Chermiti, Neal Maupay, Arnaut Danjuma, Lewis Dobbin"
AFC Bournemouth,Premier League,2023-2024,13,"Ionuț Radu, Mark Travers, Neto, Callan McKenna, Will Dennis, Cameron Plain, Darren Randolph, Ilya Zabarnyi, Milos Kerkez, Marcos Senesi, Lloyd Kelly, James Hill, Max Aarons, Chris Mepham, Adam Smith, Ben Greenwood, Max Kinsey, Ryan Fredericks, Justin Kluivert, Alex Scott, Tyler Adams, Marcus Tavernier, Lewis Cook, Ryan Christie, Philip Billing, Romain Faivre, Joe Rothwell, Emiliano Marcondes, Gavin Kilkenny, Antoine Semenyo, Dominic Solanke, Dango Ouattara, Jaidon Anthony, Hamed Traoré, David Brooks, Luis Sinisterra, Enes Ünal, Kieffer Moore, Jamal Lowe, Daniel Adu-Adjei, Dominic Sadi, Michael Dacosta"
Fulham FC,Premier League,2023-2024,14,"Bernd Leno, Marek Rodák, Steven Benda, Antonee Robinson, Calvin Bassey, Tosin Adarabioyo, Kenny Tete, Timothy Castagne, Issa Diop, Kevin Mbabu, Luc De Fougerolles, Fodé Ballo-Touré, Devan Tanton, Tim Ream, João Palhinha, Josh King, Andreas Pereira, Saša Lukić, Harrison Reed, Bobby De Cordova-Reid, Luke Harris, Tom Cairney, Tyrese Francois, Matt Dibley-Dias, Kristian Sekularac, Rodrigo Muniz, Alex Iwobi, Harry Wilson, Aleksandar Mitrović, Jay Stansfield, Armando Broja, Adama Traoré, Carlos Vinícius, Raúl Jiménez, Willian"
Wollongong Wolves FC,Premier League,2023-2024,15,"Vedran Janjetovic, Julian Graham, Oliver Yates, Max Cunial, Dylan Ryan, Senna Stevenson, Harrison Buesnel, Darcy Madden, Banri Kanaizumi, Marcus Beattie, Dax Kelly, Jett Mccue-Shore, Jake Lavalle, Samuel Mapet-Riak, Andre Takami, Sebastian Hernandez, Lucas Trajcevski, Ryan Mrvcic, Damon Gray, Ben Giason, Thomas Dunn, Chris McStay, Jake Trew, Yagoub Mustafa, Mirza Muratovic, Lachlan Scott, Takumi Ofuka, Alex Masciovecchio"
Brentford FC,Premier League,2023-2024,16,"Mark Flekken, Thomas Strakosha, Hákon Valdimarsson, Matthew Cox, Ellery Balcombe, Vincent Angelini, Nathan Collins, Aaron Hickey, Kristoffer Ajer, Rico Henry, Mads Roerslev, Sergio Reguilón, Ethan Pinnock, Ji-soo Kim, Benjamin Fredrick, Fin Stevens, Ben Mee, Zanka, Charlie Goode, Val Adedokun, Benjamin Arthur, Mikkel Damsgaard, Yegor Yarmolyuk, Keane Lewis-Potter, Vitaly Janelt, Mathias Jensen, Christian Nørgaard, Frank Onyeka, Yunus Konak, Josh Dasilva, Shandon Baptiste, Saman Ghoddos, Myles Peart-Harris, Paris Maghoma, Ethan Brierley, Ryan Trevitt, Bryan Mbeumo, Kevin Schade, Yoane Wissa, Ivan Toney, Neal Maupay, Michael Olakigbe"
Nottingham Forest,Premier League,2023-2024,17,"Matz Sels, Odysseas Vlachodimos, Matt Turner, Ethan Horvath, Wayne Hennessey, Murillo, Neco Williams, Ola Aina, Nuno Tavares, Moussa Niakhaté, Andrew Omobamidele, Gonzalo Montiel, Joe Worrall, Scott McKenna, Harry Toffolo, Serge Aurier, Willy Boly, Zach Abbott, Felipe, Morgan Gibbs-White, Andrey Santos, Ibrahim Sangaré, Danilo, Nicolás Domínguez, Orel Mangala, Ryan Yates, Giovanni Reyna, Remo Freuler, Lewis O'Brien, Brandon Aguilera, Ui-jo Hwang, Jamie McDonnell, Cheikhou Kouyaté, Harry Arter, Anthony Elanga, Brennan Johnson, Callum Hudson-Odoi, Taiwo Awoniyi, Chris Wood, Rodrigo Ribeiro, Emmanuel Dennis, Josh Bowler, Alex Mighten, Divock Origi, Joe Gardner, Detlef Esapa Osong"
Luton Town,Premier League,2023-2024,18,"Thomas Kaminski, Jack Walton, James Shea, Tim Krul, Ryan Giles, Issa Kaboré, Teden Mengi, Mads Andersen, Tom Holmes, Gabriel Osho, Reece Burke, Daiki Hashioka, Amari'i Bell, Tom Lockyer, Joe Johnson, Dan Potts, Aidan Francis-Clarke, Christian Chigozie, Albert Sambi Lokonga, Alfie Doughty, Ross Barkley, Tahith Chong, Marvelous Nakamba, Allan Campbell, Zack Nelson, Fred Onyedinma, Jordan Clark, Pelly Ruddock Mpanzu, Luke Berry, Louie Watson, Axel Piesold, Jayden Luker, Jake Burger, Elliot Thorpe, Dominic Martins, Chiedozie Ogbene, Carlton Morris, Elijah Adebayo, Jacob Brown, Joe Taylor, Cauley Woodrow, Andros Townsend, John McAtee, Dion Pereira, Taylan Harris, Admiral Muskwe"
Burnley FC,Premier League,2023-2024,19,"James Trafford, Arijanet Murić, Lawrence Vigouroux, Denis Franchi, Maxime Estève, Dara O'Shea, CJ Egan-Riley, Lorenz Assignon, Vitinho, Hjalmar Ekdal, Jordan Beyer, Ameen Al-Dakhil, Luke McNally, Connor Roberts, Hannes Delcroix, Charlie Taylor, Sander Berge, Scott Twine, Josh Brownhill, Aaron Ramsey, Josh Cullen, Han-Noah Massengo, Mike Tresor, Jack Cork, Wilson Odobert, Lyle Foster, Zeki Amdouni, Anass Zaroury, David Datro Fofana, Jacob Bruun Larsen, Luca Koleosho, Manuel Benson, Darko Churlinov, Nathan Redmond, Michael Obafemi, Enock Agyei, Dara Costelloe, Jóhann Berg Gudmundsson, Jay Rodríguez"
Sheffield United,Premier League,2023-2024,20,"Ivo Grbic, Wes Foderingham, Adam Davies, Jordan Amissah, Anel Ahmedhodzic, Jayden Bogle, Luke Thomas, Auston Trusty, Mason Holgate, Femi Seriki, Max Lowe, Rhys Norrington-Davies, Yasser Larouci, John Egan, Jack Robinson, Sam Curtis, Evan Easton, Jili Buyabu, George Baldock, Chris Basham, Dovydas Sasnauskas, James McAtee, Gustavo Hamer, Sydie Peck, Vini Souza, Andre Brooks, Tom Davies, Anis Slimane, Oliver Arblaster, Ismaila Coulibaly, Ben Osborn, Oliver Norwood, Billy Blacker, John Fleck, Owen Hampson, William Osula, Cameron Archer, Bénie Traoré, Ben Brereton Díaz, Daniel Jebbison, Rhian Brewster, Oli McBurnie, Ryan Oné, Antwoine Hackford, Louie Marsh"
Liverpool FC,Premier League,2024-2025,1,"Caoimhín Kelleher, Alisson, Vitezslav Jaros, Harvey Davies, Trent Alexander-Arnold, Ibrahima Konaté, Jarell Quansah, Conor Bradley, Virgil van Dijk, Joe Gomez, Andrew Robertson, Konstantinos Tsimikas, Amara Nallo, James Norris, Isaac Mabaya, Ryan Gravenberch, Dominik Szoboszlai, Alexis Mac Allister, Curtis Jones, Harvey Elliott, Tyler Morton, Trey Nyoni, Wataru Endo, James McConnell, Luis Díaz, Cody Gakpo, Darwin Núñez, Mohamed Salah, Federico Chiesa, Rio Ngumoha, Jayden Danns, Diogo Jota, Trent Kone-Doherty, Ranel Young, Kieran Morrison"
Arsenal FC,Premier League,2024-2025,2,"Jerónimo Pourtau, Franco Herrera, Federico Mekbel, Emiliano Purita, Nazareno Roselli, Dylan Gissi, Matías Vera, Iván Cabrera, Manuel Cocca, Balthazar Bernardi, Lucas Mihovilcevich, Ramiro Cáceres, Alexis Payes, Abel Amaya, Agustín Álvarez, Gonzalo Rocaniere, Alexis Sosa, Axel Batista, Valentín Serrano, Esteban Fernández, Matías Lucero, Matías Flores, Matteo Trombini, Julián Vila, Talo Colletta, Nahuel Frascone, Andrés Ayala, Facundo Brestt, Matías Abruzzese, Gustavo Mendez, Tomás González, Ignacio Sabatini, David Sayago, Facundo Echevarría, Luca Druille, Claudio Villagra, Ángel Stringa, Alex Juárez, Gonzalo Klusener, Ciro Rius, Fabián Bordagaray, Manuel López, Kevin Pavía, Luca Duarte, Julián Ledesma"
Manchester City,Premier League,2024-2025,3,"Ederson, Stefan Ortega, Marcus Bettinelli, Scott Carson, Spike Brits, Max Hudson, Josko Gvardiol, Rúben Dias, Rayan Aït-Nouri, Nico O'Reilly, Matheus Nunes, Abdukodir Khusanov, Rico Lewis, Vitor Reis, Manuel Akanji, John Stones, Nathan Aké, Issa Kaboré, Jahmai Simpson-Pusey, Josh Wilson-Esbrand, Kyle Walker, Max Alleyne, Kaden Braithwaite, Phil Foden, Rodri, Tijjani Reijnders, Rayan Cherki, Nico González, Bernardo Silva, James McAtee, Mateo Kovacic, Kevin De Bruyne, Claudio Echeverri, Kalvin Phillips, İlkay Gündoğan, Jacob Wright, Erling Haaland, Omar Marmoush, Jérémy Doku, Savinho, Jack Grealish, Oscar Bobb, Divin Mubama, Farid Alfa-Ruprecht"
Newcastle United,Premier League,2024-2025,5,"Nick Pope, Odysseas Vlachodimos, Martin Dúbravka, Mark Gillespie, John Ruddy, Tino Livramento, Sven Botman, Lewis Hall, Lloyd Kelly, Fabian Schär, Dan Burn, Matt Targett, Kieran Trippier, Jamaal Lascelles, Jamal Lewis, Emil Krafth, Harrison Ashby, Alex Murphy, Leo Shahar, Sandro Tonali, Bruno Guimarães, Joelinton, Lewis Miley, Sean Longstaff, Joe Willock, Isaac Hayden, Joe White, Alexander Isak, Anthony Gordon, Harvey Barnes, William Osula, Jacob Murphy, Miguel Almirón, Callum Wilson, Trevan Sanusi, Sean Neave"
Aston Villa,Premier League,2024-2025,6,"Emiliano Martínez, Joe Gauci, Oliwier Zych, Robin Olsen, Sam Proctor, Ezri Konsa, Pau Torres, Ian Maatsen, Matty Cash, Axel Disasi, Diego Carlos, Kosta Nedeljkovic, Lucas Digne, Andrés García, Tyrone Mings, Kortney Hause, Triston Rowe, Sil Swinkels, Travis Patterson, Morgan Rogers, Amadou Onana, Boubacar Kamara, Youri Tielemans, Jacob Ramsey, Emiliano Buendía, John McGinn, Marco Asensio, Lamare Bogarde, Ross Barkley, Jamaldeen Jimoh-Aloba, Aidan Borland, Marcus Rashford, Jhon Durán, Ollie Watkins, Donyell Malen, Jaden Philogene, Leon Bailey, Bradley Burrowes, Kadan Young, Kobei Moore, Ben Broggio"
Nottingham Forest,Premier League,2024-2025,7,"Matz Sels, Carlos Miguel, Matt Turner, Wayne Hennessey, Murillo, Nikola Milenković, Neco Williams, Ola Aina, Morato, Andrew Omobamidele, Álex Moreno, Harry Toffolo, Tyler Bindon, Eric da Silva Moreira, Willy Boly, Zach Abbott, Morgan Gibbs-White, Elliot Anderson, Ibrahim Sangaré, Danilo, Nicolás Domínguez, Ryan Yates, James Ward-Prowse, Lewis O'Brien, Ben Perry, Anthony Elanga, Callum Hudson-Odoi, Jota Silva, Taiwo Awoniyi, Ramón Sosa, Chris Wood, Emmanuel Dennis, Josh Bowler"
AFC Bournemouth,Premier League,2024-2025,9,"Kepa Arrizabalaga, Mark Travers, Neto, Callan McKenna, Will Dennis, Dean Huijsen, Ilya Zabarnyi, Milos Kerkez, Marcos Senesi, Julián Araujo, Julio Soler, James Hill, Max Aarons, Chris Mepham, Matai Akinmboni, Adam Smith, Archie Harris, Max Kinsey, Justin Kluivert, Alex Scott, Tyler Adams, Marcus Tavernier, Lewis Cook, Ryan Christie, Philip Billing, Ben Winterburn, Antoine Semenyo, Evanilson, Dango Ouattara, Hamed Traoré, Jaidon Anthony, David Brooks, Luis Sinisterra, Enes Ünal, Daniel Jebbison, Daniel Adu-Adjei, Remy Rees-Dottin, Zain Silcott-Duberry, Dominic Sadi"
Brentford FC,Premier League,2024-2025,10,"Mark Flekken, Hákon Valdimarsson, Matthew Cox, Julian Eyestone, Ben Winterbottom, Nathan Collins, Sepp van den Berg, Michael Kayode, Aaron Hickey, Kristoffer Ajer, Rico Henry, Mads Roerslev, Ethan Pinnock, Ji-soo Kim, Benjamin Fredrick, Jayden Meghoma, Ben Mee, Benjamin Arthur, Mikkel Damsgaard, Yegor Yarmolyuk, Keane Lewis-Potter, Vitaly Janelt, Mathias Jensen, Fábio Carvalho, Christian Nørgaard, Frank Onyeka, Yunus Konak, Josh Dasilva, Myles Peart-Harris, Paris Maghoma, Ryan Trevitt, Bryan Mbeumo, Kevin Schade, Igor Thiago, Yoane Wissa, Gustavo Nunes, Tony Yogane, Iwan Morgan"
Fulham FC,Premier League,2024-2025,11,"Bernd Leno, Steven Benda, Antonee Robinson, Calvin Bassey, Joachim Andersen, Ryan Sessegnon, Kenny Tete, Timothy Castagne, Issa Diop, Jorge Cuenca, Sam Amissah, Sander Berge, Emile Smith Rowe, Josh King, Andreas Pereira, Saša Lukić, Harrison Reed, Tom Cairney, Rodrigo Muniz, Alex Iwobi, Harry Wilson, Jay Stansfield, Reiss Nelson, Adama Traoré, Martial Godo, Carlos Vinícius, Raúl Jiménez, Willian"
Crystal Palace,Premier League,2024-2025,12,"Dean Henderson, Sam Johnstone, Matt Turner, Joe Whitworth, Remi Matthews, Marc Guéhi, Trevoh Chalobah, Maxence Lacroix, Daniel Muñoz, Joachim Andersen, Tyrick Mitchell, Chris Richards, Ben Chilwell, Chadi Riad, Rob Holding, Caleb Kporha, Nathaniel Clyne, Joel Ward, Eberechi Eze, Adam Wharton, Cheick Doucouré, Daichi Kamada, Matheus França, Jefferson Lerma, Justin Devenny, Will Hughes, Naouirou Ahamada, Jeffrey Schlupp, David Ozoh, Kaden Rodney, Jean-Philippe Mateta, Ismaïla Sarr, Eddie Nketiah, Romain Esse, Odsonne Édouard, Jordan Ayew, Malcolm Ebiowei, Franco Umeh-Chibueze, Asher Agbinone, Zach Marsh"
Everton FC,Premier League,2024-2025,13,"Jordan Pickford, João Virgínia, Zan Luk Leban, Asmir Begovic, Jarrad Branthwaite, Vitaliy Mykolenko, Jake O'Brien, Nathan Patterson, James Tarkowski, Mason Holgate, Michael Keane, Ashley Young, Séamus Coleman, Reece Welch, Roman Dixon, Bradley Moonan, James Garner, Carlos Alcaraz, Tim Iroegbunam, Orel Mangala, Abdoulaye Doucouré, Harrison Armstrong, Idrissa Gueye, Jenson Metcalfe, Luke Butterfield, Owen Barker, Callum Bates, Iliman Ndiaye, Dwight McNeil, Beto, Dominic Calvert-Lewin, Jack Harrison, Armando Broja, Jesper Lindstrøm, Youssef Chermiti, Neal Maupay, Martin Sherif, Isaac Heath, Coby Ebere"
West Ham United,Premier League,2024-2025,14,"Alphonse Areola, Wes Foderingham, Lukasz Fabianski, Jean-Clair Todibo, Maximilian Kilman, Aaron Wan-Bissaka, Konstantinos Mavropanos, Emerson, Oliver Scarles, Vladimír Coufal, Kaelan Casey, Aaron Cresswell, Ezra Mayers, Lucas Paquetá, Edson Álvarez, Tomáš Souček, Carlos Soler, James Ward-Prowse, Guido Rodríguez, Andrew Irving, Lewis Orford, Mohammed Kudus, Jarrod Bowen, Evan Ferguson, Crysencio Summerville, Luís Guilherme, Niclas Füllkrug, Danny Ings, Michail Antonio"
Manchester United,Premier League,2024-2025,15,"André Onana, Altay Bayındır, Tom Heaton, Elyh Harrison, Dermot Mee, Hubert Graczyk, Will Murdock, Leny Yoro, Matthijs de Ligt, Lisandro Martínez, Patrick Dorgu, Diogo Dalot, Noussair Mazraoui, Harry Maguire, Luke Shaw, Ayden Heaven, Victor Lindelöf, Tyrell Malacia, Harry Amass, Tyler Fredricson, Habeeb Ogunneye, Jonny Evans, Jaydan Kamason, Godwill Kukonki, Scott McTominay, Bruno Fernandes, Kobbie Mainoo, Mason Mount, Manuel Ugarte, Casemiro, Toby Collyer, Christian Eriksen, Dan Gore, Jack Moorhouse, Jayce Fitzgerald, Jack Fletcher, Sékou Koné, Amad Diallo, Rasmus Højlund, Alejandro Garnacho, Marcus Rashford, Antony, Joshua Zirkzee, Jadon Sancho, Facundo Pellistri, Chido Obi, Ethan Wheatley, James Scanlon, Bendito Mantato"
Wollongong Wolves FC,Premier League,2024-2025,16,"Julian Graham, Daniel Solsky, Max Cunial, Oliver Yates, Dylan Ryan, Tate Russell, Kazuya Yamamura, Senna Stevenson, Jason Well, Harrison Buesnel, Darcy Madden, Banri Kanaizumi, Sebastian Duarte, Dax Kelly, Marcus Beattie, Isaac Danzo, Woon-sub Sim, Jake Lavalle, Liam Ball, Ryan Lowe, Damon Gray, Sebastian Hernandez, Lucas Trajcevski, Flynn Madden, Ben Giason, James Anagnostopoulos, Raphael Lea'i, Nicholas Olsen, Obren Kljajic, Thomas James, Lachlan Scott, Alex Masciovecchio, Dylan King"
Tottenham Hotspur,Premier League,2024-2025,17,"Guglielmo Vicario, Antonín Kinský, Fraser Forster, Brandon Austin, Alfie Whiteman, Micky van de Ven, Cristian Romero, Destiny Udogie, Pedro Porro, Djed Spence, Kevin Danso, Radu Drăgușin, Sergio Reguilón, Ben Davies, Alfie Dorrington, Dante Cassanova, Maeson King, Malachi Hardy, Dejan Kulusevski, Lucas Bergvall, Archie Gray, Pape Matar Sarr, James Maddison, Rodrigo Bentancur, Yves Bissouma, Alfie Devine, Callum Olusesi, Rio Kyerematen, Lucá Williams-Barnett, Dominic Solanke, Brennan Johnson, Mathys Tel, Richarlison, Wilson Odobert, Heung-min Son, Mikey Moore, Will Lankshear, Min-hyeok Yang, Timo Werner, Dane Scarlett, Damola Ajayi"
Leicester City,Premier League,2024-2025,18,"Mads Hermansen, Daniel Iversen, Jakub Stolarczyk, Danny Ward, Victor Kristiansen, James Justin, Wout Faes, Caleb Okoli, Harry Souttar, Luke Thomas, Ricardo Pereira, Woyo Coulibaly, Jannik Vestergaard, Conor Coady, Ben Nelson, Tom Wilson-Brown, Olabade Aluko, Bilal El Khannouss, Facundo Buonanotte, Boubakary Soumaré, Kasey McAteer, Wilfred Ndidi, Harry Winks, Oliver Skipp, Hamza Choudhury, Michael Golding, Bobby De Cordova-Reid, Will Alves, Sammy Braybrooke, Henry Cartwright, Abdul Fatawu, Jeremy Monga, Tom Cannon, Stephy Mavididi, Odsonne Édouard, Patson Daka, Jordan Ayew, Jamie Vardy, Jake Evans, Chris Popov"
Ipswich Town,Premier League,2024-2025,19,"Arijanet Murić, Alex Palmer, Christian Walton, Cieran Slicker, Leif Davis, Jacob Greaves, Dara O'Shea, Ben Johnson, Ben Godfrey, Axel Tuanzebe, Harry Clarke, Luke Woolfenden, Cameron Burgess, George Edmundson, Conor Townsend, Somto Boniface, Omari Hutchinson, Julio Enciso, Jens Cajuste, Sammie Szmodics, Kalvin Phillips, Jack Taylor, Wes Burns, Marcus Harness, Sam Morsy, Massimo Luongo, Liam Delap, Jaden Philogene, Jack Clarke, George Hirst, Chiedozie Ogbene, Nathan Broadhead, Conor Chaplin, Ali Al-Hamadi, Tom Taylor"
Southampton FC,Premier League,2024-2025,20,"Aaron Ramsdale, Gavin Bazunu, Joe Lumley, Alex McCarthy, Taylor Harwood-Bellis, Kyle Walker-Peters, Jan Bednarek, Yukinari Sugawara, Armel Bella-Kotchap, Nathan Wood, Ronnie Edwards, Juan Larios, Welington, Ryan Manning, James Bree, Charlie Taylor, Jack Stephens, Joachim Kayi Sanda, Jayden Moore, Mateus Fernandes, Lesley Ugochukwu, Carlos Alcaraz, Shea Charles, Flynn Downes, Albert Grønbæk, Will Smallbone, Joe Aribo, Joe O'Brien-Whitmarsh, Romeo Akachukwu, Adam Lallana, Tyler Dibling, Kamaldeen Sulemana, Cameron Archer, Adam Armstrong, Samuel Amo-Ameyaw, Jay Robinson, Ben Brereton Díaz, Paul Onuachu, Maxwel Cornet, Samuel Edozie, Ross Stewart, Ryan Fraser"
FC Barcelona,La Liga,2014-2015,1,"Marc-André ter Stegen, Claudio Bravo, Jordi Masip, Marc Bartra, Jordi Alba, Martín Montoya, Edgar Ié, Gerard Piqué, Douglas, Adriano, Dani Alves, Thomas Vermaelen, Jérémy Mathieu, Neymar, Sergi Roberto, Munir El Haddadi, Gerard Gumbau, Sergio Busquets, Alen Halilovic, Sergi Samper, Ivan Rakitic, Xavi, Andrés Iniesta, Rafinha, Javier Mascherano, Diawandou Diagne, Lionel Messi, Adama Traoré, Luis Suárez, Sandro Ramírez, Pedro"
Real Madrid,La Liga,2014-2015,2,"Rubén Yáñez, Keylor Navas, Fernando Pacheco, Iker Casillas, Marcos Llorente, Daniel Carvajal, Diego Llorente, Nacho Fernández, Guillermo Varela, Sergio Ramos, Felipe Abner, Jaime Sánchez, Raphaël Varane, Pepe, Fábio Coentrão, Marcelo, Álvaro Arbeloa, Javi Noblejas, Derik Osede, Martin Ødegaard, Luka Modrić, Isco, Álvaro Medrán, Lucas Torró, James Rodríguez, Javi Muñoz, Asier Illarramendi, Lucas Silva, Sergio Aguza, Sami Khedira, Toni Kroos, Xabi Alonso, Cristiano Ronaldo, Borja Mayoral, Karim Benzema, Ángel Di María, Raúl de Tomás, Chicharito, Jesé, Eero Markkanen, Gareth Bale"
Atlético de Madrid,La Liga,2014-2015,3,"Jan Oblak, Bernabé Barragán, Miguel Ángel Moyá, Lucas Hernández, José María Giménez, Nacho Monsalve, Diego Godín, Guilherme Siqueira, Cristian Ansaldi, Jesús Gámez, Juanfran Torres, Miranda, Iván Pérez, Koke, Saúl Ñíguez, Carlos Ramos, Mario Suárez, Tiago Mendes, Raúl García, Gabi, Cristian Rodríguez, Antoine Griezmann, Ángel Correa, Raúl Jiménez, Héctor Hernández, Nacho Huertas, Mario Mandžukić, Arda Turan, Fernando Torres, Cani, Alessio Cerci, Sekou Keita"
Valencia CF,La Liga,2014-2015,4,"Yoel Rodríguez, Diego Alves, Jaume Doménech, João Cancelo, José Gayà, Nicolás Otamendi, Rúben Vezo, Salva Ruiz, Shkodran Mustafi, Lucas Orbán, Antonio Barragán, Rodrigo De Paul, André Gomes, Carles Gil, Dani Parejo, Bruno Zuculini, Filipe Augusto, Sofiane Feghouli, Enzo Pérez, Tropi, Pablo Piatti, Javi Fuego, Rodrigo, Paco Alcácer, Rober Ibáñez, Álvaro Negredo"
Sevilla FC,La Liga,2014-2015,5,"David Soria, Sergio Rico, Juan Soriano, Mariano Barbosa, Beto, Timothée Kolodziejczak, Diogo Figueiras, Benoît Trémoulinas, Federico Fazio, Fernando Navarro, Daniel Carriço, Nicolás Pareja, Coke, Alejandro Arribas, Modesto, Denis Suárez, Éver Banega, Luismi Sánchez, Antonio Cotán, Sebastián Cristóforo, Grzegorz Krychowiak, Vicente Iborra, Stéphane Mbia, Fran Tena, Iago Aspas, Carlos Fernández, Juan Muñoz, Gerard Deulofeu, Jairo Samperio, Carlos Bacca, Kévin Gameiro, José Antonio Reyes, Vitolo, Aleix Vidal"
Villarreal CF,La Liga,2014-2015,6,"Aitor Fernández, Miguel Bañuz, Sergio Asenjo, Juan Carlos, Alfonso Pedraza, Eric Bailly, Adrián Marín, Gabriel Paulista, Javi Jiménez, Mario Gaspar, Pipe, Israel Puerto, Bojan Jokic, Mateo Musacchio, Víctor Ruiz, Chechu Dorado, Jaume Costa, Antonio Rukavina, Aleix García, Anton Shvets, Manu Trigueros, Jonathan dos Santos, Sergio Marcos, Tomás Pina, Bruno Soriano, Javier Espinosa, Gerard Moreno, Moi Gómez, Luciano Vietto, Matías Nahuel, Joel Campbell, Fran Sol, Denis Cheryshev, José Naranjo, Ikechukwu Uche, Giovani dos Santos, Cani"
Bilbao Athletic,La Liga,2014-2015,7,"Unai Simón, Álex Remiro, Kepa Arrizabalaga, Hodei Oleaga, Markel Areitio, Jon Ander Felipe, Unai Etxebarria, Unai Bilbao, Iñigo Lekue, Yeray Álvarez, Óscar Gil, Andoni López, Gorka Pérez, Markel Etxeberria, Jon Agirrezabala, Ander Santamaría, Egoitz Magdaleno, Mikel Juaristi, Urtzi Iriondo, Imanol Corral, Mikel Vesga, Iker Undabarrena, Urtzi Urzelay, Jorge García, Asier Etxaburu, Ander Alday, Jon Iru, Néstor Salinas, Martín Bengoa, Gorka Iturraspe, Iñaki Williams, Gorka Guruzeta, Asier Villalibre, Mario Barco, Sabin Merino, Iñigo Baqué, Aitor Seguín, Gorka Santamaría, Julen Uriguen, Iñigo Pradera, Jurgi Oteo, Alex Larrayoz"
Celta de Vigo,La Liga,2014-2015,8,"Rubén Blanco, Sergio Álvarez, Jonny Otto, David Costas, Hugo Mallo, Sergi Gómez, Kevin Vázquez, Diego Alende, Gustavo Cabral, Andreu Fontàs, Carles Planas, Samu Araújo, Nemanja Radoja, Levy Madinda, Borja Fernández, Borja Oubiña, Pablo Hernández, Álex López, Michael Krohn-Dehli, Augusto Fernández, Pape Cheikh, Théo Bongonda, Borja Iglesias, Joaquín Larrivey, Santi Mina, Charles, Nolito, Fabián Orellana"
Málaga CF,La Liga,2014-2015,9,"Guillermo Ochoa, Carlos Kameni, Agustín Cousillas, Roberto Rosales, Egor Filipenko, Roberto Chen, Weligton, Flávio Ferreira, Antunes, Marcos Angeleri, Arthur Boka, José Manuel Casado, Sergio Sánchez, Miguel Torres, Luis Alberto, Sergi Darder, Juanpi, Ignacio Camacho, Fernando Tissone, Recio, Duda, Ricardo Horta, Juanmi, Samu Castillejo, Francisco Portillo, Nordin Amrabat, Roque Santa Cruz, Samu García, Javi Guerra, Ezequiel Rescaldani"
RCD Espanyol Barcelona,La Liga,2014-2015,10,"Pau López, Germán Parreño, Andrés Prieto, Kiko Casilla, Lucas Vázquez, Rubén Duarte, Eric Bailly, David López, Carlos Clerc, Álvaro González, Rober Correa, Anaitz Arbilla, Felipe Mattioni, Raúl Rodríguez, Víctor Álvarez, Héctor Moreno, Javi López, Juan Rafael Fuentes, Diego Colotto, Joan Jordán, Álex Fernández, José Alberto Cañas, Víctor Sánchez, Salva Sevilla, Abraham González, Julián Luque, Cristhian Stuani, Felipe Caicedo, Sergio García, Manu Lanzarote, Paco Montañés, Jairo Morillas"
Rayo Vallecano,La Liga,2014-2015,11,"David Cobeño, Cristian Álvarez, Toño, Álex Campos, Álex Moreno, Javier Aquino, Quini, Nacho Martínez, Abdoulaye Ba, Tito, Antonio Amaya, Emiliano Insúa, Zé Castro, Jorge Morcillo, Gaël Kakuta, Pablo Clavería, Mohammed Fatau, Raúl Baena, Roberto Trashorras, Jozabed Sánchez, Alejandro Pozuelo, Adrián Embarba, Léo Baptistão, Miku, Lass Bangoura, Manucho, Jonathan Pereira, Licá, Alberto Bueno"
Real Sociedad,La Liga,2014-2015,12,"Gerónimo Rulli, Eñaut Zubikarai, Ander Bardají, Iñigo Martínez, Aritz Elustondo, Yuri Berchiche, Joseba Zaldua, Alexander Callens, Carlos Martínez, Mikel González, Ion Ansotegi, Dani Estrada, Alberto de la Bella, Sergio Canales, Rubén Pardo, Eneko Capilla, Alejandro Sanz, Jon Gaztañaga, Gorka Elustondo, Markel Bergara, Esteban Granero, Xabi Prieto, David Zurutuza, Alain Oyarzun, Pablo Hervías, Alfred Finnbogason, Imanol Agirretxe, Carlos Vela, Chory Castro, Iker Hernández"
Elche CF,La Liga,2014-2015,13,"Pol Freixanet, Przemyslaw Tyton, Manu Herrera, José Carlos Álvarez, Enzo Roco, Damián Suárez, David Lombán, Domingo Cisma, José Ángel, Sergio Pelegrín, Edu Albacar, Rafa Gálvez, Nacho Porcar, Mario Pašalić, Fayçal Fajr, Pedro Mosquera, Adrián González, Víctor Rodríguez, Mario Arqués, Franco Fragapane, Garry Rodrigues, Álvaro Giménez, Cristian Herrera, Moha Traoré, Aarón Ñíguez, Ferrán Corominas, Jonathas, Samu Martínez, Jose Antonio Peral"
Getafe CF,La Liga,2014-2015,14,"Vicente Guaita, Jonathan López, Jordi Codina, Emiliano Velázquez, Sergio Escudero, Naldo, Carlos Vigaray, Alexis Ruano, Roberto Lago, Álvaro Arroyo, Rafa López, Juan Valera, Edu Payá, Pablo Villalón, Emiliano Buendía, Ivi López, Pedro Astray, Míchel Madera, Sammir, Mehdi Lacen, Míchel Herrero, Juan Rodríguez, Alex Felip, Philtzgerald Mbaka, Pablo Sarabia, Pere Milla, Fredy Hinestroza, Álvaro Vázquez, Karim Yoda, Pedro León, Ángel Lafita, Baba, Diego Castro"
Levante UD,La Liga,2014-2015,15,"Diego Mariño, Jesús Fernández, Iván López, Toño García, David Navarro, Héctor Rodas, Loukas Vyntra, Juanfran, Iván Ramis, Nikolaos Karabelas, Pedro López, Jordi César, Víctor Camarasa, Issam El Adoua, Víctor Pérez, Andreas Ivanschitz, Mohamed Sissoko, Pape Diop, Simão, José Mari, Jason Remeseiro, Rubén García, José Luis Morales, Juan Delgado, Kalu Uche, David Barral, Nabil El Zhar, Rafael Martins, Jaime Gavilán, Jordi Xumetra, Víctor Casadesús"
SD Eibar,La Liga,2014-2015,16,"Xabi Irureta, Jon Irazusta, Jaime Jiménez, Raúl Albentosa, Rafa Páez, Eneko Bóveda, Txema Añibarro, Borja Ekiza, Ander Capa, Lillo Castellano, Dídac Vilà, Raúl Navas, Abraham Minero, Dani García, Jon Errasti, Borja Fernández, Derek Boateng, Javi Lara, Ángel Rodríguez, Dani Nieto, Mikel Arruabarrena, Dejan Lekic, Federico Piovaccari, Manu del Moral, Saúl Berjón"
Deportivo de La Coruña,La Liga,2014-2015,17,"David Gómez, Germán Lux, Fabri, Pablo Insua, Borja López, Modibo Diakité, Diego Seoane, Iago López, Manuel Pablo, Roberto Canella, Juanfran Moreno, Sidnei, Laure, Luisinho, Alberto Lopo, José Rodríguez, Juan Carlos Real, Celso Borges, Dani Iglesias, Marcos Remeseiro, Álex Bergantiños, Haris Medunjanin, Juan Domínguez, Cezary Wilk, Luis Fariña, Ivan Cavaleiro, Hélder Costa, Lucas Pérez, Hélder Postiga, Isaac Cuenca, Diogo Salomão, Toché, Oriol Riera"
Granada CF,La Liga,2014-2015,18,"Stole Dimitrievski, Oier Olazábal, Roberto Fernández, Dimitri Foulquier, Jeison Murillo, Marcelo Djaló, Allan Nyom, Eddy Israfilov, Juankar, Emanuel Insúa, Luís Martins, Jean-Sylvain Babin, Héctor Yuste, Diego Maínz, Dany Nounkeu, Juan Cala, Fran Morante, Uche Agbo, Rubén Pérez, Sulayman Marreh, Clifford Aboagye, Fran Rico, Javi Márquez, Piti, Manuel Iturra, Abdoul Wahid Sissoko, Jhon Córdoba, Isaac Success, Darwin Machís, Alfredo Ortuño, Rober Ibáñez, Youssef El Arabi, Rubén Rochina, Daniel Candeias, Riki, Lass Bangoura, Adrián Colunga, Daniel Larsson, Nico Hidalgo"
UD Almería,La Liga,2014-2015,19,"Julián Cuesta, Yeray Gómez, Rubén Martínez, Fran Vélez, Michel Macedo, Ximo Navarro, Antonio Marín, Charlie Took, Ángel Trujillo, Mauro dos Santos, José Manuel Casado, Sebastián Dubarbier, Mané, Thomas Partey, José Ángel Jurado, Carlos Selfa, Verza, Miguel Ángel Corona, Fernando Soriano, Javier Espinosa, Ramon Azeez, Iván Sánchez, Wellington Silva, Thievy Bifouma, Dani Romera, Edgar Méndez, Quique González, Teerasil Dangda, Gaspar Panadero, Tomer Hemed, Jonathan Zongo"
Córdoba CF,La Liga,2014-2015,20,"Juan Carlos, Mikel Saizar, Edu Campabadal, Aleksandar Pantic, José Crespo, Iago Bouzón, Edimar, Iñigo López, Deivid, Adrián Gunino, Dani Pinillos, Jonathan Bijimine, Fran Serrano, Bruno Zuculini, Fede Vico, Patrick Ekeng, Luso Delgado, Fausto Rossi, José Carlos, Borja García, Carlos Caballero, Rene Krhin, Aritz López Garai, Abel Gómez, Fede Cartabia, Bebé, Fidel, Florin Andone, Sergio García, Ryder Matos, Xisco, Héldon, Nabil Ghilas, José María López Silva, Mike Havenaar, José Fran"
FC Barcelona,La Liga,2015-2016,1,"Marc-André ter Stegen, Claudio Bravo, Jordi Masip, Marc Bartra, Jordi Alba, Douglas, Gerard Piqué, Dani Alves, Adriano, Thomas Vermaelen, Jérémy Mathieu, Neymar, Carles Aleñá, Aitor Cantalapiedra, Munir El Haddadi, Sergi Roberto, Gerard Gumbau, Sergio Busquets, Sergi Samper, Wilfrid Kaptoum, Juan Cámara, Ivan Rakitic, Andrés Iniesta, Rafinha, Javier Mascherano, Lionel Messi, Luis Suárez, Sandro Ramírez, Pedro, Dani Romera, Arda Turan, Aleix Vidal"
Real Madrid,La Liga,2015-2016,2,"Rubén Yáñez, Keylor Navas, Álex Craninx, Kiko Casilla, Marcos Llorente, Philipp Lienhart, Daniel Carvajal, Lucas Vázquez, Danilo, Nacho Fernández, Álvaro Tejero, Sergio Ramos, Raphaël Varane, Pepe, Marcelo, Álvaro Arbeloa, Martin Ødegaard, Mateo Kovacic, Casemiro, Luka Modrić, Isco, James Rodríguez, Toni Kroos, Cristiano Ronaldo, Borja Mayoral, Karim Benzema, José Carlos Lazo, Jesé, Denis Cheryshev, Gareth Bale"
Atlético de Madrid,La Liga,2015-2016,3,"Jan Oblak, Miguel Ángel Moyá, Theo Hernández, Lucas Hernández, José María Giménez, Stefan Savic, Borja González, Nacho Monsalve, Diego Godín, Filipe Luís, Guilherme Siqueira, Jesús Gámez, Juanfran Torres, Koke, Thomas Partey, Óliver Torres, Saúl Ñíguez, Matías Kranevitter, Tiago Mendes, Raúl García, Augusto Fernández, Gabi, Antoine Griezmann, Ángel Correa, Yannick Carrasco, Luciano Vietto, Fernando Torres, Jackson Martínez, Roberto Núñez, Samuel Villa"
Villarreal CF,La Liga,2015-2016,4,"Alphonse Areola, Sergio Asenjo, Mariano Barbosa, Alfonso Pedraza, Eric Bailly, Adrián Marín, Mario Gaspar, Miguel Llambrich, Bojan Jokic, Mateo Musacchio, Víctor Ruiz, Jaume Costa, Antonio Rukavina, Daniele Bonera, Pablo Iñiguez, Rodri, Denis Suárez, Manu Trigueros, Jonathan dos Santos, Tomás Pina, Bruno Soriano, Cédric Bakambu, Léo Baptistão, Matías Nahuel, Samu Castillejo, Samu García, Roberto Soldado, Adrián López"
Bilbao Athletic,La Liga,2015-2016,5,"Unai Simón, Álex Remiro, Hodei Oleaga, Jon Ander Felipe, Unai Núñez, Unai Bilbao, Iñigo Lekue, Yeray Álvarez, Óscar Gil, Enric Saborit, Andoni López, Jon Sillero, Markel Etxeberria, Jorge Bengoetxea, Jon Agirrezabala, Jonás Ramalho, Xiker Ozerinjauregi, Aitor Arego, Oli, Julen Arellano, Urtzi Iriondo, Egoitz Magdaleno, Iñigo Sukia, Unai López, Mikel Vesga, Peru Nolaskoain, Lander Olaetxea, Iker Undabarrena, Markel Lozano, Urtzi Urzelay, Antonio Salado, Iñigo Arzuaga, Martín Bengoa, Gorka Iturraspe, Jon Iru, Gorka Guruzeta, Iñigo Vicente, Iñigo Córdoba, Asier Villalibre, Ager Aketxe, Iker Guarrotxena, Alex Valiño, Iñigo Baqué, Aitor Seguín, Gorka Santamaría, Izaro Abella, Iñigo Pradera, Iker Hernández, Jurgi Oteo, Alex Larrayoz"
Celta de Vigo,La Liga,2015-2016,6,"Rubén Blanco, Sergio Álvarez, Néstor Díaz, Jonny Otto, David Goldar, Hugo Mallo, Sergi Gómez, Diego Alende, Gustavo Cabral, Andreu Fontàs, Carles Planas, Nemanja Radoja, Daniel Wass, Josep Señé, Levy Madinda, Borja Fernández, Marcelo Díaz, Pablo Hernández, Augusto Fernández, Pape Cheikh, Théo Bongonda, Borja Iglesias, Iago Aspas, Dejan Drazic, John Guidetti, Nolito, Claudio Beauvue, Fabián Orellana"
Sevilla FC,La Liga,2015-2016,7,"David Soria, Sergio Rico, Beto, José Matos, Timothée Kolodziejczak, Sergio Escudero, David Carmona, Diogo Figueiras, Mariano, Benoît Trémoulinas, Adil Rami, Daniel Carriço, Federico Fazio, Marco Andreolli, Nicolás Pareja, Coke, Diego González, Denis Suárez, Ivi López, Éver Banega, Gaël Kakuta, Steven Nzonzi, Luismi Sánchez, Antonio Cotán, Sebastián Cristóforo, Grzegorz Krychowiak, Michael Krohn-Dehli, Vicente Iborra, Borja Lasso, Ciro Immobile, Curro Sánchez, Carlos Fernández, Juan Muñoz, Kévin Gameiro, José Antonio Reyes, Vitolo, Yevgen Konoplyanka, Fernando Llorente"
Málaga CF,La Liga,2015-2016,8,"Aarón Escandell, Guillermo Ochoa, Carlos Kameni, Federico Ricca, Juankar, Roberto Rosales, Raúl Albentosa, Egor Filipenko, Weligton, Flávio Ferreira, Marcos Angeleri, Arthur Boka, Miguel Torres, Pablo Fornals, Sergi Darder, Juanpi, Miguel Cifuentes, Hachim Mastour, Ignacio Camacho, Fábio Espinho, Fernando Tissone, Recio, Duda, Ricardo Horta, Javi Ontiveros, Nordin Amrabat, Duje Cop, Roque Santa Cruz, Chory Castro, Ikechukwu Uche, Charles, Christian Atsu, Adnane Tighadouini"
Real Sociedad,La Liga,2015-2016,9,"Gerónimo Rulli, Oier Olazábal, Ander Bardají, Igor Zubeldia, Iñigo Martínez, Aritz Elustondo, Yuri Berchiche, Diego Reyes, Álvaro Odriozola, Joseba Zaldua, Carlos Martínez, Mikel González, Ion Ansotegi, Héctor Hernández, Alberto de la Bella, Raúl Navas, Sergio Canales, Asier Illarramendi, Rubén Pardo, Eneko Capilla, Markel Bergara, Esteban Granero, Xabi Prieto, David Zurutuza, Mikel Oyarzabal, Bruma, Jon Bautista, Alain Oyarzun, Imanol Agirretxe, Carlos Vela, Chory Castro, Jonathas"
Real Betis Balompié,La Liga,2015-2016,10,"Pedro López, Antonio Adán, Ángel de la Calzada, Dani Giménez, Germán Pezzella, Martín Montoya, Fran Varela, Amro Tarek, Francisco Molinero, Bruno González, Jordi Figueras, Juan Manuel Vargas, Cristiano Piccini, Heiko Westermann, Fabián Ruiz, Dani Ceballos, Petros, Alfred N'Diaye, Foued Kadir, Xavi Torres, Didier Digard, Rafael van der Vaart, Ricky van Wolfswinkel, Francisco Portillo, Álvaro Vadillo, Joaquín, Vincenzo Rennella, Charly Musonda Jr., Leandro Damião, Álvaro Cejudo, Jorge Molina, Rubén Castro, Fran Díaz"
Valencia CF,La Liga,2015-2016,11,"Mathew Ryan, Yoel Rodríguez, Diego Alves, Jaume Doménech, João Cancelo, José Gayà, Toni Lato, Rúben Vezo, Diego Caballo, Aderllan Santos, Shkodran Mustafi, Guilherme Siqueira, Lucas Orbán, Antonio Barragán, Aymen Abdennour, Ibrahim Diallo, Rodrigo De Paul, Carlos Soler, André Gomes, Danilo Barbosa, Dani Parejo, Fran Villalba, Sofiane Feghouli, Enzo Pérez, Tropi, Pablo Piatti, Javi Fuego, Wilfried Zahibo, Rafa Mir, Rodrigo, Paco Alcácer, Nacho Gil, Denis Cheryshev, Iban Salvador, Sito, Zakaria Bakkali, Álvaro Negredo, Santi Mina"
UD Las Palmas,La Liga,2015-2016,12,"Raúl Lizoain, Javi Varas, Dani Lorenzo, Mauricio Lemos, Pedro Bigas, David Simón, Antolín Alcaraz, Stéphane Serbourdin, David García, Ángel López, Aythami Artiles, Javier Garrido, Dani Castellano, Jonathan Viera, Roque Mesa, Nili Perdomo, Tana, Javi Castellano, Emmanuel Culio, Vicente Gómez, Mubarak Wakaso, Hernán Santana, Ángel Montoro, Juan Carlos Valerón, Willian José, Jefté Betancor, Sergio Araujo, Carlos González, Asdrúbal Padrón, Nauzet Alemán, Momo, Nabil El Zhar, Jeremy Betancor"
SD Eibar,La Liga,2015-2016,13,"Xabi Irureta, Asier Riesgo, Jaime Jiménez, Jorge Mediavilla, Eddy Israfilov, David Juncà, Antonio Luna, Aleksandar Pantic, Ion Ansotegi, Iván Ramis, Ander Capa, Mauro dos Santos, Lillo Castellano, Borja Ekiza, Julen López, Ander Gayoso, Imanol Corral, Josip Radosevic, Dani García, Simone Verdi, Gonzalo Escalante, Íñigo Barrenetxea, Jon Errasti, Adrián González, Asier Etxaburu, Kike García, Borja Bastón, Thaylor, Sergi Enrich, Takashi Inui, Mikel Arruabarrena, Izet Hajrovic, Keko Gontán, Saúl Berjón, Jota Peleteiro"
RCD Espanyol Barcelona,La Liga,2015-2016,14,"Pau López, Francesco Bardi, Andrés Prieto, Giedrius Arlauskis, Rubén Duarte, Antonio Raíllo, Lluís López, Enzo Roco, Álvaro González, Óscar Duarte, Rober Correa, Anaitz Arbilla, Víctor Álvarez, Michaël Ciani, Javi López, Juan Rafael Fuentes, Cristian Galas, Marco Asensio, Joan Jordán, Marc Navarro, José Alberto Cañas, Víctor Sánchez, Salva Sevilla, Abraham González, Pape Diop, Gerard Moreno, Mamadou Sylla, Adrián Dalmau, Felipe Caicedo, Rufo, Hernán Pérez, Burgui, Paco Montañés"
Deportivo de La Coruña,La Liga,2015-2016,15,"Fabri, David Gómez, Germán Lux, Stipe Pletikosa, Manu Fernández, Róber Pier, Saúl García, Manuel Pablo, Fernando Navarro, Juanfran Moreno, Sidnei, Alejandro Arribas, Laure, Luisinho, Alberto Lopo, Luis Alberto, Fayçal Fajr, Celso Borges, Haris Medunjanin, Álex Bergantiños, Pedro Mosquera, Juan Domínguez, Jonás Gutiérrez, Jonathan Rodríguez, Miguel Cardoso, Fede Cartabia, Óscar Pinchi, Lucas Pérez, Cani, Oriol Riera"
Sporting Gijón,La Liga,2015-2016,16,"Iván Cuéllar, Dennis Díaz, Alberto García, Igor Lichnovsky, Jorge Meré, Luis Hernández, Álex Menéndez, Bernardo Espinosa, Alberto Guitián, Roberto Canella, Isma López, Ognjen Vranjes, Omar Mascarell, Alen Halilovic, Sergio Álvarez, Juan Muñiz, Pablo Pérez, Alberto Lora, Álex Barrera, Nacho Cases, Rachid Aït-Atmane, Dani Ndi, Antonio Sanabria, Miguel Ángel Guerrero, Carlos Castro, Carlos Carmona, Hugo Fraile, Jony, Sergio Mendi"
Granada CF,La Liga,2015-2016,17,"Stole Dimitrievski, Andrés Fernández, Jesús Fernández, Ivan Kelava, Matheus Dória, Cristiano Biraghi, Dimitri Foulquier, Salva Ruiz, Jean-Sylvain Babin, David Lombán, Diego Maínz, Miguel Lopes, Neuton, Ricardo Costa, Abdoulaye Doucouré, Uche Agbo, Rubén Pérez, Clifford Aboagye, Fran Rico, Javi Márquez, Piti, Rene Krhin, Jhon Córdoba, Nicolás López, Isaac Success, Thievy Bifouma, Rober Ibáñez, Edgar Méndez, Adalberto Peñaranda, Youssef El Arabi, Rubén Rochina, David Barral, Isaac Cuenca"
Rayo Vallecano,La Liga,2015-2016,18,"Juan Carlos, Yoel Rodríguez, David Cobeño, Toño, Álex Campos, Sergio Akieme, Diego Llorente, Nacho Martínez, Quini, Chengdong Zhang, Tito, Antonio Amaya, Chechu Dorado, Răzvan Raț, Zé Castro, José Crespo, Joni Montiel, Pablo Clavería, Manuel Iturra, Ousseynou Cissé, Raúl Baena, Roberto Trashorras, Piti, Luis Fariña, Jozabed Sánchez, Adrián Embarba, Bebé, Juancho Victoria, Miku, Manucho, Pablo Hernández, Aras Özbiliz, Lass Bangoura, Patrick Ebert, Javi Guerra"
Getafe CF,La Liga,2015-2016,19,"Vicente Guaita, Balázs Megyeri, Emiliano Velázquez, José Carrillo, Carlos Vigaray, Damián Suárez, Alexis Ruano, Álvaro Pereira, Roberto Lago, Santiago Vergini, Juan Cala, Javi Noblejas, Miguel Muñoz, Emiliano Buendía, Álvaro Medrán, Bernard Mensah, Borja Galán, Mehdi Lacen, Víctor Rodríguez, Juan Rodríguez, Pablo Sarabia, Wanderson, Moi Gómez, Pedro León, Álvaro Vázquez, Karim Yoda, Stefan Scepovic, Henok Goitom, Ángel Lafita, Ian González"
Levante UD,La Liga,2015-2016,20,"Diego Mariño, Jesús Fernández, Rubén Martínez, Dani Calvo, Iván López, Toño García, David Navarro, Juanfran, Carl Medjani, Nikolaos Karabelas, Lucas Orbán, Ángel Trujillo, Pedro López, Zouhair Feddal, Pepelu, Jefferson Lerma, Víctor Camarasa, Simão, Verza, José Mari, Joan Verdú, Rubén García, José Luis Morales, Deyverson, Roger Martí, Mauricio Cuero, Jordi Xumetra, Víctor Casadesús, Giuseppe Rossi, Nabil Ghilas, Álvaro Traver"
Real Madrid,La Liga,2016-2017,1,"Rubén Yáñez, Keylor Navas, Kiko Casilla, Achraf Hakimi, Marcos Llorente, Daniel Carvajal, Lucas Vázquez, Danilo, Nacho Fernández, Álvaro Tejero, Sergio Ramos, Pepe, Raphaël Varane, Marcelo, Fábio Coentrão, Martin Ødegaard, Mateo Kovacic, Marco Asensio, Casemiro, Luka Modrić, Isco, James Rodríguez, Toni Kroos, Enzo Zidane, Cristiano Ronaldo, Álvaro Morata, Karim Benzema, Mariano Díaz, Gareth Bale"
FC Barcelona,La Liga,2016-2017,2,"Marc-André ter Stegen, Jasper Cillessen, Claudio Bravo, Jordi Masip, Lucas Digne, Marlon, Jordi Alba, Borja López, Douglas, Gerard Piqué, Samuel Umtiti, Jérémy Mathieu, Neymar, André Gomes, Carles Aleñá, Munir El Haddadi, Sergi Roberto, Denis Suárez, Sergio Busquets, Sergi Samper, Àlex Carbonell, Wilfrid Kaptoum, Nili Perdomo, Ivan Rakitic, Andrés Iniesta, Rafinha, Javier Mascherano, Lionel Messi, Paco Alcácer, Luis Suárez, Marc Cardona, Arda Turan, Aleix Vidal"
Atlético de Madrid,La Liga,2016-2017,3,"Jan Oblak, André Moreira, Bernabé Barragán, Miguel Ángel Moyá, Lucas Hernández, Caio Henrique, José María Giménez, Stefan Savic, Tachi, Rafa Muñoz, Diego Godín, Filipe Luís, Javier Manquillo, Sime Vrsaljko, Juanfran Torres, Álex García, Koke, Thomas Partey, Saúl Ñíguez, Keidi Bare, Toni Moya, Roberto Olabe, Tiago Mendes, Augusto Fernández, Gabi, Nico Gaitán, Juan Moreno, Antoine Griezmann, Ángel Correa, Yannick Carrasco, Ferni, Nicolás Schiappacasse, Mohammed Zakaria Boulahia, Fernando Torres, Alessio Cerci, Diogo Jota, Kévin Gameiro, Roberto Núñez"
Sevilla FC,La Liga,2016-2017,4,"David Soria, Sergio Rico, José Antonio Caro, Salvatore Sirigu, Clément Lenglet, Álex Pozo, Álex Muñoz, José Matos, Cristian Tassano, Timothée Kolodziejczak, Sergio Escudero, David Carmona, Gabriel Mercado, Mariano, Benoît Trémoulinas, Daniel Carriço, Nicolás Pareja, Adil Rami, Diego González, Franco Vázquez, Matías Kranevitter, Steven Nzonzi, Ganso, Walter Montoya, Pepe Mena, Hiroshi Kiyotake, Michael Krohn-Dehli, Vicente Iborra, Samir Nasri, Borja Lasso, Pablo Sarabia, Joaquín Correa, Luciano Vietto, Wissam Ben Yedder, Carlos Fernández, Stevan Jovetić, Yevgen Konoplyanka, Vitolo"
Villarreal CF,La Liga,2016-2017,5,"Andrés Fernández, Sergio Asenjo, Mariano Barbosa, Pau Torres, Álvaro González, Mario Gaspar, Cote, Mateo Musacchio, Víctor Ruiz, Jaume Costa, Antonio Rukavina, Daniele Bonera, Rodri, Aitor Cantalapiedra, Manu Trigueros, Roberto Soriano, Jonathan dos Santos, Pablo Larrea, Ramón Bueno, Alfred N'Diaye, Bruno Soriano, Rafael Borré, Dani Raba, Leo Suárez, Cédric Bakambu, Mario González, José Carlos Lazo, Samu Castillejo, Nicola Sansone, Darío Poveda, Denis Cheryshev, Roberto Soldado, Alexandre Pato, Adrián López"
Real Sociedad,La Liga,2016-2017,6,"Gerónimo Rulli, Toño, Ander Bardají, Igor Zubeldia, Iñigo Martínez, Aritz Elustondo, Yuri Berchiche, Kévin Rodrigues, Álvaro Odriozola, Joseba Zaldua, Carlos Martínez, Mikel González, Héctor Hernández, Raúl Navas, Sergio Canales, Jon Guridi, Asier Illarramendi, Rubén Pardo, Jon Gaztañaga, Markel Bergara, Esteban Granero, Xabi Prieto, David Zurutuza, Mikel Oyarzabal, Jon Bautista, Willian José, Juanmi, David Concha, Imanol Agirretxe, Carlos Vela"
Bilbao Athletic,La Liga,2016-2017,7,"Unai Simón, Hodei Oleaga, Ander Iru, Unai Etxebarria, Unai Núñez, Unai Bilbao, Oier Sarriegi, Andoni López, Jon Sillero, Gorka Pérez, Mikel Kortazar, Odei Onaindia, Jon Agirrezabala, Javier Murua, Aitor Arego, Mikel Murgoitio, Oli, Oier Zarraga, Peru Nolaskoain, Lander Olaetxea, Iker Undabarrena, Markel Lozano, Víctor San Bartolomé, Tarsi Aguado, Urtzi Urzelay, Antonio Salado, Ander Dulce, Martín Bengoa, Gorka Iturraspe, Ander Alday, Julen Bernaola, Gorka Guruzeta, Iñigo Vicente, Jon Morcillo, Iñigo Córdoba, Asier Villalibre, Yanis Rahmani, Alex Valiño, Aitor Seguín, Iñigo Baqué, Iker Hernández, Jurgi Oteo, Izaro Abella, Iñigo Pradera, Dopi"
RCD Espanyol Barcelona,La Liga,2016-2017,8,"Pau López, Andrés Prieto, Roberto, Diego López, Aarón Martín, Rubén Duarte, David López, Diego Reyes, Álvaro González, Óscar Duarte, Martín Demichelis, Víctor Álvarez, Michaël Ciani, Javi López, Marc Roca, Óscar Melendo, Marc Navarro, Víctor Sánchez, Salva Sevilla, José Manuel Jurado, Javi Fuego, Pablo Piatti, Pape Diop, Gerard Moreno, Léo Baptistão, Felipe Caicedo, Álvaro Vázquez, Hernán Pérez, José Antonio Reyes"
Deportivo Alavés,La Liga,2016-2017,9,"Fernando Pacheco, Adrián Ortolá, Theo Hernández, Marcos Llorente, Rodrigo Ely, Kiko Femenía, Einar Galilea, Martín Aguirregabiria, Aleksandar Pantic, Carlos Vigaray, Raúl Carnero, Alexis Ruano, Víctor Laguardia, Zouhair Feddal, Manu García, Óscar Romero, Aleksandar Katai, Víctor Camarasa, Dani Torres, Sergio Llamas, Manu García, Nenad Krsticic, Cristian Espinoza, Rubén Sobrino, Deyverson, Edgar Méndez, Christian Santos, Manu Barreiro, Ibai Gómez, Gaizka Toquero"
SD Eibar,La Liga,2016-2017,10,"Yoel Rodríguez, Asier Riesgo, Quique Cebriá, Markel Areitio, Florian Lejeune, Rubén Peña, Anaitz Arbilla, David Juncà, Antonio Luna, Alejandro Gálvez, Iván Ramis, Ander Capa, Mauro dos Santos, Julen López, Dani García, Gonzalo Escalante, Christian Rivera, Imanol Sarriegi, Fran Rico, Adrián González, Kike García, Josué Dorrio, Bebé, Sergi Enrich, Takashi Inui, Pedro León, Jota Peleteiro, Nano Mesa"
Málaga CF,La Liga,2016-2017,11,"Aarón Escandell, Carlos Kameni, Denys Boyko, Diego Llorente, Federico Ricca, Mikel Villanueva, Juankar, Roberto Rosales, Luis Hernández, Bakary Koné, Martín Demichelis, Weligton, Miguel Torres, Pablo Fornals, Kuki Zalazar, Juanpi, Luis Muñoz, José Rodríguez, Ignacio Camacho, Recio, Duda, Zdravko Kuzmanovic, Youssef En-Nesyri, Javi Ontiveros, Sandro Ramírez, Michael Santos, Adalberto Peñaranda, Álex Mula, Charles, Chory Castro, Keko Gontán, Jony"
Valencia CF,La Liga,2016-2017,12,"Mathew Ryan, Diego Alves, Jaume Doménech, João Cancelo, José Gayà, Nacho Vidal, Toni Lato, Rúben Vezo, Martín Montoya, Eliaquim Mangala, Aderllan Santos, Guilherme Siqueira, Shkodran Mustafi, Aymen Abdennour, Ezequiel Garay, Javi Jiménez, Carlos Soler, Álvaro Medrán, Munir El Haddadi, Dani Parejo, Eugeni, Enzo Pérez, Mario Suárez, Rafa Mir, Rodrigo, Paco Alcácer, Fede Cartabia, Nacho Gil, Vinícius Araújo, Rober Ibáñez, Sito, Zakaria Bakkali, Nando García, Álvaro Negredo, Fabián Orellana, Simone Zaza, Nani, Santi Mina"
Celta de Vigo,La Liga,2016-2017,13,"Iván Villar, Rubén Blanco, Sergio Álvarez, Jonny Otto, David Costas, Hugo Mallo, Sergi Gómez, Álvaro Lemos, Gustavo Cabral, Facundo Roncaglia, Andreu Fontàs, Carles Planas, Nemanja Radoja, Andrew Hjulsager, Daniel Wass, Josep Señé, Marcelo Díaz, Pape Cheikh, Pablo Hernández, Jozabed Sánchez, Théo Bongonda, Iago Aspas, Pione Sisto, Dejan Drazic, José Naranjo, John Guidetti, Claudio Beauvue, Fabián Orellana, Giuseppe Rossi"
UD Las Palmas,La Liga,2016-2017,14,"Raúl Lizoain, Javi Varas, Mauricio Lemos, Eric Curbelo, Pedro Bigas, Michel Macedo, Hélder Lopes, David Simón, David García, Aythami Artiles, Dani Castellano, Alen Halilovic, Jonathan Viera, Roque Mesa, Tyronne, Tana, Javi Castellano, José Artiles, Vicente Gómez, Ángel Montoro, Kevin-Prince Boateng, Hernán Santana, Marko Livaja, Erik Expósito, Mateo García, Benito Ramírez, Alfredo Ortuño, Jesé, Sergio Araujo, Nabil El Zhar, Héctor Figueroa, Asdrúbal Padrón, Momo"
Real Betis Balompié,La Liga,2016-2017,15,"Antonio Adán, Dani Giménez, Manu Herrera, Germán Pezzella, Aïssa Mandi, Alin Toșca, José Carlos Ramírez, Riza Durmisi, Álex Martínez, Rafa Navarro, Bruno González, Cristiano Piccini, Ryan Donk, Fabián Ruiz, Dani Ceballos, Darko Brasanac, Rubén Pardo, Jonas Martin, Petros, Felipe Gutiérrez, Antonio Sanabria, Matías Nahuel, Charly Musonda Jr., Álvaro Cejudo, Joaquín, Roman Zozulya, Álex Alegría, Rubén Castro"
Deportivo de La Coruña,La Liga,2016-2017,16,"Davy Roef, Przemyslaw Tyton, Rubén Martínez, Germán Lux, Róber Pier, Pablo Insua, Saúl García, Nacho Monsalve, Raúl Albentosa, Juanfran Moreno, Fernando Navarro, Sidnei, Alejandro Arribas, Laure, Luisinho, Edu Expósito, Carles Gil, Guilherme, Gaël Kakuta, Fayçal Fajr, Bicho, Celso Borges, Juan Domínguez, Álex Bergantiños, Pedro Mosquera, Emre Çolak, Joselu, Fede Cartabia, Marlos Moreno, Óscar Pinchi, Lucas Pérez, Borja Valle, Florin Andone, Ola John, Bruno Gama, Ryan Babel, Oriol Riera"
CD Leganés,La Liga,2016-2017,17,"Alberto Brignoli, Diego Barrios, Iago Herrerín, Nereo Champagne, Jon Ander Serantes, Adrián Marín, Diego Rico, Pablo Insua, Sergi Segura, Dimitrios Siovas, Carl Medjani, Tito, Álvaro Molina, Unai Bustinza, Martín Mantovani, Víctor Díaz, Unai López, Rubén Pérez, David Timor, Iu Ranera, Erik Morán, Lluis Sastre, Alberto Martín, Gabriel Pires, Álex Mozo, Luciano, Darwin Machís, Rober Ibáñez, Miguel Ángel Guerrero, Mamadou Koné, Alberto Bueno, Toni Dovale, Samu García, Sergio Arribas, Alexander Szymanowski, Omar Ramos, Nabil El Zhar"
Sporting Gijón,La Liga,2016-2017,18,"Óscar Whalley, Iván Cuéllar, Diego Mariño, Juan Rodríguez, Jorge Meré, Jean-Sylvain Babin, Douglas, Fernando Amorebieta, Elderson, Roberto Canella, Lillo Castellano, Isma López, Mikel Vesga, Cristian Salvador, Sergio Álvarez, Alberto Lora, Víctor Rodríguez, Rachid Aït-Atmane, Nacho Cases, Dani Ndi, Xavi Torres, Akram Afif, Moi Gómez, Pablo Fernández, Rubén Sánchez, Duje Cop, Lacina Traoré, Carlos Castro, Burgui, Carlos Carmona, Borja Viguera"
CA Osasuna,La Liga,2016-2017,19,"Álvaro Fernández, Juan Pérez, Salvatore Sirigu, Mario Fernández, Nauzet Pérez, David García, Unai García, Iván Márquez, Aitor Buñuel, Carlos Clerc, Tano Bonnín, Javier Flaño, Miguel Flaño, Juan Rafael Fuentes, Nikola Vujadinovic, Jhon Mondragón, Goran Causic, Imanol García, Luis Perea, Antonio Otegui, Roberto Torres, Fausto Tienza, Oier Sanjurjo, Fran Mérida, Didier Digard, Raoul Loé, Álex Berenguer, Kike Barja, Kenan Kodro, Aitor Lorea, Sergio León, Oriol Riera, Emmanuel Rivière, Jaime Romero, Miguel de las Cuevas, Javi Álamo, Miguel Olavide"
Granada CF,La Liga,2016-2017,20,"Rui Silva, Guillermo Ochoa, Oier Olazábal, Ivan Kelava, Pervis Estupiñán, Sverrir Ingi Ingason, Dimitri Foulquier, Rúben Vezo, Gastón Silva, Luís Martins, Tito, David Lombán, Gabriel Silva, Franck Tabanou, Matthieu Saunier, Héctor Hernández, Andreas Pereira, Martin Hongla, Jean Carlos Silva, Jon Toral, Sergi Samper, Victorien Angban, Uche Agbo, Fran Rico, Mubarak Wakaso, Javi Márquez, Panagiotis Kone, Rene Krhin, Jérémie Boga, Ezequiel Ponce, Omer Atzili, Sergi Guardiola, Aly Malle, Adrián Ramos, David Barral, Mehdi Carcela-González, Isaac Cuenca, Alberto Bueno, Artem Kravets, Juanan Entrena"
FC Barcelona,La Liga,2017-2018,1,"Marc-André ter Stegen, Jasper Cillessen, Adrián Ortolá, Marc Cucurella, Lucas Digne, Nélson Semedo, Yerry Mina, David Costas, Jordi Alba, Gerard Piqué, Samuel Umtiti, Thomas Vermaelen, André Gomes, Philippe Coutinho, Carles Aleñá, Sergi Roberto, Denis Suárez, Sergio Busquets, Uri Busquets, Ivan Rakitic, Andrés Iniesta, Rafinha, Javier Mascherano, Paulinho, Ousmane Dembélé, Lionel Messi, Paco Alcácer, Luis Suárez, José Manuel Arnáiz, Gerard Deulofeu, Arda Turan, Aleix Vidal"
Atlético de Madrid,La Liga,2017-2018,2,"Jan Oblak, Miguel San Román, Axel Werner, Miguel Ángel Moyá, Álex dos Santos, Lucas Hernández, José María Giménez, Stefan Savic, Carlos Isaac, Antonio Montoro, Diego Godín, Filipe Luís, Sime Vrsaljko, Juanfran Torres, Sergi González, Koke, Thomas Partey, Saúl Ñíguez, Keidi Bare, Toni Moya, Roberto Olabe, Augusto Fernández, Gabi, Nico Gaitán, Juan Moreno, Antoine Griezmann, Ángel Correa, Yannick Carrasco, Luciano Vietto, Diego Costa, Juan Agüero, Alberto Ródenas, Arona Sané, Fernando Torres, Kévin Gameiro, Vitolo"
Real Madrid,La Liga,2017-2018,3,"Luca Zidane, Keylor Navas, Moha Ramos, Kiko Casilla, Achraf Hakimi, Theo Hernández, Marcos Llorente, Daniel Carvajal, Lucas Vázquez, Nacho Fernández, Álvaro Tejero, Manu Hernando, Jesús Vallejo, Sergio Ramos, Raphaël Varane, Marcelo, Marco Asensio, Mateo Kovacic, Casemiro, Dani Ceballos, Luka Modrić, Isco, Óscar Rodríguez, Jaime Seoane, Toni Kroos, Luismi Quezada, Cristiano Ronaldo, Borja Mayoral, Karim Benzema, Cristo, Franchu, Gareth Bale"
Valencia CF,La Liga,2017-2018,4,"Neto, Cristian Rivero, Jaume Doménech, João Cancelo, José Gayà, Nacho Vidal, Toni Lato, Rúben Vezo, Gabriel Paulista, Jeison Murillo, Martín Montoya, Ezequiel Garay, Javi Jiménez, Andreas Pereira, Carlos Soler, Geoffrey Kondogbia, Nemanja Maksimovic, Álvaro Medrán, Gonzalo Villar, Dani Parejo, Francis Coquelin, Ferran Torres, Gonçalo Guedes, Rodrigo, Luciano Vietto, Nacho Gil, Rober Ibáñez, Simone Zaza, Fabián Orellana, Santi Mina"
Villarreal CF,La Liga,2017-2018,5,"Ander Cantero, Andrés Fernández, Sergio Asenjo, Mariano Barbosa, Pau Torres, Adrián Marín, Genís Montolio, Rúben Semedo, Pepe Castaño, Álvaro González, Mario Gaspar, Víctor Ruiz, Jaume Costa, Antonio Rukavina, Daniele Bonera, Rodri, Pablo Fornals, Manu Morlanes, Sergio Lozano, Manu Trigueros, Roberto Soriano, Imanol García, Chuca, Alfred N'Diaye, Javi Fuego, Bruno Soriano, Ramiro Guerra, Pedro Martínez, Enes Ünal, Dani Raba, Roger Martínez, Leo Suárez, Cédric Bakambu, Salem Al-Dawsari, Mario González, Samu Castillejo, Nicola Sansone, Darío Poveda, Denis Cheryshev, Carlos Bacca"
Real Betis Balompié,La Liga,2017-2018,6,"Pedro López, Dani Rebollo, Antonio Adán, Dani Giménez, Junior Firpo, Marc Bartra, Aïssa Mandi, Jordi Amat, Alin Toșca, Carlos Redru, Riza Durmisi, Rafa Navarro, Zouhair Feddal, Antonio Barragán, Francis Guerrero, Fabián Ruiz, Ryad Boudebouz, Víctor Camarasa, Julio Gracia, Javi García, Andrés Guardado, Aitor Ruibal, Antonio Sanabria, Loren Morón, Matías Nahuel, Joel Campbell, Juanjo Narváez, Sergio León, Joaquín, Cristian Tello, Rubén Castro"
Sevilla FC,La Liga,2017-2018,7,"David Soria, Sergio Rico, Juan Soriano, Guilherme Arana, Clément Lenglet, Álex Pozo, Lionel Carole, Sergio Escudero, Gabriel Mercado, Sébastien Corchia, Miguel Layún, Simon Kjaer, Daniel Carriço, Nicolás Pareja, Franco Vázquez, Éver Banega, Steven Nzonzi, Ganso, Roque Mesa, Walter Montoya, Johannes Geis, Michael Krohn-Dehli, Guido Pizarro, Jesús Navas, Borja Lasso, Pablo Sarabia, Joaquín Correa, Sandro Ramírez, Wissam Ben Yedder, Luis Muriel, Carlos Fernández, José Alonso Lara, Nolito"
Getafe CF,La Liga,2017-2018,8,"Emiliano Martínez, Filip Manojlovic, Vicente Guaita, Mathías Olivera, Miguel Rubio, Dakonam Djené, Leandro Cabrera, David Alba, Nicolas Gorosito, Damián Suárez, Antunes, Bruno González, Francisco Molinero, Juan Cala, Alberto Redondo, Mauro Arambarri, Fayçal Fajr, Diego Barri, Gaku Shibasaki, Merveil Ndockyt, Dani Pacheco, Markel Bergara, Mathieu Flamini, Mehdi Lacen, Sergio Mora, Gustavo Quezada, Hugo Duro, Amath Ndiaye, Álvaro Jiménez, Francisco Portillo, Carlos Calderón, Ángel Rodríguez, Loïc Rémy, Chuli, Jorge Molina, Jefferson Montero"
SD Eibar,La Liga,2017-2018,9,"Marko Dmitrovic, Yoel Rodríguez, Asier Riesgo, Markel Areitio, Iván Alejo, Vukasin Jovanovic, Rubén Peña, Paulo Oliveira, David Juncà, Anaitz Arbilla, Ángel López, Alejandro Gálvez, Iván Ramis, Ander Capa, Cote, David Lombán, Julen López, Joan Jordán, Dani García, Gonzalo Escalante, Christian Rivera, Imanol Sarriegi, Julen Azkue, Pape Diop, Fran Rico, Kike García, Xesc Regis, Bebé, Takashi Inui, Sergi Enrich, Pedro León, Fabián Orellana, Charles"
Girona FC,La Liga,2017-2018,10,"Yassine Bounou, Marcel Lizak, Gorka Iraizoz, Pedro Porro, Pablo Maffeo, Johan Mojica, Bambo Diaby, Juanpe, Marc Muniesa, Maximiliano Villa, Pedro Alcalá, Jonás Ramalho, Bernardo Espinosa, Aday Benítez, Carles Planas, Douglas Luiz, Aleix García, Farid Boulaya, Pere Pons, David Timor, Álex Granell, Eloi Amagat, Borja García, Michael Olunga, Portu, Choco Lozano, Cristhian Stuani, Marlos Moreno, Kévin Soni, Olarenwaju Kayode"
Real Sociedad,La Liga,2017-2018,11,"Gerónimo Rulli, Andoni Zubiaurre, Toño, Miguel Ángel Moyá, Igor Zubeldia, Iñigo Martínez, Andoni Gorosabel, Diego Llorente, Aritz Elustondo, Kévin Rodrigues, Álvaro Odriozola, Carlos Martínez, Héctor Moreno, Raúl Navas, Alberto de la Bella, Sergio Canales, Ander Guevara, Jon Guridi, Asier Illarramendi, Rubén Pardo, Xabi Prieto, David Zurutuza, Mikel Oyarzabal, Jon Bautista, Willian José, Juanmi, Adnan Januzaj, Imanol Agirretxe, Carlos Vela"
Celta de Vigo,La Liga,2017-2018,12,"Fran Vieites, Iván Villar, Rubén Blanco, Sergio Álvarez, Dani Sotres, Jonny Otto, Diego Pampín, Hugo Mallo, Sergi Gómez, Diego Alende, Gustavo Cabral, Robert Mazan, Facundo Roncaglia, Andreu Fontàs, Stanislav Lobotka, Brais Méndez, Nemanja Radoja, Andrew Hjulsager, Daniel Wass, Dani Molina, Pablo Hernández, Jozabed Sánchez, Lucas Boyé, Maxi Gómez, Dennis Eckert Ayensa, Iago Aspas, Emre Mor, Pione Sisto, Dejan Drazic, John Guidetti, Víctor Pastrana, Claudio Beauvue"
RCD Espanyol Barcelona,La Liga,2017-2018,13,"Pau López, Edu Frías, Adri López, Diego López, Aarón Martín, Mario Hermoso, David López, Óscar Duarte, Naldo, Dídac Vilà, Javi López, Sergio Sánchez, Marc Roca, Sergi Darder, Óscar Melendo, Marc Navarro, Víctor Sánchez, Carlos Sánchez, José Manuel Jurado, Javi Fuego, Pablo Piatti, Pape Diop, Esteban Granero, Gerard Moreno, Léo Baptistão, Álvaro Vázquez, Hernán Pérez, Sergio García, Jairo Morillas"
Deportivo Alavés,La Liga,2017-2018,14,"Antonio Sivera, Fernando Pacheco, Joritz Landeta, Aritz Castro, Guillermo Maripán, Rubén Duarte, Alfonso Pedraza, Rodrigo Ely, Adrián Diéguez, Einar Galilea, Martín Aguirregabiria, Carlos Vigaray, Alexis Ruano, Víctor Laguardia, Héctor Hernández, Víctor López, Álvaro Medrán, Munir El Haddadi, Óscar Romero, Aleksandar Katai, Dani Torres, Tomás Pina, Manu García, Enzo Zidane, Mubarak Wakaso, Ermedin Demirovic, Rubén Sobrino, John Guidetti, Christian Santos, Hernán Pérez, Ibai Gómez, Burgui, Bojan Krkic"
Levante UD,La Liga,2017-2018,15,"Iván Villar, Koke Vegas, Raúl Fernández, Oier Olazábal, Mitchell Langerak, Shaq Moore, Róber Pier, Aly Abeid, Erick Cabaco, Chema Rodríguez, Sergio Postigo, Antonio Luna, Iván López, Toño García, Coke, Pedro López, Saša Lukić, Jefferson Lerma, Enis Bardhi, Ivi López, José Campaña, Moctar El Hacen, Cheick Doukouré, Verza, Youssouf Yalike, Enes Ünal, Jason Remeseiro, Emmanuel Boateng, Roger Martí, José Luis Morales, Fahad Al-Muwallad, Armando Sadiku, Rubén Rochina, Samu García, Nano Mesa, Giampaolo Pazzini, Álex Alegría"
Bilbao Athletic,La Liga,2017-2018,16,"Unai Simón, Hodei Oleaga, Ander Iru, Christophe Atangana, Dani Vivian, Aitor Paredes, Jesús Areso, Álvaro Núñez, Unai Bilbao, Gaizka Larrazabal, Óscar Gil, Andoni López, Jon Sillero, Gorka Pérez, Jon Rojo, Javier Murua, Oli, Oihan Sancet, Unai Vencedor, Oier Zarraga, Peru Nolaskoain, Iker Undabarrena, Asier Córdoba, Tarsi Aguado, Víctor San Bartolomé, Antonio Salado, Ander Dulce, Julen Bernaola, Gorka Guruzeta, Iñigo Vicente, Aitor Seguín, Iñigo Baqué, Iñigo Muñoz, Asier Benito, Javi Rudi, Dopi"
CD Leganés,La Liga,2017-2018,17,"Iván Cuéllar, Nereo Champagne, Jon Ander Serantes, Diego Rico, Joseba Zaldua, Dani Gallardo, Dimitrios Siovas, Ezequiel Muñoz, Tito, Unai Bustinza, Martín Mantovani, Raúl Carnero, Mauro dos Santos, Gerard Gumbau, Darko Brasanac, Jaime Sierra, Rubén Pérez, Erik Morán, Yahya Al-Shehri, Gabriel Pires, Javi Eraso, Álex Mozo, Leonardo Rocha, José Naranjo, Miguel Ángel Guerrero, Nordin Amrabat, Mamadou Koné, William de Camargo, Gabri Salazar, Sergio Arribas, Nabil El Zhar, Alexander Szymanowski, Claudio Beauvue, Omar Ramos"
Deportivo de La Coruña,La Liga,2017-2018,18,"Maksym Koval, Francis Uzoho, Przemyslaw Tyton, Costel Pantilimon, Rubén Martínez, Mujaid Sadick, Fabian Schär, Gerard Valentín, Saúl García, Quique Fornos, Blas Alonso, Raúl Albentosa, Aldo One, Alejandro Arribas, Juanfran Moreno, Fernando Navarro, Eneko Bóveda, Sidnei, Luisinho, Federico Valverde, Edu Expósito, Carles Gil, Guilherme, Celso Borges, Pedro Mosquera, Emre Çolak, Michael Krohn-Dehli, Sulley Muntari, Fede Cartabia, Óscar Pinchi, Lucas Pérez, Florin Andone, Borja Valle, Zakaria Bakkali, Bruno Gama, Adrián López"
UD Las Palmas,La Liga,2017-2018,19,"Leandro Chichizola, Raúl Lizoain, Benito del Valle, Mauricio Lemos, Pedro Bigas, Michel Macedo, Ximo Navarro, David Simón, Aythami Artiles, Matías Aguirregaray, David García, Alejandro Gálvez, Dani Castellano, Oussama Tannane, Alen Halilovic, Fabio González, Jonathan Viera, Sergi Samper, Peter Etebo, Borja Herrera, Tana, Javi Castellano, Hernán Santana, Vicente Gómez, Gabriel Peñalba, Alberto Aquilani, Erik Expósito, Jonathan Calleri, Benito Ramírez, Nacho Gil, Hernán Toledo, Imoh Ezekiel, Sergio Araujo, Jairo Samperio, Loïc Rémy, Vitolo, Emmanuel Emenike, Momo"
Málaga CF,La Liga,2017-2018,20,"Andrés Prieto, Cenk Gönen, Roberto, Federico Ricca, Ignasi Miquel, Juankar, Iván Rodríguez, Alberto López, Roberto Rosales, Luis Hernández, Diego González, Paul Baysse, Miguel Torres, Álex Robles, Juanpi, Esteban Rolón, Emanuel Cecchini, Ian Soler, Miguel Cifuentes, Zdravko Kuzmanovic, Manuel Iturra, Adrián González, Recio, Mehdi Lacen, José Carlos Sánchez, Youssef En-Nesyri, Juan Cruz, Javi Ontiveros, Isaac Success, Maxime Lestienne, Borja Bastón, Álex Mula, Adalberto Peñaranda, Chory Castro, Brown Ideye, Alberto Bueno, Keko Gontán, Samu García, Jony, Diego Rolán"
FC Barcelona,La Liga,2018-2019,1,"Iñaki Peña, Marc-André ter Stegen, Jokin Ezkieta, Jasper Cillessen, Jean-Clair Todibo, Juan Miranda, Nélson Semedo, Clément Lenglet, Jorge Cuenca, Chumi, Jordi Alba, Jeison Murillo, Moussa Wagué, Guillem Jaime, Gerard Piqué, Samuel Umtiti, Thomas Vermaelen, Riqui Puig, Arthur Melo, Philippe Coutinho, Carles Aleñá, Álex Collado, Munir El Haddadi, Sergi Roberto, Denis Suárez, Sergio Busquets, Sergi Samper, Uri Busquets, Arturo Vidal, Ivan Rakitic, Rafinha, Kevin-Prince Boateng, Ousmane Dembélé, Malcom, Lionel Messi, Abel Ruiz, Paco Alcácer, Carles Pérez, Luis Suárez"
Atlético de Madrid,La Liga,2018-2019,2,"Jan Oblak, Antonio Adán, Álex dos Santos, Lucas Hernández, José María Giménez, Nehuén Pérez, Manu Sánchez, Santiago Arias, Javi Montero, Stefan Savic, Tachi, Carlos Isaac, Diego Godín, Filipe Luís, Juanfran Torres, Andrés Solano, Rodri, Koke, Thomas Partey, Saúl Ñíguez, Thomas Lemar, Toni Moya, Gustavo Assunção, Roberto Olabe, Cristian Rodríguez, Mikel Carro, Antoine Griezmann, Ángel Correa, Álvaro Morata, Gelson Martins, Sergio Camello, Joaquín Muñoz, Diego Costa, Víctor Mollejo, Nikola Kalinić, Vitolo, Borja Garcés"
Real Madrid,La Liga,2018-2019,3,"Thibaut Courtois, Andriy Lunin, Luca Zidane, Keylor Navas, Kiko Casilla, Marcos Llorente, Fran García, Daniel Carvajal, Sergio Reguilón, Lucas Vázquez, Adrián Dela, Nacho Fernández, Jesús Vallejo, Sergio Ramos, Javi Sánchez, Álvaro Odriozola, Raphaël Varane, Marcelo, Federico Valverde, Marco Asensio, Álvaro Fidalgo, Casemiro, Dani Ceballos, Luka Modrić, Isco, Jaime Seoane, Jaume Grau, Toni Kroos, Vinicius Junior, Brahim Díaz, Borja Mayoral, Karim Benzema, Cristo, Mariano Díaz, Franchu, Gareth Bale"
Valencia CF,La Liga,2018-2019,4,"Neto, Cristian Rivero, Jaume Doménech, José Gayà, Mouctar Diakhaby, Toni Lato, Rúben Vezo, Álex Centelles, Gabriel Paulista, Jeison Murillo, Facundo Roncaglia, Cristiano Piccini, Ezequiel Garay, Kang-in Lee, Carlos Soler, Geoffrey Kondogbia, Uros Racic, Hugo Guillamón, Dani Parejo, Francis Coquelin, Daniel Wass, Ferran Torres, Gonçalo Guedes, Fran Navarro, Rodrigo, Michy Batshuayi, Rubén Sobrino, Nacho Gil, Álex Blanco, Denis Cheryshev, Sito, Kévin Gameiro, Santi Mina"
Sevilla FC,La Liga,2018-2019,5,"Sergio Rico, Juan Soriano, Tomáš Vaclík, Javi Díaz, Lucho García, Guilherme Arana, Maximilian Wöber, Juan Berrocal, Javi Vázquez, Sergi Gómez, Sergio Escudero, Gabriel Mercado, Sébastien Corchia, Simon Kjaer, Daniel Carriço, Nicolás Pareja, Joris Gnagnon, Munir El Haddadi, Franco Vázquez, Ibrahim Amadou, Éver Banega, Marko Rog, Ganso, Roque Mesa, Pepe Mena, Maxime Gonalons, Jesús Navas, Borja Lasso, Bryan Gil, Pablo Sarabia, André Silva, Wissam Ben Yedder, Luis Muriel, Marc Gual, Pejiño, Nolito, Aleix Vidal, Quincy Promes"
Getafe CF,La Liga,2018-2019,6,"David Soria, Rubén Yáñez, Leandro Chichizola, Mathías Olivera, Miguel Rubio, Dakonam Djené, Iván Alejo, Dimitri Foulquier, Leandro Cabrera, Ignasi Miquel, Damián Suárez, Antunes, Bruno González, Mauro Arambarri, Nemanja Maksimovic, Gaku Shibasaki, Sebastián Cristóforo, Samu Saiz, Markel Bergara, Mathieu Flamini, Hugo Duro, Amath Ndiaye, Sergi Guardiola, Francisco Portillo, Rober Ibáñez, Jaime Mata, Ángel Rodríguez, Jorge Molina"
RCD Espanyol Barcelona,La Liga,2018-2019,7,"Roberto, Diego López, Mario Hermoso, Adrià Pedrosa, Pipa, David López, Lluís López, Iago Indias, Óscar Duarte, Roberto Rosales, Naldo, Dídac Vilà, Javi López, Marc Roca, Sergi Darder, Alfa Semedo, Óscar Melendo, Álex López, Víctor Sánchez, Pablo Piatti, Esteban Granero, Javi Puado, Borja Iglesias, Léo Baptistão, Víctor Campuzano, Lei Wu, Carlos Doncel, Hernán Pérez, Sergio García, Facundo Ferreyra"
Bilbao Athletic,La Liga,2018-2019,8,"Hodei Oleaga, Ander Iru, Unai Etxebarria, Aritz de Miguel, Dani Vivian, Jesús Areso, Gaizka Larrazabal, Oier Luengo, Andoni López, Jon Sillero, Gorka Pérez, Jon Rojo, Javier Murua, Odei Arrieta, Adrián Celador, Oihan Sancet, Unai Vencedor, Oier Zarraga, Peru Nolaskoain, Asier Córdoba, Víctor San Bartolomé, Antonio Salado, Gorka Guruzeta, Iñigo Vicente, Asier Villalibre, Jon Morcillo, Aitor Seguín, Iñigo Baqué, Iñigo Muñoz, Asier Benito, Jurgi Oteo, Andoni Tascón"
Real Sociedad,La Liga,2018-2019,9,"Gerónimo Rulli, Andoni Zubiaurre, Miguel Ángel Moyá, Robin Le Normand, Theo Hernández, Igor Zubeldia, Andoni Gorosabel, Aihen Muñoz, Diego Llorente, Aritz Elustondo, Kévin Rodrigues, Joseba Zaldua, Héctor Moreno, Raúl Navas, Martín Zubimendi, Mikel Merino, Ander Guevara, Roberto López, Asier Illarramendi, Rubén Pardo, Luca Sangalli, David Zurutuza, Mikel Oyarzabal, Ander Barrenetxea, Álex Sola, Jon Bautista, Sandro Ramírez, Naïs Djouahra, Willian José, Juanmi, Adnan Januzaj, Martín Merquelanz, Zourdine Thior"
Real Betis Balompié,La Liga,2018-2019,10,"Pau López, Joel Robles, Emerson Royal, Junior Firpo, Edgar González, Marc Bartra, Aïssa Mandi, Julio Alonso, Francis Guerrero, Zouhair Feddal, Sidnei, Antonio Barragán, Diego Altamirano, Giovani Lo Celso, Sergio Canales, William Carvalho, Paul Akouokou, Darko Brasanac, Ryad Boudebouz, Wilfrid Kaptoum, Javi García, Andrés Guardado, Jaime Garijo, Diego Lainez, Antonio Sanabria, Loren Morón, Rober González, Jesé, Takashi Inui, Sergio León, Cristian Tello, Joaquín, Adrián Tellado, José Manuel Irizo"
Deportivo Alavés,La Liga,2018-2019,11,"Antonio Sivera, Fernando Pacheco, Álex Domínguez, Guillermo Maripán, Rubén Duarte, Adrián Marín, Rodrigo Ely, Adrián Diéguez, Martín Aguirregabiria, Ximo Navarro, Carlos Vigaray, Víctor Laguardia, Antonio Perera, Darko Brasanac, Dani Torres, Tomás Pina, Manu García, Mubarak Wakaso, Jonathan Calleri, Rubén Sobrino, Borja Bastón, Álex Blanco, Patrick Twumasi, John Guidetti, Takashi Inui, Diego Rolán, Ibai Gómez, Burgui, Jony"
SD Eibar,La Liga,2018-2019,12,"Marko Dmitrovic, Yoel Rodríguez, Asier Riesgo, Markel Areitio, Marc Cucurella, Rubén Peña, Paulo Oliveira, Pedro Bigas, Anaitz Arbilla, Kaiser, Iván Ramis, Cote, Joan Jordán, Sergio Álvarez, Gonzalo Escalante, Pablo de Blasis, Miguel Marí, Jordi Calavera, Pape Diop, Pere Milla, Kike García, Alberto Marí, Marc Cardona, Bebé, Sergi Enrich, Pablo Hervías, Pedro León, Fabián Orellana, Charles"
CD Leganés,La Liga,2018-2019,13,"Andriy Lunin, Andrés Prieto, Iván Cuéllar, Jon Ander Serantes, David Tejero, Diego Reyes, Kenneth Omeruo, Jonathan Silva, Vasyl Kravets, Josua Mejías, Allan Nyom, Dimitrios Siovas, Ezequiel Muñoz, Juanfran Moreno, Raúl Carnero, Unai Bustinza, Rodri Tarín, Óscar Rodríguez, Mikel Vesga, Gerard Gumbau, Fede Vico, Facundo García, Rubén Pérez, Recio, Javi Eraso, Youssef En-Nesyri, Martin Braithwaite, Dani Ojeda, José Manuel Arnáiz, Michael Santos, Owusu Kwabena, Guido Carrillo, Sabin Merino, Javi Avilés, Mamadou Koné, Nabil El Zhar, Diego Rolán, Alexander Szymanowski"
Villarreal CF,La Liga,2018-2019,14,"Andrés Fernández, Sergio Asenjo, Mariano Barbosa, Andrei Rațiu, Alfonso Pedraza, Pepe Castaño, Álvaro González, Mario Gaspar, Xavi Quintillà, Miguel Llambrich, Ramiro Funes Mori, Víctor Ruiz, Jaume Costa, Daniele Bonera, Miguel Layún, Pablo Fornals, Iván Martín, Manu Morlanes, Manu Trigueros, Santiago Cáseres, Santi Cazorla, Vicente Iborra, Javi Fuego, Manuel Iturra, Bruno Soriano, Samuel Chukwueze, Enes Ünal, Gerard Moreno, Dani Raba, Karl Toko Ekambi, Nicola Sansone, Carlos Bacca"
Levante UD,La Liga,2018-2019,15,"Aitor Fernández, Koke Vegas, Oier Olazábal, Shaq Moore, Róber Pier, Rúben Vezo, Genís Montolio, Erick Cabaco, Chema Rodríguez, Sergio Postigo, Antonio Luna, Toño García, Coke, Pedro López, Pepelu, Enis Bardhi, José Campaña, Fran Manzanara, Sanjin Prcic, Arturo Molina, Cheick Doukouré, Nikola Vukcevic, Borja Mayoral, Moses Simon, Jason Remeseiro, Emmanuel Boateng, Roger Martí, José Luis Morales, Rubén Rochina, Samu García, Raphael Dwamena"
Celta de Vigo,La Liga,2018-2019,16,"Iván Villar, Rubén Blanco, Sergio Álvarez, Lucas Olaza, Júnior Alonso, Wesley Hoedt, David Costas, Hugo Mallo, Néstor Araújo, Kevin Vázquez, Robert Mazan, Gustavo Cabral, David Juncà, Facundo Roncaglia, Stanislav Lobotka, Mathias Jensen, Brais Méndez, Fran Beltrán, Okay Yokuşlu, Sofiane Boufal, Nemanja Radoja, Andrew Hjulsager, Ryad Boudebouz, Jozabed Sánchez, Maxi Gómez, Dennis Eckert Ayensa, Iago Aspas, Emre Mor, Pione Sisto, Emmanuel Apeh"
Real Valladolid CF,La Liga,2018-2019,17,"José Antonio Caro, Samu Pérez, Yoel Rodríguez, Jordi Masip, Mohammed Salisu, Fernando Calero, Joaquín Fernández, Moi Delgado, Nacho Martínez, Kiko Olivas, Roberto Corral, Javi Moyano, Alberto Guitián, Javi Aparicio, Antoñito, Ivi López, Fede San Emeterio, Rubén Alcaraz, Kuki Zalazar, Moctar El Hacen, Luismi Sánchez, Antonio Cotán, Pablo Muñoz, Borja Fernández, Míchel Herrero, Enes Ünal, Chris Ramos, Miguel de la Fuente, Leo Suárez, Anuar, Daniele Verde, Waldo Rubio, Sergi Guardiola, Toni Villa, Óscar Plano, Pablo Hervías, Antonio Domínguez, Duje Cop, Stiven Plaza, Keko Gontán, David Mayoral"
Girona FC,La Liga,2018-2019,18,"Yassine Bounou, José Aurelio Suárez, Marc Vito, Gorka Iraizoz, Pedro Porro, Johan Mojica, Yhoan Andzouana, Juanpe, Marc Muniesa, Jairo Izquierdo, Pedro Alcalá, Jonás Ramalho, Bernardo Espinosa, Aday Benítez, Raúl Carnero, Carles Planas, Douglas Luiz, Aleix García, Seung-ho Paik, Pere Pons, Èric Montes, David Timor, Álex Granell, Borja García, Patrick Roberts, Portu, Choco Lozano, Valery Fernández, Cristhian Stuani, Kévin Soni, Álex Pachón, Sebas Coris, Seydou Doumbia"
SD Huesca,La Liga,2018-2019,19,"Aleksandar Jovanovic, Axel Werner, Ander Bardají, Antonio Valera, Javi Varas, Roberto Santamaría, Javi Galán, Rúben Semedo, Adrián Diéguez, Pablo Insua, Jorge Pulido, Carlos Akapo, Jorge Miramón, Nacho Uche, Rajko Brezancic, Xabi Etxeita, Martín Mantovani, Javier Almerge, Luisinho, Yangel Herrera, Gonzalo Melero, Juanpi, Christian Rivera, Eugeni, Lluis Sastre, Damián Musto, Jonathan Rubio Toro, Javito López, Juan Aguilera, Juanjo Camacho, Cucho Hernández, Moi Gómez, Chimy Ávila, Dani Escriche, Álex Gallar, Enric Gallego, Serdar Gürler, Samuele Longo, David Ferreiro"
Rayo Vallecano,La Liga,2018-2019,20,"Stole Dimitrievski, Miguel Ángel Morro, Alberto García, Sergio Akieme, Álex Moreno, Alejandro Catena, Jordi Amat, Martín Pascual, José León, Emiliano Velázquez, Luis Advíncula, Abdoulaye Ba, Tito, Chechu Dorado, Alejandro Gálvez, Luis Meseguer, Santi Comesaña, Álvaro Medrán, Ángel Algobia, Gaël Kakuta, Óscar Trejo, José Pozo, Uche Agbo, Gorka Elustondo, Giannelli Imbula, Mario Suárez, Manu Navarro, Álvaro García, Adrián Embarba, Raúl de Tomás, Bebé, Sergio Moreno, Álex Alegría, Lass Bangoura, Javi Guerra, Franco Di Santo"
Real Madrid,La Liga,2019-2020,1,"Thibaut Courtois, Alphonse Areola, Keylor Navas, Luis López, Diego Altube, Éder Militão, Miguel Gutiérrez, Ferland Mendy, Daniel Carvajal, Lucas Vázquez, Adrián Dela, Javi Hernández, Nacho Fernández, Sergio Ramos, Álvaro Odriozola, Raphaël Varane, Marcelo, Federico Valverde, Marco Asensio, Casemiro, Luka Modrić, Isco, James Rodríguez, Reinier, Toni Kroos, Vinicius Junior, Rodrygo, Brahim Díaz, Karim Benzema, Luka Jović, Mariano Díaz, Eden Hazard, Gareth Bale"
FC Barcelona,La Liga,2019-2020,2,"Iñaki Peña, Marc-André ter Stegen, Arnau Tenas, Neto, Ronald Araujo, Jean-Clair Todibo, Óscar Mingueza, Nélson Semedo, Clément Lenglet, Junior Firpo, Sergio Akieme, Jorge Cuenca, Jordi Alba, Chumi, Moussa Wagué, Dani Morer, Gerard Piqué, Samuel Umtiti, Frenkie de Jong, Riqui Puig, Monchu, Ludovit Reis, Arthur Melo, Carles Aleñá, Álex Collado, Sergi Roberto, Sergio Busquets, Jandro Orellana, Arturo Vidal, Ivan Rakitic, Rafinha, Ousmane Dembélé, Lionel Messi, Antoine Griezmann, Ansu Fati, Abel Ruiz, Rey Manaj, Carles Pérez, Luis Suárez, Martin Braithwaite, Konrad de la Fuente, Kike Saverio"
Atlético de Madrid,La Liga,2019-2020,3,"Jan Oblak, Antonio Adán, Álex dos Santos, Marcos Llorente, José María Giménez, Renan Lodi, Mario Hermoso, Manu Sánchez, Kieran Trippier, Ricard Sánchez, Santiago Arias, Stefan Savic, Álvaro García, Felipe, Sime Vrsaljko, Koke, Thomas Partey, Saúl Ñíguez, Thomas Lemar, Héctor Herrera, Toni Moya, Óscar Clemente, João Félix, Ángel Correa, Álvaro Morata, Rodrigo Riquelme, Yannick Carrasco, Germán Valera, Sergio Camello, Diego Costa, Darío Poveda, Ivan Saponjic, Vitolo"
Sevilla FC,La Liga,2019-2020,4,"Yassine Bounou, Sergio Rico, Tomáš Vaclík, Javi Díaz, Alfonso Pastor, Jules Koundé, Juanlu Sánchez, Diego Carlos, Sergio Reguilón, Álex Pozo, Sergi Gómez, Sergio Escudero, Pablo Pérez, Felipe Chacartegui, Daniel Carriço, Óliver Torres, Nemanja Gudelj, Joan Jordán, Munir El Haddadi, Franco Vázquez, Éver Banega, Fernando, Genaro Rodríguez, Pepe Mena, Jesús Navas, Youssef En-Nesyri, Bryan Gil, Lucas Ocampos, Suso, Luuk de Jong, Rony Lopes, Munas Dabbur, Chicharito, José Alonso Lara, Nolito"
Villarreal CF,La Liga,2019-2020,5,"Andrés Fernández, Sergio Asenjo, Mariano Barbosa, Pau Torres, Andrei Rațiu, Alberto Moreno, Raúl Albiol, Rubén Peña, Soufiane Chakla, Miguel Leal, Mario Gaspar, Xavi Quintillà, Ramiro Funes Mori, Frank Anguissa, Iván Martín, Manu Morlanes, Sergio Lozano, Manu Trigueros, Santiago Cáseres, Santi Cazorla, Vicente Iborra, Bruno Soriano, Ramiro Guerra, Álex Baena, Samuel Chukwueze, Gerard Moreno, Paco Alcácer, Javi Ontiveros, Fer Niño, Moi Gómez, Karl Toko Ekambi, Leo Suárez, Carlos Bacca"
Real Sociedad,La Liga,2019-2020,6,"Álex Remiro, Gaizka Ayesa, Andoni Zubiaurre, Miguel Ángel Moyá, Robin Le Normand, Igor Zubeldia, Jon Pacheco, Andoni Gorosabel, Aihen Muñoz, Diego Llorente, Modibo Sagnan, Aritz Elustondo, Kévin Rodrigues, Aritz Arambarri, Joseba Zaldua, Nacho Monreal, Martin Ødegaard, Martín Zubimendi, Mikel Merino, Ander Guevara, Roberto López, Asier Illarramendi, Rubén Pardo, Luca Sangalli, David Silva, David Zurutuza, Alexander Isak, Mikel Oyarzabal, Ander Barrenetxea, Jon Bautista, Portu, Naïs Djouahra, Willian José, Adnan Januzaj, Julen Lobete, Carlos Fernández"
Granada CF,La Liga,2019-2020,7,"Rui Silva, Aarón Escandell, João Costa, Unai Etxebarria, Dimitri Foulquier, Carlos Neva, Jesús Vallejo, Domingos Duarte, José Antonio Martínez, Antonio Montoro, Pepe Sánchez, Quini, Álex Martínez, Germán Sánchez, Víctor Díaz, Neyder Lozano, Yangel Herrera, Yan Eteki, Isma Ruiz, Fede Vico, Antonio Aranda, İsmail Köybaşı, Maxime Gonalons, Ramon Azeez, Ángel Montoro, Gil Dias, Antonio Puertas, Carlos Fernández, Antoñín, Darwin Machís, Álvaro Vadillo, Mario Rodríguez, Adrián Ramos, Roberto Soldado"
Getafe CF,La Liga,2019-2020,8,"David Soria, Filip Manojlovic, Leandro Chichizola, Marcos Lavín, Marc Cucurella, Mathías Olivera, Dakonam Djené, Leandro Cabrera, Florent Poulolo, Erick Cabaco, Allan Nyom, Chema Rodríguez, Damián Suárez, Antunes, Bruno González, Raúl Carnero, Xabi Etxeita, Mauro Arambarri, Nemanja Maksimovic, Fayçal Fajr, Peter Etebo, David Timor, Markel Bergara, Hugo Duro, Jason Remeseiro, Amath Ndiaye, Kenedy, Deyverson, Francisco Portillo, Enric Gallego, Jaime Mata, Ángel Rodríguez, Jorge Molina"
Valencia CF,La Liga,2019-2020,9,"Jasper Cillessen, Cristian Rivero, Jaume Doménech, José Gayà, Thierry Correia, Mouctar Diakhaby, Gabriel Paulista, Adrián Guerrero, Guillem Molina, Eliaquim Mangala, Jaume Costa, Cristiano Piccini, Ezequiel Garay, Alessandro Florenzi, Javi Jiménez, Kang-in Lee, Carlos Soler, Geoffrey Kondogbia, Koba Koindredi, Hugo Guillamón, Dani Parejo, Francis Coquelin, Daniel Wass, Pablo Gozálbez, Vicente Esquerdo, Ferran Torres, Gonçalo Guedes, Rodrigo, Maxi Gómez, Rubén Sobrino, Denis Cheryshev, Manu Vallejo, Kévin Gameiro"
CA Osasuna,La Liga,2019-2020,10,"Sergio Herrera, Juan Pérez, Iñaki Álvarez, Rubén Martínez, Pervis Estupiñán, David García, Nacho Vidal, Toni Lato, Unai García, Aridane Hernández, Endika Irigoyen, Facundo Roncaglia, Raúl Navas, Lillo Castellano, Gorka Zabarte, Aimar Oroz, Jon Moncayola, Javi Martínez, Darko Brasanac, Luis Perea, Antonio Otegui, Roberto Torres, Oier Sanjurjo, Fran Mérida, Iñigo Pérez, Rubén García, Chimy Ávila, Kike Barja, Brandon Thomas, José Manuel Arnáiz, Marc Cardona, Iván Barbero, Rober Ibáñez, Enric Gallego, Juan Villar, Adrián López, José Hualde"
Bilbao Athletic,La Liga,2019-2020,11,"Julen Agirrezabala, Jokin Ezkieta, Ander Iru, Dani Vivian, Aitor Paredes, Jesús Areso, Álvaro Núñez, Oier Luengo, Imanol García de Albéniz, Jon Sillero, Jon Rojo, Javier Murua, Oihan Sancet, Beñat Prados, Unai Vencedor, Oier Zarraga, Asier Córdoba, Víctor San Bartolomé, Antonio Salado, Julen Bernaola, Gorka Guruzeta, Nico Serrano, Jon Morcillo, Juan Artola, Iñigo Baqué, Jon Cabo, Ewan Urain, Rubén Azcona, Andoni Tascón"
Levante UD,La Liga,2019-2020,12,"Dani Cárdenas, Aitor Fernández, Koke Vegas, Oier Olazábal, Róber Pier, Rúben Vezo, Erick Cabaco, Carlos Clerc, Óscar Duarte, Jorge Miramón, Rubén García, Eliseo Falcón, Sergio Postigo, Iván López, Toño García, Bruno González, Coke, Gonzalo Pereira, Giorgi Kochorashvili, Enis Bardhi, Pablo Martínez, Gonzalo Melero, José Campaña, Nemanja Radoja, Álex Blesa, Nikola Vukcevic, Borja Mayoral, José Luis Morales, Roger Martí, Hernâni, Joan Monterde, Rubén Rochina, Sergio León"
Real Valladolid CF,La Liga,2019-2020,13,"Andriy Lunin, José Antonio Caro, Samu Pérez, Jordi Masip, Pedro Porro, Mohammed Salisu, Víctor García, Joaquín Fernández, Javi Sánchez, Federico Barba, Diego Alende, Kiko Olivas, Roberto Corral, Nacho Martínez, Javi Moyano, Raúl Carnero, Antoñito, Kike Pérez, Matheus Fernandes, Álvaro Aguado, Rubén Alcaraz, Fede San Emeterio, Moctar El Hacen, Luismi Sánchez, Hatem Ben Arfa, Míchel Herrero, Jorge de Frutos, Enes Ünal, Miguel de la Fuente, Sandro Ramírez, Anuar, Waldo Rubio, Sergi Guardiola, Toni Villa, Óscar Plano, Pablo Hervías, Stiven Plaza"
SD Eibar,La Liga,2019-2020,14,"Marko Dmitrovic, Yoel Rodríguez, Álvaro Tejero, Rafa Soares, Sergio Cubero, Paulo Oliveira, Pedro Bigas, Anaitz Arbilla, Unai Dufur, Rober Correa, Esteban Burgos, Iván Ramis, Cote, Ekhi Bravo, Edu Expósito, Miguel Atienza, Sergio Álvarez, Gonzalo Escalante, Pablo de Blasis, Miguel Marí, Sebastián Cristóforo, Pape Diop, Kike García, Sergi Enrich, Takashi Inui, Quique González, Pedro León, Fabián Orellana, Charles"
Real Betis Balompié,La Liga,2019-2020,15,"Carlos Marín, Dani Martín, Joel Robles, Dani Rebollo, Emerson Royal, Álex Moreno, Alfonso Pedraza, Edgar González, Marc Bartra, Aïssa Mandi, Ricardo Visus, Francis Guerrero, Zouhair Feddal, Sidnei, Antonio Barragán, José Luis Trápaga, Sergio Canales, Guido Rodríguez, Nabil Fekir, Carles Aleñá, William Carvalho, Jorge Jiménez, Ale Meléndez, Wilfrid Kaptoum, David Ramos, Ismael Gutiérrez, Javi García, Andrés Guardado, Nil Garrido, Diego Lainez, Borja Iglesias, Raúl García, Rodri Sánchez, Loren Morón, Juanmi, Ángel Baena, Cristian Tello, Joaquín"
Deportivo Alavés,La Liga,2019-2020,16,"Antonio Sivera, Fernando Pacheco, Roberto, Aritz Castro, Javi López, Guillermo Maripán, Rubén Duarte, Adrián Marín, Lisandro Magallán, Rodrigo Ely, Tachi, Martín Aguirregabiria, Ximo Navarro, Víctor Laguardia, Rafa Navarro, Javi Muñoz, Pere Pons, Abdallahi Mahmoud, Víctor Camarasa, Jeando Fuchs, Dani Torres, Ismael Gutiérrez, Tomás Pina, Ljubomir Fejsa, Manu García, Mubarak Wakaso, Borja Sainz, Oliver Burke, Joselu, Luis Rioja, José Luis Rodríguez, Paulino de la Fuente, Lucas Pérez, John Guidetti, Edgar Méndez, Burgui, Aleix Vidal"
Celta de Vigo,La Liga,2019-2020,17,"Dragan Rosic, Fran Vieites, Iván Villar, Rubén Blanco, Sergio Álvarez, Iago Domínguez, Sergio Carreira, Lucas Olaza, David Costas, Jorge Sáenz, Joseph Aidoo, José Fontán, Hugo Mallo, Jeison Murillo, Néstor Araújo, Kevin Vázquez, David Juncà, Stanislav Lobotka, Brais Méndez, Fran Beltrán, Okay Yokuşlu, Denis Suárez, Rafinha, Filip Bradaric, Pape Cheikh, Iago Aspas, Gabriel Fernández, Iker Losada, Fedor Smolov, Jacobo González, Pione Sisto, Sergio Bermejo, Juan Hernández, Nolito, Santi Mina"
CD Leganés,La Liga,2019-2020,18,"Juan Soriano, Iván Cuéllar, André Grandi, Pablo Lombo, Chidozie Awaziem, Kévin Rodrigues, Kenneth Omeruo, Jonathan Silva, Vasyl Kravets, Roberto Rosales, Dimitrios Siovas, Mario del Campo, Unai Bustinza, Rodri Tarín, Ivi López, Óscar Rodríguez, Aymane Mourid, Ibrahim Amadou, Marc Navarro, Federico Varela, Christian Rivera, Roque Mesa, Rubén Pérez, Iván Amores, Recio, Javi Eraso, Youssef En-Nesyri, Bryan Gil, Aitor Ruibal, Martin Braithwaite, José Manuel Arnáiz, Guido Carrillo, Manu Garrido, Sabin Merino, Javi Avilés, Dani Plomer, Miguel Ángel Guerrero, Alexander Szymanowski, Roger Assalé"
RCD Mallorca,La Liga,2019-2020,19,"Miquel Parera, Jesús Ruiz, Pere García, Manolo Reina, Fabri, Martin Valjent, Abdul Rahman Baba, Rafa Obrador, Álex Pozo, Antonio Raíllo, Joan Sastre, Leonardo Koutris, Fran Gámez, Aleksandar Sedlar, Lumor Agbenyenu, Xisco Campos, Fran González, Aleix Febas, Iddrisu Baba, Sung-yueng Ki, Josep Señé, Dani Rodríguez, Marc Pedraza, Salva Sevilla, Takefusa Kubo, Cucho Hernández, Luka Romero, Ante Budimir, Abdón Prats, Lago Júnior, Aleksandar Trajkovski, Pablo Chavarría, Aridai Cabrera, Álex Alegría, Yannis Salibur"
RCD Espanyol Barcelona,La Liga,2019-2020,20,"Andrés Prieto, Adri López, Oier Olazábal, Diego López, Víctor Gómez, Adrià Pedrosa, Fernando Calero, Pipa, Leandro Cabrera, David López, Lluís López, Naldo, Ricard Pujol, Javi López, Dídac Vilà, Sébastien Corchia, Bernardo Espinosa, Roman Tugarinov, Pol Lozano, Marc Roca, Nico Melamed, Sergi Darder, Óscar Melendo, Dani Villahermosa, Esteban Granero, Pablo Piatti, Víctor Sánchez, Ander Iturraspe, Javi Puado, Ferran Jutglà, Matías Vargas, Borja Iglesias, Jonathan Calleri, Adrián Embarba, Víctor Campuzano, Raúl de Tomás, Lei Wu, Kévin Soni, Facundo Ferreyra, Mohamed Ezzarfani"
Atlético de Madrid,La Liga,2020-2021,1,"Jan Oblak, Ivo Grbic, Miguel San Román, Marcos Llorente, José María Giménez, Nehuén Pérez, Renan Lodi, Mario Hermoso, Manu Sánchez, Juan Manuel Sanabria, Kieran Trippier, Ricard Sánchez, Stefan Savic, Álvaro García, Adrián Corral, Felipe, Sime Vrsaljko, Lucas Torreira, Koke, Geoffrey Kondogbia, Thomas Partey, Saúl Ñíguez, Thomas Lemar, Mario Soriano, Toni Moya, Héctor Herrera, Josep Calavera, Óscar Castro, João Félix, Ángel Correa, Moussa Dembélé, Yannick Carrasco, Germán Valera, Sergio Camello, Luis Suárez, Diego Costa, Ivan Saponjic, Víctor Mollejo, Vitolo"
Real Madrid,La Liga,2020-2021,2,"Thibaut Courtois, Andriy Lunin, Lucas Cañizares, Luis López, Diego Altube, Éder Militão, Miguel Gutiérrez, Ferland Mendy, Daniel Carvajal, Víctor Chust, Lucas Vázquez, Nacho Fernández, Marvin Park, Sergio Ramos, Álvaro Odriozola, Pablo Ramón, Sergio Santos, Raphaël Varane, Marcelo, Federico Valverde, Martin Ødegaard, Marco Asensio, Antonio Blanco, Casemiro, Sergio Arribas, Luka Modrić, Isco, Toni Kroos, Vinicius Junior, Rodrygo, Hugo Duro, Borja Mayoral, Karim Benzema, Luka Jović, Óscar Aranda, Mariano Díaz, Eden Hazard"
FC Barcelona,La Liga,2020-2021,3,"Iñaki Peña, Marc-André ter Stegen, Arnau Tenas, Neto, Ronald Araujo, Sergiño Dest, Óscar Mingueza, Santiago Ramos Mingo, Clément Lenglet, Junior Firpo, Jordi Alba, Gerard Piqué, Samuel Umtiti, Pedri, Frenkie de Jong, Riqui Puig, Ilaix Moriba, Philippe Coutinho, Carles Aleñá, Álex Collado, Matheus Fernandes, Miralem Pjanić, Sergi Roberto, Sergio Busquets, Rafinha, Ousmane Dembélé, Francisco Trincão, Lionel Messi, Antoine Griezmann, Ansu Fati, Martin Braithwaite, Konrad de la Fuente"
Sevilla FC,La Liga,2020-2021,4,"Yassine Bounou, Tomáš Vaclík, Javi Díaz, Alfonso Pastor, Adrián González, Jules Koundé, Juanlu Sánchez, Diego Carlos, Marcos Acuña, Álex Pozo, Javi Vázquez, Karim Rekik, Sergi Gómez, Sergio Escudero, Pablo Pérez, Joris Gnagnon, Kike Ríos, Óliver Torres, Nemanja Gudelj, Joan Jordán, Óscar Rodríguez, Munir El Haddadi, Franco Vázquez, Fernando, Ivan Rakitic, Jesús Navas, Youssef En-Nesyri, Carlos Álvarez, Bryan Gil, Iván Romero, Oussama Idrissi, Lucas Ocampos, Suso, Luuk de Jong, Carlos Fernández, Papu Gómez, Antonio Zarzana, Aleix Vidal"
Real Sociedad,La Liga,2020-2021,5,"Álex Remiro, Unai Marrero, Gaizka Ayesa, Andoni Zubiaurre, Miguel Ángel Moyá, Robin Le Normand, Igor Zubeldia, Jon Pacheco, Andoni Gorosabel, Aihen Muñoz, Diego Llorente, Modibo Sagnan, Aritz Elustondo, Aritz Arambarri, Jérémy Blasco, Joseba Zaldua, Nacho Monreal, Martín Zubimendi, Mikel Merino, Beñat Turrientes, Urko González de Zárate, Ander Guevara, Jon Guridi, Roberto López, Asier Illarramendi, Luca Sangalli, David Silva, Alexander Isak, Mikel Oyarzabal, Ander Barrenetxea, Robert Navarro, Jon Bautista, Portu, Willian José, Adnan Januzaj, Julen Lobete, Carlos Fernández, Martín Merquelanz"
Real Betis Balompié,La Liga,2020-2021,6,"Carlos Marín, Dani Martín, Joel Robles, Dani Rebollo, Claudio Bravo, Juan Miranda, Emerson Royal, Álex Moreno, Marc Bartra, Aïssa Mandi, Martín Montoya, José Calderón, Fran Delgado, Geovanni Barba, Víctor Ruiz, Sidnei, Guido Rodríguez, Nabil Fekir, Sergio Canales, William Carvalho, Paul Akouokou, Víctor Camarasa, Andrés Guardado, Yassin Fekir, Diego Lainez, Aitor Ruibal, Borja Iglesias, Rodri Sánchez, Loren Morón, Antonio Sanabria, Juanmi, Cristian Tello, Joaquín"
Villarreal CF,La Liga,2020-2021,7,"Filip Jørgensen, Gerónimo Rulli, Iker Álvarez, Sergio Asenjo, Pau Torres, Andrei Rațiu, Juan Foyth, Pervis Estupiñán, Alfonso Pedraza, Alberto Moreno, Raúl Albiol, Rubén Peña, Soufiane Chakla, Mario Gaspar, Lanchi, Ramiro Funes Mori, Jaume Costa, Sergio Lozano, Dani Parejo, Francis Coquelin, Manu Trigueros, Carlo García, Vicente Iborra, Étienne Capoue, Álex Baena, Yéremy Pino, Takefusa Kubo, Samuel Chukwueze, Gerard Moreno, Paco Alcácer, Dani Raba, Javi Ontiveros, Fer Niño, Moi Gómez, Álex Millán, Carlos Bacca"
Celta de Vigo,La Liga,2020-2021,8,"Patrick Sequeira, Iván Villar, Rubén Blanco, Ruly García, Álvaro Fernández, Sergio Álvarez, Iago Domínguez, Aarón Martín, Sergio Carreira, Lucas Olaza, Carlos Domínguez, Jorge Sáenz, David Costas, Diego Pampín, Joseph Aidoo, José Fontán, Jeison Murillo, Gael Alonso, Hugo Mallo, Néstor Araújo, Kevin Vázquez, David Juncà, Gabri Veiga, Brais Méndez, Hugo Sotelo, Fran Beltrán, Jordan Holsgrove, Okay Yokuşlu, Renato Tapia, Denis Suárez, Miguel Baeza, Augusto Solari, Miguel Rodríguez, Alfon González, Iago Aspas, Emre Mor, Lautaro de León, Álvaro Vadillo, Nolito, Facundo Ferreyra, Santi Mina"
Bilbao Athletic,La Liga,2020-2021,9,"Julen Agirrezabala, Álex Padilla, Unai Pérez, Ander Iru, Gorka Campo, Aitor Paredes, Jesús Areso, Álvaro Núñez, Hugo Rincón, Oier Luengo, Imanol García de Albéniz, Antxón Jaso, Mikel Kortazar, Ander Lorente, Xabi Arberas, Beñat Prados, Oier Zarraga, Mikel Goti, Yussi Diarra, Víctor San Bartolomé, Gorka Agirre, Julen Bernaola, Nico Williams, Nico Serrano, Jon Guruzeta, Juan Artola, Luis Bilbao, Iñigo Baqué, Jon Cabo, Ewan Urain, Andoni Tascón"
Granada CF,La Liga,2020-2021,10,"Rui Silva, Aarón Escandell, João Costa, Ángel Jiménez, Rafa Romero, Arnau Fàbrega, Nehuén Pérez, Raúl Torrente, Adrián Marín, Dimitri Foulquier, Carlos Neva, Jesús Vallejo, Domingos Duarte, Sergio Barcia, Pepe Sánchez, Quini, Germán Sánchez, Víctor Díaz, Neyder Lozano, Kingsley Fobi, Yangel Herrera, Luis Milla, Domingos Quina, Yan Eteki, Isma Ruiz, Fede Vico, Antonio Aranda, Eris Abedini, Juan Brunet, Maxime Gonalons, Ramon Azeez, Ángel Montoro, Álvaro Bravo, Carlos León, Luis Suárez, Antonio Puertas, Antoñín, Kenedy, Alberto Soro, Darwin Machís, Dani Plomer, Roberto Soldado, Jorge Molina, Echu Rodríguez"
CA Osasuna,La Liga,2020-2021,11,"Sergio Herrera, Juan Pérez, Iñaki Álvarez, Iván Martínez, Rubén Martínez, David García, Manu Sánchez, Jorge Herrando, Nacho Vidal, Juan Cruz, Unai García, Aridane Hernández, Jonás Ramalho, Facundo Roncaglia, Raúl Navas, Gorka Zabarte, Aimar Oroz, Jon Moncayola, Lucas Torró, Javi Martínez, Darko Brasanac, Asier Córdoba, Roberto Torres, Oier Sanjurjo, Iñigo Pérez, Ante Budimir, Rubén García, Chimy Ávila, Kike Barja, Jonathan Calleri, Brandon Thomas, Marc Cardona, Kike Saverio, Enric Gallego, Jony, Adrián López"
Cádiz CF,La Liga,2020-2021,12,"Conan Ledesma, David Gil, Juan Flere, Alberto Cifuentes, Juanjo Garrancho, Iván Alejo, Alfonso Espino, Iza Carcelén, Marc Baró, Fali, Jairo Izquierdo, Momo Mbaye, Álex Martín, Carlos Akapo, Jean-Pierre Rhyner, Pedro Alcalá, Saturday Erimuya, Marcos Mauro, Juan Cala, Jens Jönsson, Sergio González, Álex Fernández, Yann Bodiger, Jorge Pombo, Álvaro Bastida, Jon Ander Garrido, José Mari, Augusto Fernández, Choco Lozano, Rubén Sobrino, Bobby Adekanye, Manu Nieto, Salvi Sánchez, Ivan Saponjic, Álvaro Giménez, Mamady Diarra, Filip Malbasic, Kike Carrasco, Alberto Perea, Álvaro Negredo, Nano Mesa"
Valencia CF,La Liga,2020-2021,13,"Jasper Cillessen, Cristian Rivero, Jaume Doménech, Unai Etxebarria, José Gayà, Thierry Correia, Jesús Vázquez, Mouctar Diakhaby, Toni Lato, Álex Centelles, Gabriel Paulista, Ferro, Kevin Sibille, Guillem Molina, Eliaquim Mangala, Cristiano Piccini, Kang-in Lee, Yunus Musah, Carlos Soler, Geoffrey Kondogbia, Koba Koindredi, Uros Racic, Hugo Guillamón, Christian Oliva, Daniel Wass, Vicente Esquerdo, Gonçalo Guedes, Patrick Cutrone, Jason Remeseiro, Maxi Gómez, Rubén Sobrino, Álex Blanco, Denis Cheryshev, Manu Vallejo, Kévin Gameiro"
Levante UD,La Liga,2020-2021,14,"Dani Cárdenas, Pablo Campos, Aitor Fernández, Koke Vegas, Son, Róber Pier, Rúben Vezo, Carlos Clerc, Óscar Duarte, Jorge Miramón, Alfredo Pedraza, Sergio Postigo, Toño García, Coke, Euse Monzó, Giorgi Kochorashvili, Enis Bardhi, Pablo Martínez, Gonzalo Melero, José Campaña, Nemanja Radoja, Mickaël Malsa, Álex Blesa, Cheick Doukouré, Nikola Vukcevic, Jorge de Frutos, Edgar Sevikyan, Dani Gómez, Álex Cantero, José Luis Morales, Roger Martí, Hernâni, Rubén Rochina, Sergio León"
Getafe CF,La Liga,2020-2021,15,"David Soria, Rubén Yáñez, Marc Cucurella, Mathías Olivera, Juan Iglesias, Dakonam Djené, Soufiane Chakla, Erick Cabaco, Allan Nyom, David Alba, Chema Rodríguez, Ryan Nolan, Damián Suárez, Xabi Etxeita, Koffi, Mauro Arambarri, Nemanja Maksimovic, Carles Aleñá, John Patrick, Sabit Abdulai, Ante Palaversa, David Timor, Takefusa Kubo, Cucho Hernández, Enes Ünal, Darío Poveda, Josete Miranda, Víctor Mollejo, Francisco Portillo, Abdoulay Diaby, Jaime Mata, Ángel Rodríguez, Mamor Niang"
Deportivo Alavés,La Liga,2020-2021,16,"Antonio Sivera, Fernando Pacheco, Aritz Castro, Abdel Abqar, Javi López, Rubén Duarte, Florian Lejeune, Adrián Marín, Rodrigo Ely, Tachi, Martín Aguirregabiria, Stephane Keller, Ximo Navarro, Hugo Pérez, Eneko Ortiz, Víctor Laguardia, Rodrigo Battaglia, Pere Pons, Tomás Tavares, Abdallahi Mahmoud, Sergi García, Pepe Blanco, Tomás Pina, Manu García, Borja Sainz, Facundo Pellistri, Joselu, Luis Rioja, Iñigo Córdoba, Deyverson, Lucas Pérez, John Guidetti, Edgar Méndez, Burgui, Jota Peleteiro"
Elche CF,La Liga,2020-2021,17,"Paulo Gazzaniga, Edgar Badia, Diego Rodríguez, Luis Castillo, Lluis Andreu, José Salinas, Johan Mojica, Dani Calvo, John Donald, Josema, Helibelton Palacios, Youssouf Koné, Nacho Pastor, Diego González, Juan Sánchez Miño, Gonzalo Verdú, Antonio Barragán, Gerard Barri, Raúl Guti, Iván Marcone, Nuke Mfulu, Luismi Sánchez, Jony Álamo, Miguel Cifuentes, César Moreno, Ramón Folch, Víctor Rodríguez, Pablo Piatti, Lucas Boyé, Tete Morente, Mourad El Ghezouani, Pere Milla, Emiliano Rigoni, Jeison Lucumí, Diego Bri, Fidel, Guido Carrillo, Cheikh Diamanka, Josan, Nino, Claudio Medina"
SD Huesca,La Liga,2020-2021,18,"Álvaro Fernández, Andrés Fernández, Javi Gasca, Antonio Valera, Sergio Gómez, Denis Vavro, Pablo Maffeo, Javi Galán, Pablo Insua, Jorge Pulido, Gastón Silva, Manu Galán, Dimitrios Siovas, Luisinho, Pedro López, Jorge Cofrades, Jaime Seoane, Idrissa Doumbia, Kelechi Nwakali, Eugeni, Juan Carlos Real, Pedro Mosquera, Mikel Rico, Borja García, Kevin Carlos, Rafa Mir, Javi Ontiveros, Joaquín Muñoz, Sandro Ramírez, Dani Escriche, Juan Peñaloza, David Ferreiro, Gustavo Abizanda, Shinji Okazaki"
Real Valladolid CF,La Liga,2020-2021,19,"Samu Pérez, Gaizka Campos, Jordi Masip, Roberto, Lucas Olaza, Miguel Rubio, Sergio López, Luis Pérez, Ignasi Vilarrasa, Lucas Freitas, Javi Sánchez, Jawad El Yamiq, Joaquín Fernández, Saidy Janko, Nacho Martínez, Kiko Olivas, Jesús Palomeque, Javi Moyano, Raúl Carnero, Bruno González, Kike Pérez, Oriol Rey, Fran Álvarez, Fede San Emeterio, Moha Moukhliss, Rubén Alcaraz, Kuki Zalazar, Luismi Sánchez, Roque Mesa, Míchel Herrero, Jota, Marcos André, Shon Weissman, Kenan Kodro, Waldo Rubio, Sergi Guardiola, Toni Villa, Óscar Plano, Sergio Benito, Pablo Hervías, Fabián Orellana"
SD Eibar,La Liga,2020-2021,20,"Marko Dmitrovic, Jonmi Magunagoitia, Unai Ayala, Yoel Rodríguez, Álvaro Tejero, Álex Pozo, Kévin Rodrigues, Rafa Soares, Sergio Cubero, Paulo Oliveira, Pedro Bigas, José Antonio Martínez, Unai Dufur, Rober Correa, Esteban Burgos, Anaitz Arbilla, Cote, Aleix García, Edu Expósito, Miguel Atienza, Sergio Álvarez, Roberto Olabe, Damian Kadzior, Pape Diop, Recio, Bryan Gil, Yoshinori Muto, Kike García, Takashi Inui, Sergi Enrich, Quique González, Pedro León, Eñaut Mendia, Unai Arieta"
Real Madrid,La Liga,2021-2022,1,"Thibaut Courtois, Andriy Lunin, Luis López, Toni Fuidias, Diego Piñeiro, Éder Militão, Mario Gila, Miguel Gutiérrez, Rafa Marín, Ferland Mendy, Daniel Carvajal, David Alaba, Lucas Vázquez, Nacho Fernández, Jesús Vallejo, Álvaro Odriozola, Sergio Santos, Marcelo, Federico Valverde, Eduardo Camavinga, Marco Asensio, Antonio Blanco, Casemiro, Dani Ceballos, Luka Modrić, Isco, Toni Kroos, Vinicius Junior, Rodrygo, Karim Benzema, Luka Jović, Juanmi Latasa, Peter Federico, Mariano Díaz, Eden Hazard, Gareth Bale"
FC Barcelona,La Liga,2021-2022,2,"Iñaki Peña, Marc-André ter Stegen, Arnau Tenas, Lazar Carević, Neto, Alejandro Balde, Eric García, Ronald Araujo, Sergiño Dest, Óscar Mingueza, Mika Mármol, Emerson Royal, Clément Lenglet, Jordi Alba, Arnau Comas, Guillem Jaime, Gerard Piqué, Dani Alves, Samuel Umtiti, Pedri, Nico González, Frenkie de Jong, Gavi, Riqui Puig, Philippe Coutinho, Miralem Pjanić, Sergi Roberto, Sergio Busquets, Jandro Orellana, Álvaro Sanz, Lucas de Vega, Ousmane Dembélé, Ferran Torres, Abde Ezzalzouli, Ilias Akhomach, Antoine Griezmann, Ansu Fati, Memphis Depay, Adama Traoré, Ferran Jutglà, Pierre-Emerick Aubameyang, Rey Manaj, Yusuf Demir, Martin Braithwaite, Luuk de Jong, Estanis Pedrola, Sergio Agüero"
Atlético de Madrid,La Liga,2021-2022,3,"Jan Oblak, Alejandro Iturbe, Ivo Grbic, Benjamin Lecomte, Antonio Gomis, Christian Gómez, Marcos Llorente, José María Giménez, Nehuén Pérez, Renan Lodi, Mario Hermoso, Reinildo Mandava, Kieran Trippier, Stefan Savic, Marco Moreno, Manu Lama, Sergio Camus, Sergio Diez, Joan Rojas, Ibra Cámara, Felipe, Sime Vrsaljko, Fran González, Pablo Barrios, Rodrigo De Paul, Koke, Geoffrey Kondogbia, Saúl Ñíguez, Thomas Lemar, Héctor Herrera, Javi Serrano, Daniel Wass, Alberto Moreno, Matheus Cunha, Giuliano Simeone, João Félix, Antoine Griezmann, Ángel Correa, Yannick Carrasco, Carlos Martín, Sergio Camello, Luis Suárez, Ivan Saponjic"
Sevilla FC,La Liga,2021-2022,4,"Yassine Bounou, Marko Dmitrovic, Javi Díaz, Alberto Flores, Alfonso Pastor, Adrián González, Jules Koundé, Juanlu Sánchez, José Ángel Carmona, Diego Carlos, Kike Salas, Gonzalo Montiel, Ludwig Augustinsson, Marcos Acuña, Álex Pozo, Karim Rekik, Juan María Alcedo, Valentino Fattore, Pablo Pérez, Óliver Torres, Nemanja Gudelj, Joan Jordán, Óscar Rodríguez, Munir El Haddadi, Thomas Delaney, Pedro Ortiz, Fernando, Nacho Quintana, Ivan Rakitic, Jesús Navas, Youssef En-Nesyri, Anthony Martial, Iván Romero, Oussama Idrissi, Lucas Ocampos, Rafa Mir, Jesús Corona, Suso, Luuk de Jong, Luismi Cruz, Papu Gómez, Antonio Zarzana, Erik Lamela"
Real Betis Balompié,La Liga,2021-2022,5,"Rui Silva, Joel Robles, Dani Rebollo, Claudio Bravo, Juan Miranda, Álex Moreno, Héctor Bellerín, Youssouf Sabaly, Edgar González, Marc Bartra, Germán Pezzella, Marc Baró, Kike Hermoso, Martín Montoya, José Calderón, Fran Delgado, Víctor Ruiz, Sidnei, Sergio Canales, Guido Rodríguez, Nabil Fekir, William Carvalho, Paul Akouokou, Víctor Camarasa, Antonio Marchena, Andrés Guardado, Yassin Fekir, Diego Lainez, Aitor Ruibal, Borja Iglesias, Raúl García, Rodri Sánchez, Loren Morón, Willian José, Juanmi, Rober González, Cristian Tello, Joaquín"
Real Sociedad,La Liga,2021-2022,6,"Álex Remiro, Mathew Ryan, Unai Marrero, Gaizka Ayesa, Robin Le Normand, Igor Zubeldia, Jon Pacheco, Andoni Gorosabel, Aihen Muñoz, Aritz Elustondo, Diego Rico, Jonathan Gómez, Joseba Zaldua, Cristo Romero, Nacho Monreal, Martín Zubimendi, Mikel Merino, Beñat Turrientes, Urko González de Zárate, Ander Guevara, Jon Guridi, Jon Ander Olasagasti, Asier Illarramendi, Rafinha, David Silva, Alexander Isak, Mikel Oyarzabal, Ander Barrenetxea, Alexander Sørloth, Robert Navarro, Germán Valera, Álex Sola, Jon Karrikaburu, Jon Bautista, Portu, Naïs Djouahra, Adnan Januzaj, Julen Lobete, Carlos Fernández, Ander Martín"
Villarreal CF,La Liga,2021-2022,7,"Filip Jørgensen, Gerónimo Rulli, Iker Álvarez, Sergio Asenjo, Pau Torres, Juan Foyth, Pervis Estupiñán, Jorge Cuenca, Alfonso Pedraza, Adrián Dela, Serge Aurier, Alberto Moreno, Aïssa Mandi, Raúl Albiol, Dani Tasende, Rubén Peña, Mario Gaspar, Lanchi, Giovani Lo Celso, Manu Morlanes, Dani Parejo, Francis Coquelin, Antonio Pacheco, Manu Trigueros, Carlo García, Étienne Capoue, Vicente Iborra, Nicolas Jackson, Yéremy Pino, Samuel Chukwueze, Boulaye Dia, Arnaut Danjuma, Gerard Moreno, Paco Alcácer, Dani Raba, Fer Niño, Juan Carlos Arana, Moi Gómez, Nikita Iosifov"
Bilbao Athletic,La Liga,2021-2022,8,"Julen Agirrezabala, Álex Padilla, Unai Pérez, Ander Iru, Aitor Paredes, Álvaro Núñez, Hugo Rincón, Unai Egiluz, Antxón Jaso, Jon Sillero, Oier López, Mikel Kortazar, Beñat de Jesús, Mikel Mendibe, Raúl Chasco, Ander Lorente, Xabi Arberas, Beñat Prados, Mikel Goti, Yussi Diarra, Beñat Gerenabarrena, Víctor San Bartolomé, Unai Naveira, Unai Rementeria, Kepa Uriarte, Gorka Agirre, Nico Serrano, Adu Ares, Jon Guruzeta, Ibai Sanz, Juan Artola, Luis Bilbao, Jon Cabo, Ewan Urain, Aritz Pascual, Andoni Tascón"
Valencia CF,La Liga,2021-2022,9,"Giorgi Mamardashvili, Jasper Cillessen, Cristian Rivero, Jaume Doménech, Charlie Pérez, Cristhian Mosquera, César Tárrega, Omar Alderete, José Gayà, Thierry Correia, Jesús Vázquez, Mouctar Diakhaby, Eray Cömert, Toni Lato, Dimitri Foulquier, Gabriel Paulista, Rubén Iranzo, Joseda Menargues, Cristiano Piccini, Javi Guerra, Yunus Musah, Ilaix Moriba, Carlos Soler, Koba Koindredi, Uros Racic, Hugo Guillamón, Yellu Santiago, Pedro Alemañ, Daniel Wass, Lass Sangaré, Diego López, Hugo Duro, Bryan Gil, Gonçalo Guedes, Jason Remeseiro, Maxi Gómez, Marcos André, Rubén Sobrino, Álex Blanco, Hélder Costa, Denis Cheryshev, Manu Vallejo, Hugo González, Mario Domínguez"
CA Osasuna,La Liga,2021-2022,10,"Sergio Herrera, Juan Pérez, Yoel Ramírez, Darío Ramos, Jesús Areso, David García, Manu Sánchez, Nacho Vidal, Juan Cruz, Unai García, Aridane Hernández, Unai Dufur, Jonás Ramalho, Cote, Jon Moncayola, Lucas Torró, Javi Martínez, Jaume Grau, Darko Brasanac, Roberto Torres, Oier Sanjurjo, Iñigo Pérez, Ante Budimir, Javi Ontiveros, Rubén García, Chimy Ávila, Kike Barja, Iker Benito, Kike García, Iván Barbero, Rober Ibáñez, Pau Martínez"
Celta de Vigo,La Liga,2021-2022,11,"Rubén Blanco, Coke Carrillo, César Fernández, Matías Dituro, Gaizka Campos, Javi Galán, Carlos Domínguez, Javi Castro, Joseph Aidoo, José Fontán, Jeison Murillo, Hugo Mallo, Néstor Araújo, Kevin Vázquez, Fernando Medrano, Thomas Carrique, Gabri Veiga, Brais Méndez, Hugo Sotelo, Orbelín Pineda, Fran Beltrán, Okay Yokuşlu, Damián Rodríguez, Renato Tapia, Denis Suárez, Miguel Baeza, Augusto Solari, Hugo Álvarez, Alfon González, Iago Aspas, Franco Cervi, Thiago Galhardo, Nolito, Santi Mina"
Rayo Vallecano,La Liga,2021-2022,12,"Stole Dimitrievski, Luca Zidane, Iván Arboleda, Miguel Ángel Morro, Adrián Quintela, Fran García, Alejandro Catena, Kévin Rodrigues, Iván Balliu, Nikola Maras, Iker Recio, Jorge Moreno, Mario Hernández, Esteban Saveljich, Sergio Gimeno, Santi Comesaña, Unai López, Óscar Valentín, Pathé Ciss, Randy Nteka, José Pozo, Óscar Trejo, Manu Navarro, Mario Suárez, Andrés Martín, Isi Palazón, Álvaro García, Mamadou Sylla, Sergi Guardiola, Bebé, Martín Merquelanz, Sergio Moreno, Radamel Falcao, Yacine Qasmi, Álvaro Aguirre, Vere"
Elche CF,La Liga,2021-2022,13,"Edgar Badia, Axel Werner, Kiko Casilla, Lluis Andreu, Lucas Olaza, Johan Mojica, John Donald, Josema, Helibelton Palacios, Enzo Roco, Pedro Bigas, Diego González, Gonzalo Verdú, Antonio Barragán, Carles Marco, Sergio Bono, Kike Pérez, Raúl Guti, Gerard Gumbau, Omar Mascarell, Iván Marcone, Jony Álamo, César Moreno, Javier Pastore, Pablo Piatti, Lucas Boyé, Ezequiel Ponce, Tete Morente, Pere Milla, Diego Bri, Guido Carrillo, Fidel, Lucas Pérez, Cheikh Diamanka, Josan, Darío Benedetto, Joselu Friaza"
RCD Espanyol Barcelona,La Liga,2021-2022,14,"Joan García, Oier Olazábal, Diego López, Víctor Gómez, Adrià Pedrosa, Fernando Calero, Rubén Sánchez, Leandro Cabrera, David López, Óscar Gil, Sergi Gómez, Álvaro García, Lluís Recasens, Miguel Llambrich, Alejandro Pérez, Dídac Vilà, Yangel Herrera, Nico Melamed, Sergi Darder, Manu Morlanes, Keidi Bare, Óscar Melendo, Tonny Vilhena, Dani Villahermosa, Roger Martínez, Gori Gracia, Fran Mérida, Javi Puado, Luca Koleosho, Jofre Carreras, Loren Morón, Landry Dimata, Adrián Embarba, Raúl de Tomás, Lei Wu, Max Svensson, Álvaro Vadillo, Aleix Vidal"
Getafe CF,La Liga,2021-2022,15,"Diego Conde, David Soria, Rubén Yáñez, Marc Cucurella, Mathías Olivera, Gastón Álvarez, Juan Iglesias, Jorge Cuenca, Dakonam Djené, Ignasi Miquel, Jonathan Silva, Erick Cabaco, Stefan Mitrovic, Allan Nyom, Chema Rodríguez, Álvaro López, Damián Suárez, Koffi, Chinchu, Pablo Montero, Florentino, Mauro Arambarri, Nemanja Maksimovic, Carles Aleñá, Okay Yokuşlu, Gonzalo Villar, Óscar Rodríguez, Santi García, John Patrick, Ángel Algobia, David Timor, Totti, Diego López, Jakub Jankto, Hugo Duro, Enes Ünal, Borja Mayoral, Sandro Ramírez, José Juan Macías, Darío Poveda, Jaime Mata, Mamor Niang, Vitolo"
Cádiz CF,La Liga,2021-2022,16,"Conan Ledesma, Victor Aznar, David Gil, Juan Flere, Víctor Chust, Santiago Arzamendia, Iván Alejo, Alfonso Espino, Iza Carcelén, Fali, Varazdat Haroyan, Carlos Akapo, Genar Fornés, Raúl Parra, Marcos Mauro, Luis Hernández, Juan Cala, Jens Jönsson, Fede San Emeterio, Rubén Alcaraz, Álex Fernández, Tomás Alarcón, Martín Calderón, Álvaro Bastida, José Mari, Oussama Idrissi, Milutin Osmajic, Iván Chapela, Choco Lozano, Rubén Sobrino, Salvi Sánchez, Álvaro Jiménez, Pedro Benito, Florin Andone, Lucas Pérez, Alberto Perea, Álvaro Negredo"
RCD Mallorca,La Liga,2021-2022,17,"Dominik Greif, Leo Román, Sergio Rico, Pere García, Ferran Quetglás, Manolo Reina, Pablo Maffeo, Martin Valjent, Giovanni González, Brian Oliván, Antonio Raíllo, Joan Sastre, Franco Russo, Josep Gayá, Aleksandar Sedlar, Marcos Fernández, Marc Carmona, Jaume Costa, Kang-in Lee, Aleix Febas, Iñigo Ruiz de Galarreta, Antonio Sánchez, Iddrisu Baba, Rodrigo Battaglia, Clément Grenier, Thomas Giaquinto, Dani Rodríguez, Salva Sevilla, Takefusa Kubo, Vedat Muriqi, Fer Niño, Abdón Prats, Amath Ndiaye, Javi Llabrés, Matthew Hoppe, Jordi Mboula, Víctor Mollejo, Lago Júnior, Miguelito, Pablo Gálvez, Ángel Rodríguez"
Granada CF,La Liga,2021-2022,18,"Luís Maximiano, Aarón Escandell, João Costa, Ángel Jiménez, Cheikh Sarr, Raúl Torrente, Santiago Arias, Luis Abram, Dimitri Foulquier, Carlos Neva, Miguel Ángel Brau, Sergio Barcia, Domingos Duarte, Pepe Sánchez, Sergio Escudero, Quini, Neyder Lozano, Germán Sánchez, Víctor Díaz, Monchu, Luis Milla, Njegos Petrovic, Álex Collado, Yan Eteki, Isma Ruiz, Maxime Gonalons, Ángel Montoro, Luis Suárez, Bryan Zaragoza, Matías Arezo, Myrto Uzuni, Dani Raba, Antonio Puertas, Alberto Soro, Darwin Machís, Adrián Butzke, Rubén Rochina, Carlos Bacca, Jorge Molina"
Levante UD,La Liga,2021-2022,19,"Dani Cárdenas, Pablo Campos, Aitor Fernández, Koke Vegas, Pablo Picón, Álex Primo, Marc Pubill, Son, Marcelo Saracchi, Enric Franquesa, Róber Pier, Rúben Vezo, Antonio Leal, Carlos Giménez, Carlos Clerc, Óscar Duarte, Sergio Postigo, Jorge Miramón, Joseda Álvarez, Martín Cáceres, José Manuel, Shkodran Mustafi, Coke, Pepelu, Giorgi Kochorashvili, Enis Bardhi, Pablo Martínez, Gonzalo Melero, José Campaña, Nemanja Radoja, Mickaël Malsa, Álex Blesa, Carlos Benítez, Nikola Vukcevic, Jorge de Frutos, Dani Gómez, Omar Faraj, Álex Cantero, Roger Martí, José Luis Morales, Hernâni, Roberto Soldado"
Deportivo Alavés,La Liga,2021-2022,20,"Antonio Sivera, Jesús Owono, Fernando Pacheco, Adrián Rodríguez, Óscar Medina, Iván Sanz, Abdel Abqar, Javi López, Nahuel Tenaglia, Rubén Duarte, Matt Miazga, Florian Lejeune, Tachi, Saúl García, Martín Aguirregabiria, Ximo Navarro, Alexandru Țîrlea, Víctor Laguardia, Iván Martín, Manu García, Mamadou Loum, Toni Moya, Pere Pons, Antonio Perera, Tomás Mendes, Gonzalo Escalante, Álex Balboa, Tomás Pina, Facundo Pellistri, Joselu, Jason Remeseiro, Luis Rioja, Miguel de la Fuente, Taichi Hara, Mamadou Sylla, Unai Ropero, Giorgi Gagua, Lucas Pérez, Alan Godoy, Manu Vallejo, John Guidetti, Edgar Méndez, Marc Tenas"
FC Barcelona,La Liga,2022-2023,1,"Iñaki Peña, Marc-André ter Stegen, Arnau Tenas, Ander Astralaga, Jules Koundé, Alejandro Balde, Eric García, Ronald Araujo, Chadi Riad, Andreas Christensen, Álex Valle, Héctor Bellerín, Marcos Alonso, Jordi Alba, Gerard Piqué, Pedri, Frenkie de Jong, Gavi, Marc Casadó, Franck Kessié, Pablo Torre, Miralem Pjanić, Sergi Roberto, Unai Hernández, Sergio Busquets, Aleix Garrido, Álvaro Sanz, Pau Prim, Lamine Yamal, Ousmane Dembélé, Raphinha, Ferran Torres, Ilias Akhomach, Marc Guiu, Ansu Fati, Robert Lewandowski, Memphis Depay, Pierre-Emerick Aubameyang, Ángel Alarcón, Estanis Pedrola, Dani Rodríguez"
Real Madrid,La Liga,2022-2023,2,"Thibaut Courtois, Andriy Lunin, Fran González, Mario de Luis, Lucas Cañizares, Luis López, Diego Piñeiro, Éder Militão, Antonio Rüdiger, Ferland Mendy, Daniel Carvajal, Vinícius Tobias, David Alaba, Lucas Vázquez, Nacho Fernández, Jesús Vallejo, Álvaro Odriozola, Marvel, Federico Valverde, Aurélien Tchouaméni, Nico Paz, Eduardo Camavinga, Marco Asensio, Casemiro, Dani Ceballos, Sergio Arribas, Mario Martín, Luka Modrić, Carlos Dotor, Toni Kroos, Vinicius Junior, Rodrygo, Karim Benzema, Álvaro Rodríguez, Mariano Díaz, Eden Hazard"
Atlético de Madrid,La Liga,2022-2023,3,"Jan Oblak, Alejandro Iturbe, Ivo Grbic, Antonio Gomis, Sergio Mestre, Marcos Llorente, Nahuel Molina, José María Giménez, Renan Lodi, Mario Hermoso, Sergio Reguilón, Reinildo Mandava, Matt Doherty, Marco Moreno, Stefan Savic, Ilias Kostis, Sergio Diez, Adrián Corral, Felipe, Pablo Barrios, Rodrigo De Paul, Koke, Geoffrey Kondogbia, Saúl Ñíguez, Thomas Lemar, Axel Witsel, Aitor Gismera, Alberto Moreno, Antonio Alemán, Matheus Cunha, João Félix, Antoine Griezmann, Ángel Correa, Memphis Depay, Álvaro Morata, Yannick Carrasco, Carlos Martín, Diego Bri, Salim El Jebari, Abde Raihani"
Real Sociedad,La Liga,2022-2023,4,"Álex Remiro, Unai Marrero, Andoni Zubiaurre, Egoitz Arana, Robin Le Normand, Igor Zubeldia, Jon Pacheco, Andoni Gorosabel, Aihen Muñoz, Aritz Elustondo, Diego Rico, Jonathan Gómez, Aritz Arambarri, Martín Zubimendi, Mikel Merino, Brais Méndez, Beñat Turrientes, Pablo Marín, Urko González de Zárate, Ander Guevara, Jon Ander Olasagasti, Jon Magunazelaia, Asier Illarramendi, David Silva, Alexander Isak, Takefusa Kubo, Mikel Oyarzabal, Ander Barrenetxea, Alexander Sørloth, Mohamed-Ali Cho, Robert Navarro, Umar Sadiq, Álex Sola, Jon Karrikaburu, Carlos Fernández, Ander Martín, Martín Merquelanz"
Villarreal CF,La Liga,2022-2023,5,"Filip Jørgensen, Gerónimo Rulli, Iker Álvarez, Gianni Cassaro, Pepe Reina, Pau Torres, Carlos Romero, Juan Foyth, Pervis Estupiñán, Sergio Carreira, Jorge Cuenca, Alfonso Pedraza, Adrián Dela, Johan Mojica, Alberto Moreno, Aïssa Mandi, Dani Tasende, Kiko Femenía, Raúl Albiol, Mamadou Mbacke, Marcos Sánchez, Giovani Lo Celso, Ramón Terrats, Manu Morlanes, Dani Parejo, Alberto del Moral, Francis Coquelin, Antonio Pacheco, Manu Trigueros, Carlo García, Rodri Alonso, Étienne Capoue, Álex Baena, Nicolas Jackson, Yéremy Pino, Samuel Chukwueze, Haissem Hassan, Arnaut Danjuma, Gerard Moreno, Fer Niño, Jorge Pascual, Diego Collado, José Luis Morales"
Real Betis Balompié,La Liga,2022-2023,6,"Rui Silva, Fran Vieites, Dani Martín, Germán García, Claudio Bravo, Juan Miranda, Abner, Álex Moreno, Luiz Felipe, Edgar González, Youssouf Sabaly, Germán Pezzella, Ricardo Visus, Martín Montoya, Fran Delgado, Félix Garreta, Víctor Ruiz, Guido Rodríguez, Nabil Fekir, Sergio Canales, William Carvalho, Paul Akouokou, Víctor Camarasa, Dani Pérez, Quique Fernández, Andrés Guardado, Luiz Henrique, Ayoze Pérez, Aitor Ruibal, Borja Iglesias, Rodri Sánchez, Juan Cruz, Loren Morón, Willian José, Juanmi, Rober González, José Alonso Lara, Joaquín"
CA Osasuna,La Liga,2022-2023,7,"Sergio Herrera, Aitor Fernández, Juan Pérez, Pablo Valencia, Yoel Ramírez, Darío Ramos, David García, Manu Sánchez, Jorge Herrando, Nacho Vidal, Juan Cruz, Rubén Peña, Unai García, Aridane Hernández, Diego Moreno, Aimar Oroz, Jon Moncayola, Pablo Ibáñez, Lucas Torró, Iker Muñoz, Javi Martínez, Darko Brasanac, Roberto Torres, Abde Ezzalzouli, Ante Budimir, Rubén García, Moi Gómez, Iker Benito, Chimy Ávila, Kike Barja, Kike García"
Bilbao Athletic,La Liga,2022-2023,8,"Álex Padilla, Oier Gastesi, Aimar Peñalver, Ibon Ispizua, Hugo Rincón, Unai Egiluz, Jon Sillero, Oier López, Ander Lorente, Aimar Duñabeitia, Miguel Barandalla, Mikel Mendibe, Beñat de Jesús, Raúl Chasco, Adrián Trespalacios, Eneko Ebro, Erlantz Palacín, Asier Pérez, Mikel Jauregizar, Unai Gómez, Alejandro Rego, Mikel Goti, Beñat Gerenabarrena, Ibon Sánchez, Unai Naveira, Unai Vélez, Junior Bita, Urko Izeta, Adu Ares, Jon Guruzeta, Iker Varela, Luis Bilbao, Jon Cabo, Quicala Bari, Iñigo López, Ewan Urain, Aritz Pascual"
RCD Mallorca,La Liga,2022-2023,9,"Dominik Greif, Predrag Rajković, Leo Román, Pere García, Pablo Maffeo, Martin Valjent, José Copete, Giovanni González, Ludwig Augustinsson, Braian Cufré, Antonio Raíllo, Dennis Hadzikadunic, Franco Russo, Matija Nastasić, Josep Gayá, Benjamín Garay, Marcos Fernández, Jaume Costa, Kang-in Lee, Iñigo Ruiz de Galarreta, Antonio Sánchez, Manu Morlanes, Iddrisu Baba, Rodrigo Battaglia, Rubén Quintanilla, Clément Grenier, Dani Rodríguez, Miquel Llabrés, Luis Montiel, Vedat Muriqi, Tino Kadewere, Abdón Prats, Amath Ndiaye, Javi Llabrés, Lago Júnior, Tòfol Montiel, Miguelito, Ángel Rodríguez"
Girona FC,La Liga,2022-2023,10,"Paulo Gazzaniga, Toni Fuidias, Juan Carlos, Lluc Matas, Miguel Gutiérrez, Arnau Martínez, Santiago Bueno, Javi Hernández, David López, Juanpe, Alexander Callens, Eric Monjonell, Biel Farrés, Bernardo Espinosa, Aleix García, Yan Couto, Yangel Herrera, Iván Martín, Ramón Terrats, Reinier, Álex Sala, Oriol Romeu, Ibrahima Kébé, Samu Saiz, Borja García, Ricard Artero, Taty Castellanos, Viktor Tsygankov, Pau Víctor, Rodrigo Riquelme, Joel Roca, Valery Fernández, Dawda Camara, Cristhian Stuani, Toni Villa, Manu Vallejo, Óscar Ureña"
Sevilla FC,La Liga,2022-2023,11,"Yassine Bounou, Marko Dmitrovic, Alberto Flores, Matías Árbol, Marius Herzig, Loïc Badé, José Ángel Carmona, Kike Salas, Gonzalo Montiel, Alex Telles, Marcão, Marcos Acuña, Tanguy Nianzou, Karim Rekik, Xavi Sintes, Diego Hormigo, Pablo Pérez, Pape Gueye, Isco, Óliver Torres, Nemanja Gudelj, Joan Jordán, Munir El Haddadi, Manu Bueno, Thomas Delaney, Pedro Ortiz, Fernando, Nacho Quintana, Ivan Rakitic, Jesús Navas, Youssef En-Nesyri, Carlos Álvarez, Kasper Dolberg, Bryan Gil, Iván Romero, Lucas Ocampos, Rafa Mir, Jesús Corona, Suso, Adnan Januzaj, Papu Gómez, Erik Lamela"
Rayo Vallecano,La Liga,2022-2023,12,"Stole Dimitrievski, Miguel Ángel Morro, Diego López, Fran García, Pep Chavarría, Abdul Mumin, Alejandro Catena, Florian Lejeune, Iván Balliu, Mario Hernández, Esteban Saveljich, Santi Comesaña, Unai López, Óscar Valentín, Pathé Ciss, Randy Nteka, Óscar Trejo, José Pozo, Diego Méndez, Mario Suárez, Andrés Martín, Isi Palazón, Sergio Camello, Álvaro García, Raúl de Tomás, Bebé, Salvi Sánchez, Pablo Muñoz, Radamel Falcao"
Celta de Vigo,La Liga,2022-2023,13,"Iván Villar, Christian Joel, Agustín Marchesín, Ruly García, Coke Carrillo, Diego Alves, Óscar Mingueza, Unai Núñez, Javi Galán, Carlos Domínguez, Joseph Aidoo, Sergio Barcia, Hugo Mallo, Kevin Vázquez, Fernando Medrano, Tincho Conde, Javi Domínguez, Gabri Veiga, Hugo Sotelo, Fran Beltrán, Luca de la Torre, Óscar Rodríguez, Renato Tapia, Miguel Baeza, Augusto Solari, Jørgen Strand Larsen, Williot Swedberg, Hugo Álvarez, Miguel Rodríguez, Pablo Durán, Carles Pérez, Iago Aspas, Gonçalo Paciência, Franco Cervi, Fran López, Haris Seferovic"
Valencia CF,La Liga,2022-2023,14,"Giorgi Mamardashvili, Emilio Bernad, Cristian Rivero, Iago Herrerín, Jaume Doménech, Charlie Pérez, Cristhian Mosquera, José Gayà, Thierry Correia, Jesús Vázquez, Mouctar Diakhaby, Cenk Özkacar, Eray Cömert, Toni Lato, Dimitri Foulquier, Gabriel Paulista, Rubén Iranzo, Nico González, Justin Kluivert, Javi Guerra, Yunus Musah, Ilaix Moriba, André Almeida, Carlos Soler, Koba Koindredi, Uros Racic, Hugo Guillamón, Yellu Santiago, Tiago Ribeiro, Samuel Lino, Diego López, Hugo Duro, Fran Pérez, Maxi Gómez, Marcos André, Alberto Marí, Edinson Cavani, Samu Castillejo, Manu Vallejo, Mario Domínguez"
Getafe CF,La Liga,2022-2023,15,"Diego Conde, David Soria, Vicente Bellmunt, Kiko Casilla, Omar Alderete, Gastón Álvarez, Juan Iglesias, Dakonam Djené, Jordan Amavi, Domingos Duarte, Fabrizio Angileri, Stefan Mitrovic, Álex Revuelta, Alex Rodríguez, Gorka Rivera, Damián Suárez, Pablo Ramírez, Koffi, Mauro Arambarri, Nemanja Maksimovic, Luis Milla, Carles Aleñá, Jaime Seoane, Gonzalo Villar, Santi García, Munir El Haddadi, John Patrick, Ángel Algobia, Enes Ünal, Borja Mayoral, Juanmi Latasa, Portu, Moises Parra, Jaime Mata"
Cádiz CF,La Liga,2022-2023,16,"Conan Ledesma, Victor Aznar, David Gil, Nando Almodóvar, Víctor Chust, Santiago Arzamendia, Iván Alejo, Alfonso Espino, Iza Carcelén, Momo Mbaye, Fali, Joseba Zaldua, Lautaro Spatz, Carlos García, Raúl Parra, Kikín, Jorge Meré, Luis Hernández, Juan Cala, Antonio Blanco, Moussa Diakité, Tomás Alarcón, Gonzalo Escalante, Rubén Alcaraz, Álex Fernández, Youba Diarra, Fede San Emeterio, Álvaro Bastida, Curro Muñoz, Jon Ander Garrido, José Mari, Karl Etta Eyong, Théo Bongonda, Chris Ramos, Brian Ocampo, Choco Lozano, José Antonio de la Rosa, Rubén Sobrino, Awer Mabil, Sergi Guardiola, Lucas Pérez, Roger Martí, Álvaro Giménez, Mamady Diarra, Francisco Mwepu, Alberto Perea, Álvaro Negredo"
UD Almería,La Liga,2022-2023,17,"Fernando Pacheco, Fernando Martínez, Diego Fuoli, Diego Mariño, Sergio Akieme, Srdjan Babic, Kaiky, Álex Pozo, Chumi, Rodrigo Ely, Álex Centelles, Arvin Appiah, Houboulang Mendes, Samú Costa, Lucas Robertone, Marcos Peña, Arnau Puigmal, Gonzalo Melero, Gui Guedes, Martin Svidersky, César de la Hoz, Iñigo Eguaras, Luis Suárez, El Bilal Touré, Largie Ramazani, Umar Sadiq, Curro Sánchez, Lázaro, Marko Milovanović, Adrián Embarba, Léo Baptistão, José Carlos Lazo, Francisco Portillo, Marciano Sanca, Carlos Rojas, Dyego Sousa"
Real Valladolid CF,La Liga,2022-2023,18,"Álvaro Aceves, Jordi Masip, Sergio Asenjo, Iván Fresneda, Lucas Olaza, Lucas Rosa, David Torres, Luis Pérez, Javi Sánchez, Jawad El Yamiq, Joaquín Fernández, Víctor Rofino, Sergio Escudero, Diego Moreno, Zouhair Feddal, Monchu, Kike Pérez, Martin Hongla, Álvaro Aguado, Selim Amallah, Mickaël Malsa, Roque Mesa, Alberto Quintana, Mario Maroto, Gonzalo Plata, Cyle Larin, Manu Pozo, Anuar, Tunde Akinsola, Shon Weissman, Sergi Guardiola, Toni Villa, Kenedy, Iván Sánchez, Darwin Machís, Iván Cédric, Juanjo Narváez, Roberto Arroyo, Óscar Plano, Sekou Gassama, Sergio León"
RCD Espanyol Barcelona,La Liga,2022-2023,19,"Joan García, Álvaro Fernández, Benjamin Lecomte, Fernando Pacheco, Ángel Fortuño, Omar El Hilali, César Montes, Adrià Pedrosa, Ronaël Pierre-Gabriel, Fernando Calero, Brian Oliván, Rubén Sánchez, Leandro Cabrera, Simo Keddari, Óscar Gil, Sergi Gómez, Vini Souza, Pol Lozano, Edu Expósito, Nico Melamed, Sergi Darder, José Gragera, Keidi Bare, Denis Suárez, Dani Villahermosa, Nabil Touaizi, Roger Martínez, Javi Puado, Luca Koleosho, Joselu, Martin Braithwaite, Adrián Embarba, Dani Gómez, José Carlos Lazo, Abde Damar, Kenneth Soler, Aleix Vidal"
Elche CF,La Liga,2022-2023,20,"Edgar Badia, Axel Werner, Juanpe Navarro, Jesús López, Luismi Quirant, José Ángel Carmona, Lautaro Blanco, Pol Lirola, Johan Mojica, Lisandro Magallán, John Donald, Helibelton Palacios, Enzo Roco, Pedro Bigas, Carlos Clerc, Manuel Cocca, Javi Pamies, Federico Fernández, Carles Marco, Diego González, Gonzalo Verdú, Rodrigo Mendoza, Nicolás Fernández Mercau, Álex Collado, Gerard Gumbau, Raúl Guti, Randy Nteka, Domingos Quina, Branislav Knezevic, Omar Mascarell, Alejandro Alfaro, Javier Pastore, Pape Cheikh, Lucas Boyé, Ezequiel Ponce, Tete Morente, Pere Milla, Roger Martí, Fidel, Josan"
Real Madrid,La Liga,2023-2024,1,"Thibaut Courtois, Andriy Lunin, Kepa Arrizabalaga, Fran González, Mario de Luis, Lucas Cañizares, Diego Piñeiro, Éder Militão, Jacobo Ramón, Fran García, Antonio Rüdiger, Ferland Mendy, Daniel Carvajal, Vinícius Tobias, David Alaba, Lucas Vázquez, Nacho Fernández, Álvaro Odriozola, Álvaro Carrillo, Edgar Pujol, Jude Bellingham, Federico Valverde, Arda Güler, Aurélien Tchouaméni, Nico Paz, Eduardo Camavinga, Dani Ceballos, Mario Martín, Luka Modrić, Théo Zidane, Toni Kroos, Vinicius Junior, Rodrygo, Brahim Díaz, Gonzalo García, Joselu, Álvaro Rodríguez"
FC Barcelona,La Liga,2023-2024,2,"Iñaki Peña, Marc-André ter Stegen, Áron Yaakobishvili, Ander Astralaga, Diego Kochen, Pau Cubarsí, Jules Koundé, Alejandro Balde, Eric García, Ronald Araujo, Héctor Fort, João Cancelo, Andreas Christensen, Mikayil Faye, Iñigo Martínez, Marcos Alonso, Pedri, Fermín López, Frenkie de Jong, Gavi, Marc Casadó, İlkay Gündoğan, Sergi Roberto, Unai Hernández, Aleix Garrido, Oriol Romeu, Pau Prim, Lamine Yamal, Raphinha, Ferran Torres, Vitor Roque, João Félix, Abde Ezzalzouli, Marc Guiu, Ansu Fati, Pau Víctor, Robert Lewandowski, Ángel Alarcón"
Girona FC,La Liga,2023-2024,3,"Paulo Gazzaniga, Toni Fuidias, Juan Carlos, Eric García, Miguel Gutiérrez, Santiago Bueno, Arnau Martínez, Daley Blind, David López, Juanpe, Antal Yaakobishvili, Eric Monjonell, Bernardo Espinosa, Aleix García, Yan Couto, Yangel Herrera, Iván Martín, Pablo Torre, Jhon Solís, Ibrahima Kébé, Selvi Clua, Ricard Artero, Borja García, Enric García, Savinho, Artem Dovbyk, Viktor Tsygankov, Iker Almena, Portu, Valery Fernández, Cristhian Stuani, Toni Villa, Manu Vallejo, Alex Almansa, Jastin Garcia, Carles Garrido, Juan Arango"
Atlético de Madrid,La Liga,2023-2024,4,"Jan Oblak, Horațiu Moldovan, Ivo Grbic, Antonio Gomis, Sergio Mestre, Marcos Llorente, Nahuel Molina, José María Giménez, Mario Hermoso, Çağlar Söyüncü, Reinildo Mandava, Javi Galán, César Azpilicueta, Gabriel Paulista, Stefan Savic, Marco Moreno, Ilias Kostis, Javier Boñar, Pablo Barrios, Arthur Vermeeren, Rodrigo De Paul, Koke, Álex Calatrava, Saúl Ñíguez, Thomas Lemar, Axel Witsel, Rayane Belaid, Sergio Guerrero, Aitor Gismera, João Félix, Samuel Lino, Antoine Griezmann, Ángel Correa, Memphis Depay, Álvaro Morata, Rodrigo Riquelme, Yannick Carrasco, Adrián Niño, Marcos Paulo, Salim El Jebari, Abde Raihani, Vitolo"
Bilbao Athletic,La Liga,2023-2024,5,"Álex Padilla, Mikel Santos, Oier Gastesi, Adama Boiro, Hugo Rincón, Unai Egiluz, Jon de Luis, Aimar Duñabeitia, Eneko Ebro, Miguel Barandalla, Aymane Jelbat, Erlantz Palacín, Beñat Larrea, Mikel Jauregizar, Unai Gómez, Alejandro Rego, Peio Canales, Beñat Gerenabarrena, Ibon Sánchez, Javi Sola, Junior Bita, Adu Ares, Urko Izeta, Aingeru Olabarrieta, Iker Varela, Asier Hierro, Luis Bilbao, Iñigo López, Ibai Asenjo, Elijah Gift, Quicala Bari, Carlos Mattheus"
Real Sociedad,La Liga,2023-2024,6,"Álex Remiro, Unai Marrero, Aitor Fraga, Gaizka Ayesa, Robin Le Normand, Jon Aramburu, Jon Martín, Igor Zubeldia, Kieran Tierney, Jon Pacheco, Aihen Muñoz, Javi Galán, Aritz Elustondo, Hamari Traoré, Diego Rico, Álvaro Odriozola, Iñaki Rupérez, Martín Zubimendi, Mikel Merino, Brais Méndez, Pablo Marín, Beñat Turrientes, Arsen Zakharyan, Urko González de Zárate, Jon Ander Olasagasti, Jon Magunazelaia, Takefusa Kubo, Mikel Oyarzabal, Ander Barrenetxea, Mohamed-Ali Cho, Robert Navarro, Umar Sadiq, André Silva, Álex Sola, Jon Karrikaburu, Sheraldo Becker, Carlos Fernández, Martín Merquelanz, Bryan Fiabema, Alberto Dadie"
Real Betis Balompié,La Liga,2023-2024,7,"Rui Silva, Fran Vieites, Guilherme Fernandes, Germán García, Claudio Bravo, Juan Miranda, Chadi Riad, Abner, Nobel Mendy, Luiz Felipe, Héctor Bellerín, Youssouf Sabaly, Germán Pezzella, Marc Bartra, Ricardo Visus, Pablo Busto, Xavi Pleguezuelo, Sokratis, Johnny Cardoso, Sergi Altimira, Pablo Fornals, Guido Rodríguez, Nabil Fekir, Marc Roca, Isco, William Carvalho, Paul Akouokou, Dani Pérez, Ginés Sorroche, Quique Fernández, Andrés Guardado, Assane Diao, Luiz Henrique, Abde Ezzalzouli, Ayoze Pérez, Juan Cruz, Aitor Ruibal, Borja Iglesias, Rodri Sánchez, Chimy Ávila, Cédric Bakambu, Willian José"
Villarreal CF,La Liga,2023-2024,8,"Filip Jørgensen, Iker Álvarez, Pepe Reina, Matteo Gabbia, Juan Foyth, Carlos Romero, Yerson Mosquera, Jorge Cuenca, Stefan Lekovic, Alfonso Pedraza, Eric Bailly, Adrià Altimira, Alberto Moreno, Aïssa Mandi, Raúl Albiol, Kiko Femenía, Antonio Espigares, Abraham del Moral, Daniel Budesca, Santi Comesaña, Ramón Terrats, Dani Parejo, Denis Suárez, Francis Coquelin, Manu Trigueros, Dani Requena, Étienne Capoue, Álex Baena, Yéremy Pino, Alexander Sørloth, Ilias Akhomach, Gonçalo Guedes, Ben Brereton Díaz, Bertrand Traoré, Gerard Moreno, Jorge Pascual, Álex Forés, Diego Collado, José Luis Morales"
Valencia CF,La Liga,2023-2024,9,"Giorgi Mamardashvili, Vicent Abril, Cristian Rivero, Jaume Doménech, Cristhian Mosquera, Yarek Gasiorowski, César Tárrega, José Gayà, Thierry Correia, Jesús Vázquez, Mouctar Diakhaby, Cenk Özkacar, Dimitri Foulquier, Gabriel Paulista, Rubén Iranzo, Javi Guerra, André Almeida, Pepelu, Hugo Guillamón, Selim Amallah, Martín Tejón, Pablo Gozálbez, Javi Navarro, Ali Fadal, Diego López, Hugo Duro, Fran Pérez, Roman Yaremchuk, Peter Federico, Sergi Canós, Alberto Marí, David Otorbi, Hugo González, Marco Camus, Mario Domínguez, Joselu Pérez"
Deportivo Alavés,La Liga,2023-2024,10,"Antonio Sivera, Jesús Owono, Adrián Rodríguez, Gaizka García, Rubén Montero, Rafa Marín, Abdel Abqar, Javi López, Andoni Gorosabel, Nahuel Tenaglia, Rubén Duarte, Victor Parada, Nikola Maras, Aleksandar Sedlar, Egoitz Muñoz, Álvaro García, Eneko Ortiz, Joseda Álvarez, Antonio Blanco, Ander Guevara, Jon Guridi, Ianis Hagi, Carlos Protesoni, Tomás Mendes, Selu Diallo, Ander Sánchez, Samu Aghehowa, Giuliano Simeone, Joaquín Panichelli, Carlos Vicente, Miguel de la Fuente, Álex Sola, Jon Karrikaburu, Luis Rioja, Abde Rebbach, Mamadou Sylla, Kike García, Xeber Alkain, Unai Ropero, Giorgi Gagua, José de León"
CA Osasuna,La Liga,2023-2024,11,"Sergio Herrera, Aitor Fernández, Dimitrios Stamatakis, Pablo Valencia, Jesús Areso, David García, Jorge Herrando, Alejandro Catena, Johan Mojica, Nacho Vidal, Juan Cruz, Unai García, Rubén Peña, Jorge Moreno, Iñigo Arguibide, Aimar Oroz, Jon Moncayola, Pablo Ibáñez, Lucas Torró, Iker Muñoz, Asier Osambela, Javi Martínez, Darko Brasanac, Xabi Huarte, Ante Budimir, Raúl García, Rubén García, Moi Gómez, Chimy Ávila, Kike Barja, José Manuel Arnáiz, Max Svensson"
Getafe CF,La Liga,2023-2024,12,"David Soria, Daniel Fuzato, Jorge Benito, Djordjije Medenica, Omar Alderete, José Ángel Carmona, Gastón Álvarez, Juan Iglesias, Dakonam Djené, Diego Rico, Jordi Martín, Domingos Duarte, Fabrizio Angileri, Nabil Aberdin, Stefan Mitrovic, Gorka Rivera, Damián Suárez, Alejandro Herranz, Sergio Gimeno, Mauro Arambarri, Ilaix Moriba, Nemanja Maksimovic, Luis Milla, Carles Aleñá, Óscar Rodríguez, Santi García, Yellu Santiago, John Patrick, Alberto Risco, Facu Esnáider, Diego López, Mason Greenwood, Enes Ünal, Borja Mayoral, Juanmi Latasa, Portu, Choco Lozano, Jeremy Jorge, Jaime Mata, Yassin Tallal"
Sevilla FC,La Liga,2023-2024,13,"Yassine Bounou, Ørjan Nyland, Marko Dmitrovic, Alberto Flores, Matías Árbol, Rafa Romero, Loïc Badé, Juanlu Sánchez, Kike Salas, Gonzalo Montiel, Adrià Pedrosa, Marcão, Marcos Acuña, Tanguy Nianzou, Federico Gattoni, Sergio Ramos, Darío Benavides, Xavi Sintes, Diego Hormigo, Oso, Hannibal, Boubakary Soumaré, Lucien Agoumé, Djibril Sow, Stanis Idumbo, Óliver Torres, Nemanja Gudelj, Joan Jordán, Manu Bueno, Fernando, Miguel Capitas, Alberto Collado, Lulo Dasilva, Ivan Rakitic, Jesús Navas, Youssef En-Nesyri, Dodi Lukébakio, Isaac Romero, Lucas Ocampos, Rafa Mir, Alejo Veliz, Jesús Corona, Suso, Adnan Januzaj, Papu Gómez, Mariano Díaz, Ibra Sow, Isra Domínguez, Erik Lamela"
Celta de Vigo,La Liga,2023-2024,14,"Iván Villar, Agustín Marchesín, Vicente Guaita, Ruly García, Coke Carrillo, César Fernández, Óscar Mingueza, Javi Rodríguez, Manu Sánchez, Carl Starfelt, Unai Núñez, Javi Rueda, Carlos Domínguez, Yoel Lago, Joseph Aidoo, Mihailo Ristic, Kevin Vázquez, Joel López, Javi Domínguez, Javier Manquillo, Gabri Veiga, Hugo Sotelo, Fran Beltrán, Luca de la Torre, Damián Rodríguez, Renato Tapia, Carlos Dotor, Jailson, Jørgen Strand Larsen, Anastasios Douvikas, Williot Swedberg, Hugo Álvarez, Miguel Rodríguez, Tadeo Allende, Jonathan Bamba, Carles Pérez, Iago Aspas, Gonçalo Paciência, Franco Cervi"
RCD Mallorca,La Liga,2023-2024,15,"Dominik Greif, Predrag Rajković, Iván Cuéllar, Pere García, Alex Quevedo, Pablo Maffeo, Martin Valjent, José Copete, Siebe Van der Heyden, Giovanni González, Nacho Vidal, Toni Lato, Antonio Raíllo, Matija Nastasić, David López, Marcos Fernández, Carles Sogorb, Yuzún Ley, Jaume Costa, Samú Costa, Sergi Darder, Manu Morlanes, Antonio Sánchez, Omar Mascarell, Daniel Luna, Rubén Quintanilla, Dani Rodríguez, Vedat Muriqi, Cyle Larin, Nemanja Radonjic, Abdón Prats, Amath Ndiaye, Javi Llabrés, Miguelito, Pau Mascaró"
UD Las Palmas,La Liga,2023-2024,16,"Álvaro Valles, Aarón Escandell, Álvaro Killane, Ale Gorrin, Sergi Cardona, Mika Mármol, Julián Araujo, Saúl Coco, Juanma Herzog, Marvin Park, Álex Suárez, Eric Curbelo, Álvaro Lemos, Daley Sinkgraven, Gabriel Palmero, Máximo Perrone, Javi Muñoz, Munir El Haddadi, Enzo Loiodice, Kirian Rodríguez, José Campaña, Jonathan Viera, Fabio González, Nuke Mfulu, Iñaki González, Aboubacar Bassinga, Yadam Santana, Alberto Moleiro, Sandro Ramírez, Sory Kaba, Benito Ramírez, Marc Cardona, Pejiño, Cristian Herrera, Pau Ferrer"
Rayo Vallecano,La Liga,2023-2024,17,"Stole Dimitrievski, Dani Cárdenas, Miguel Ángel Morro, Andrei Rațiu, Pep Chavarría, Abdul Mumin, Florian Lejeune, Iván Balliu, Alfonso Espino, Jorge Moreno, Martín Pascual, Aridane Hernández, Miguel Crespo, Unai López, Kike Pérez, Óscar Valentín, Pathé Ciss, Randy Nteka, José Pozo, Óscar Trejo, Diego Méndez, Jorge de Frutos, Isi Palazón, Sergio Camello, Álvaro García, Raúl de Tomás, Salvi Sánchez, Bebé, Pablo Muñoz, Radamel Falcao"
Cádiz CF,La Liga,2023-2024,18,"Conan Ledesma, Victor Aznar, David Gil, Nando Almodóvar, Lucas Pires, Víctor Chust, Aiham Ousou, Javi Hernández, Iván Alejo, Iza Carcelén, Fali, Momo Mbaye, Joseba Zaldua, Julio Cabrera, Álex Morata, Jorge Meré, Adri Miranda, Adrián Salguero, Luis Hernández, Rominigue Kouamé, Diadié Samassékou, Moussa Diakité, Fede San Emeterio, Rubén Alcaraz, Álex Fernández, Gonzalo Escalante, Martín Calderón, Álvaro Bastida, José Mari, Karl Etta Eyong, Robert Navarro, Milutin Osmajic, Chris Ramos, Maxi Gómez, Juanmi, Brian Ocampo, Rubén Sobrino, José Antonio de la Rosa, Sergi Guardiola, Darwin Machís, Roger Martí, Nico Njalla, Borja Vázquez, Álvaro Negredo"
UD Almería,La Liga,2023-2024,19,"Luís Maximiano, Fernando Martínez, Diego Mariño, Bruno Iribarne, Marc Pubill, César Montes, Srdjan Babic, Sergio Akieme, Kaiky, Edgar González, Álex Pozo, Chumi, Álex Centelles, Bruno Langa, Arvin Appiah, Houboulang Mendes, Aleksandar Radovanovic, Miguel Peña, Paco Sanz, Carlos Ballestero, Sergio Arribas, Dion Lopy, Lucas Robertone, Marcos Peña, Arnau Puigmal, Iddrisu Baba, Gonzalo Melero, Gui Guedes, Jonathan Viera, Martin Svidersky, Luis Suárez, Largie Ramazani, Luka Romero, Lázaro, Marko Milovanović, Adrián Embarba, Léo Baptistão, Choco Lozano, Ibrahima Koné, Rachad Fettal, Marciano Sanca"
Granada CF,La Liga,2023-2024,20,"Augusto Batalla, André Ferreira, Marc Martínez, Raúl Fernández, Adri López, Fran Árbol, Pol Tristán, Álvaro Carreras, Bruno Méndez, Raúl Torrente, Kamil Piątkowski, Miguel Rubio, Ricard Sánchez, Carlos Neva, Miguel Ángel Brau, Wilson Manafá, Faitout Maouassa, Jesús Vallejo, Ignasi Miquel, Miki Bosch, Víctor Díaz, Njegos Petrovic, Sergio Ruiz, Martin Hongla, Gonzalo Villar, Gerard Gumbau, Óscar Melendo, Mario González, Lass Sangaré, Samu Aghehowa, Bryan Zaragoza, Facundo Pellistri, Matías Arezo, Lucas Boyé, Myrto Uzuni, Theo Corbeanu, Antonio Puertas, Kamil Jóźwiak, Sergio Rodelas, Shon Weissman, Pablo Sáenz, Alberto Soro, Famara Diédhiou, Alberto Perea, Eghosa Bello, José Callejón"
FC Barcelona,La Liga,2024-2025,1,"Iñaki Peña, Marc-André ter Stegen, Áron Yaakobishvili, Wojciech Szczesny, Ander Astralaga, Diego Kochen, Pau Cubarsí, Jules Koundé, Alejandro Balde, Eric García, Ronald Araujo, Gerard Martín, Héctor Fort, Álex Valle, Andreas Christensen, Iñigo Martínez, Sergi Domínguez, Andrés Cuenca, Álvaro Cortés, Landry Farré, Alexis Olmedo, Pedri, Fermín López, Dani Olmo, Frenkie de Jong, Gavi, Marc Casadó, Marc Bernal, Pablo Torre, Guille Fernández, Noah Darvich, Lamine Yamal, Raphinha, Ferran Torres, Ansu Fati, Pau Víctor, Robert Lewandowski, Toni Fernández, Dani Rodríguez"
Real Madrid,La Liga,2024-2025,2,"Thibaut Courtois, Andriy Lunin, Fran González, Sergio Mestre, Trent Alexander-Arnold, Dean Huijsen, Éder Militão, Raúl Asencio, Jacobo Ramón, Fran García, Antonio Rüdiger, Ferland Mendy, Daniel Carvajal, Youssef Enríquez, David Alaba, Lucas Vázquez, Jesús Fortea, Diego Aguado, Jesús Vallejo, Víctor Valdepeñas, David Jiménez, Mario Rivas, Lorenzo Aguado, Jude Bellingham, Federico Valverde, Arda Güler, Aurélien Tchouaméni, Eduardo Camavinga, Chema Andrés, Dani Ceballos, Mario Martín, Luka Modrić, Pol Fortuny, Kylian Mbappé, Vinicius Junior, Rodrygo, Brahim Díaz, Endrick, Gonzalo García, Víctor Muñoz, Hugo de Llanos, Daniel Yáñez"
Atlético de Madrid,La Liga,2024-2025,3,"Jan Oblak, Juan Musso, Alejandro Iturbe, Horațiu Moldovan, Antonio Gomis, Robin Le Normand, Marcos Llorente, Nahuel Molina, José María Giménez, Santiago Mouriño, Clément Lenglet, Reinildo Mandava, Javi Galán, César Azpilicueta, Ilias Kostis, Carlos Giménez, Gerónimo Spina, Pablo Barrios, Conor Gallagher, Arthur Vermeeren, Rodrigo De Paul, Koke, Thomas Lemar, Axel Witsel, Javi Serrano, Rayane Belaid, Aitor Gismera, Julián Alvarez, Giuliano Simeone, Alexander Sørloth, Samuel Lino, Antoine Griezmann, Ángel Correa, Rodrigo Riquelme, Germán Valera, Carlos Martín, Omar Janneh, Adrián Niño, Marcos Paulo, Víctor Mollejo, Borja Garcés"
Bilbao Athletic,La Liga,2024-2025,4,"Mikel Santos, Oier Gastesi, Eric Gamen, Johaneko Louis-Jean, Xabi Irurita, Jon de Luis, Aimar Duñabeitia, Eneko Ebro, Iker Monreal, Javier Elías, Ander Izagirre, David Osipov, Iker Quintero, Telmo Zarandona, Alejandro Rego, Peio Canales, Beñat Gerenabarrena, Ibon Sánchez, Eneko Aguilar, Adrián Pérez, Eñaut Lete, Gaizka Alboniga-Menor, Javi Sola, Danel Belategi, Junior Bita, Beñat García, Iñigo Sainz, Egoitz Hernández, Aingeru Olabarrieta, Iker Varela, Endika Buján, Igor Oyono, Ibai Sanz, Ekain Azkune, Asier Hierro, Peio Huestamendia, Txus Vizcay, Ander Peciña, Aritz Conde, Unax Urzaiz"
Villarreal CF,La Liga,2024-2025,5,"Luiz Júnior, Diego Conde, Iker Álvarez, Rubén Gómez, Logan Costa, Juan Foyth, Sergi Cardona, Pau Navarro, Willy Kambwala, Alfonso Pedraza, Juan Bernat, Eric Bailly, Raúl Albiol, Kiko Femenía, Arnau Solà, Antonio Espigares, Jean Ives Valou, Pape Gueye, Santi Comesaña, Ramón Terrats, Denis Suárez, Dani Parejo, Dani Requena, Thiago Ojeda, Alassane Diatta, Álex Baena, Yéremy Pino, Thierno Barry, Karl Etta Eyong, Ilias Akhomach, Tajon Buchanan, Nicolas Pépé, Ayoze Pérez, Arnaut Danjuma, Gerard Moreno, Pau Cabanes"
Real Betis Balompié,La Liga,2024-2025,6,"Rui Silva, Fran Vieites, Guilherme Fernandes, Adrián, Manu González, Germán García, Natan, Romain Perraud, Nobel Mendy, Ángel Ortiz, Diego Llorente, Héctor Bellerín, Youssouf Sabaly, Ricardo Rodríguez, Marc Bartra, Rudy Kohon, Sergio Arribas, Lucas Alcázar, Pablo Busto, Xavi Pleguezuelo, Johnny Cardoso, Sergi Altimira, Giovani Lo Celso, Pablo Fornals, Nabil Fekir, Marc Roca, Isco, William Carvalho, Mateo Flores, Dani Pérez, Carlos Guirao, Carlos Reina, Vitor Roque, Assane Diao, Antony, Jesús Rodríguez, Abde Ezzalzouli, Cucho Hernández, Pablo García, Aitor Ruibal, Rodri Sánchez, Chimy Ávila, Iker Losada, Cédric Bakambu, Juanmi, Marcos Fernández"
Celta de Vigo,La Liga,2024-2025,7,"Iván Villar, Vicente Guaita, Marc Vidal, Coke Carrillo, César Fernández, Óscar Mingueza, Javi Rodríguez, Sergio Carreira, Carl Starfelt, Carlos Domínguez, Yoel Lago, Marcos Alonso, Joseph Aidoo, Mihailo Ristic, Tincho Conde, Javier Manquillo, Fer López, Ilaix Moriba, Hugo Sotelo, Fran Beltrán, Luca de la Torre, Miguel Román, Damián Rodríguez, Jailson, Anastasios Douvikas, Williot Swedberg, Hugo Álvarez, Tadeo Allende, Jones El-Abdellaoui, Alfon González, Pablo Durán, Jonathan Bamba, Borja Iglesias, Iago Aspas, Iker Losada, Franco Cervi"
CA Osasuna,La Liga,2024-2025,8,"Sergio Herrera, Aitor Fernández, Pablo Valencia, Dimitrios Stamatakis, Rafa Fernández, Enzo Boyomo, Jesús Areso, Abel Bretones, Jorge Herrando, Alejandro Catena, Nacho Vidal, Juan Cruz, Rubén Peña, Unai García, Ismael Sierra, Iñigo Arguibide, Aimar Oroz, Jon Moncayola, Pablo Ibáñez, Lucas Torró, Iker Muñoz, Asier Osambela, Javi Martínez, Jon García, Bryan Zaragoza, Raúl García, Ante Budimir, Rubén García, Moi Gómez, Iker Benito, Kike Barja, José Manuel Arnáiz, Sixtus Ogbuehi, Carlos Lumbreras"
Rayo Vallecano,La Liga,2024-2025,9,"Augusto Batalla, Dani Cárdenas, Miguel Ángel Morro, Juanpe Gil, Adrián Molina, Miguel Benedi, Andrei Rațiu, Pep Chavarría, Abdul Mumin, Florian Lejeune, Iván Balliu, Alfonso Espino, Pelayo Fernández, Aridane Hernández, Marco de las Sías, Sergio Lozano, Pedro Díaz, James Rodríguez, Unai López, Óscar Valentín, Pathé Ciss, Gerard Gumbau, Randy Nteka, Joni Montiel, Óscar Trejo, Diego Méndez, Jorge de Frutos, Isi Palazón, Sergio Camello, Álvaro García, Adrián Embarba, Raúl de Tomás, Sergi Guardiola, Etienne Eto'o"
RCD Mallorca,La Liga,2024-2025,10,"Dominik Greif, Leo Román, Iván Cuéllar, Pere García, Pablo Maffeo, Martin Valjent, José Copete, Siebe Van der Heyden, Johan Mojica, Mateu Morey, Toni Lato, Antonio Raíllo, David López, Sebas Wade, Samú Costa, Sergi Darder, Manu Morlanes, Antonio Sánchez, Omar Mascarell, Daniel Luna, Jan Salas, Dani Rodríguez, Robert Navarro, Vedat Muriqi, Cyle Larin, Chiquinho, Takuma Asano, Valery Fernández, Marc Domènech, Abdón Prats, Javi Llabrés"
Valencia CF,La Liga,2024-2025,11,"Giorgi Mamardashvili, Stole Dimitrievski, Vicent Abril, Raúl Jiménez, Jaume Doménech, Cristhian Mosquera, Yarek Gasiorowski, César Tárrega, José Gayà, Max Aarons, Thierry Correia, Jesús Vázquez, Mouctar Diakhaby, Cenk Özkacar, Dimitri Foulquier, Maximiliano Caufriez, Iker Córdoba, Rubén Iranzo, Ro Abajas, Álex Serradell, Javi Guerra, Enzo Barrenechea, André Almeida, Pepelu, Iván Jaime, Hugo Guillamón, Martín Tejón, Pedro Alemañ, Lucas Núñez, Diego López, Hugo Duro, Germán Valera, Rafa Mir, Umar Sadiq, Fran Pérez, Luis Rioja, Dani Gómez, Sergi Canós, Alberto Marí, David Otorbi, Warren Madrigal, Pablo López, Hamza Bellari, Ismael Santana"
Real Sociedad,La Liga,2024-2025,12,"Álex Remiro, Unai Marrero, Aitor Fraga, Egoitz Arana, Nayef Aguerd, Sergio Gómez, Jon Aramburu, Jon Martín, Igor Zubeldia, Javi López, Jon Pacheco, Aihen Muñoz, Aritz Elustondo, Hamari Traoré, Álvaro Odriozola, Jon Balda, Luken Beitia, Iñaki Rupérez, Martín Zubimendi, Brais Méndez, Luka Sucic, Beñat Turrientes, Pablo Marín, Arsen Zakharyan, Urko González de Zárate, Jon Ander Olasagasti, Mikel Goti, Jon Magunazelaia, Mikel Rodriguez, Takefusa Kubo, Mikel Oyarzabal, Ander Barrenetxea, Orri Óskarsson, Umar Sadiq, Sheraldo Becker, Arkaitz Mariezkurrena, Alex Marchal, Dani Díaz, Ekain Orobengoa"
Getafe CF,La Liga,2024-2025,13,"David Soria, Jiri Letacek, Diego Ferrer, Jorge Benito, Djordjije Medenica, Omar Alderete, Juan Iglesias, Dakonam Djené, Juan Berrocal, Juan Bernat, Diego Rico, Domingos Duarte, Nabil Aberdin, Ismael Bekhoucha, Allan Nyom, David Argüelles, Luca Lohr, Gorka Rivera, Guillem Trilla, Mauro Arambarri, Luis Milla, Carles Aleñá, Ramón Terrats, Yellu Santiago, John Patrick, Alberto Risco, Christantus Uche, Borja Mayoral, Álvaro Rodríguez, Coba da Costa, Bertuğ Yıldırım, Álex Sola, Carles Pérez, Peter Federico, Juanmi, Abdoulaye Keita, Martín Cuéllar"
Deportivo Alavés,La Liga,2024-2025,14,"Antonio Sivera, Jesús Owono, Adrián Rodríguez, Grégoire Swiderski, Santiago Mouriño, Manu Sánchez, Abdel Abqar, Nahuel Tenaglia, Moussa Diarra, Hugo Novoa, Adrián Pica, Aleksandar Sedlar, Alejandro Jay, Egoitz Muñoz, Eneko Ortiz, Facundo Garcés, Antonio Blanco, Ander Guevara, Carles Aleñá, Jon Guridi, Joan Jordán, Carlos Protesoni, Daouda Doumbia, Lander Pinillos, Joaquín Panichelli, Carlos Vicente, Toni Martínez, Luka Romero, Carlos Martín, Tomás Conechny, Luis Rioja, Asier Villalibre, Abde Rebbach, Stoichkov, Kike García, Pau Cabanes, Julen Lartitegi"
RCD Espanyol Barcelona,La Liga,2024-2025,15,"Joan García, Fernando Pacheco, Ángel Fortuño, Pol Tristán, Llorenç Serred, Carlos Romero, Omar El Hilali, Marash Kumbulla, Fernando Calero, Álvaro Tejero, Leandro Cabrera, Brian Oliván, Roger Hinojo, Pablo Ramón, Sergi Gómez, José Luis Català, José Ángel López, Pol Lozano, Urko González de Zárate, Edu Expósito, Alex Král, José Gragera, Álvaro Aguado, Rafel Bauzà, Justin Smith, Roberto Fernández, Javi Puado, Alejo Veliz, Jofre Carreras, Irvin Cardona, Walid Cheddira, Antoniu Roca, Naci Ünüvar, Pere Milla, Omar Sadik, Salvi Sánchez, Alex Almansa"
Sevilla FC,La Liga,2024-2025,16,"Álvaro Fernández, Ørjan Nyland, Alberto Flores, Matías Árbol, Rafa Romero, Loïc Badé, Juanlu Sánchez, José Ángel Carmona, Kike Salas, Gonzalo Montiel, Adrià Pedrosa, Marcão, Andrés Castrín, Tanguy Nianzou, Ramón Martínez, Darío Benavides, Diego Hormigo, Oso, Valentín Barco, Lucien Agoumé, Albert Sambi Lokonga, Djibril Sow, Stanis Idumbo, Nemanja Gudelj, Saúl Ñíguez, Manu Bueno, Pedro Ortiz, Pablo Rivera, Alberto Collado, Lulo Dasilva, Jesús Navas, Dodi Lukébakio, Rubén Vargas, Akor Adams, Isaac Romero, Lucas Ocampos, Chidera Ejuke, Kelechi Iheanacho, Peque Fernández, Suso, Álvaro García Pascual, Mateo Mejía, Leandro Antonetti, Isra Domínguez"
Girona FC,La Liga,2024-2025,17,"Pau López, Paulo Gazzaniga, Vladyslav Krapyvtsov, Juan Carlos, Aleksandar Andreev, Lucas García, Jordi Danso, Pau Funallet, Ladislav Krejci, Miguel Gutiérrez, Arnau Martínez, Alejandro Francés, Daley Blind, David López, Juanpe, Antal Yaakobishvili, Ferran Ruiz, Oriol Comas, Marc Aznar, Yangel Herrera, Iván Martín, Arthur Melo, Jhon Solís, Donny van de Beek, Gabriel Misehouy, Oriol Romeu, Selvi Clua, Raúl Martínez, Ricard Artero, Enric García, Viktor Tsygankov, Yáser Asprilla, Bryan Gil, Joel Roca, Arnaut Danjuma, Abel Ruiz, Bojan Miovski, Iker Almena, Portu, Dawda Camara, Min-su Kim, Cristhian Stuani, Toni Villa, Jastin Garcia, Juan Arango, Papa Ba"
CD Leganés,La Liga,2024-2025,18,"Juan Soriano, Marko Dmitrovic, Alvin Abajas, Guillermo Ruiz, Valentin Rosier, Jackson Porozo, Javi Hernández, Jorge Sáenz, Adrià Altimira, Enric Franquesa, Sergio González, Matija Nastasić, Aritz Arambarri, Borna Barisic, Lalo Aguilar, Joao Urbáez, Iker Bachiller, Seydouba Cissé, Yvan Neyou, Renato Tapia, Óscar Rodríguez, Munir El Haddadi, Roberto López, Darko Brasanac, Julián Chicco, Carlos Guirao, Álex Gil, Hugo Solozábal, Fer Rodríguez, Yan Diomande, Juan Cruz, Dani Raba, Sébastien Haller, Miguel de la Fuente, Duk, Diego García, Naim García, Piri, Adrián Rosell, Suleiman El Haddadi"
UD Las Palmas,La Liga,2024-2025,19,"Dinko Horkas, Jasper Cillessen, Álvaro Killane, Victor Puig, Israel Mora, Mika Mármol, Scott McKenna, Andy Pelmard, Viti Rozada, Juanma Herzog, Marvin Park, Álex Suárez, Álex Muñoz, Daley Sinkgraven, Valentín Pezzolesi, Diego Martín, Valentino Raca, Dário Essugo, Stefan Bajcetic, Javi Muñoz, Enzo Loiodice, Kirian Rodríguez, Iván Gil, José Campaña, Fabio González, Aboubacar Bassinga, Sergio Viera, Josito González, Alberto Moleiro, Fábio Silva, Oli McBurnie, Manu Fuster, Sandro Ramírez, Adnan Januzaj, Pejiño, Marc Cardona, Benito Ramírez, Jaime Mata, Saliou Mandiang, Elías Romero, Arturo Rodríguez, Sergio Ruiz"
Real Valladolid CF,La Liga,2024-2025,20,"Karl Hein, André Ferreira, Álvaro Aceves, Arnau Rafús, Enzo Boyomo, Adam Aznou, Juma Bah, Lucas Rosa, Cenk Özkacar, Eray Cömert, David Torres, Luis Pérez, Joseph Aidoo, Antonio Candela, Javi Sánchez, Henrique Silva, Raúl Chasco, Koke Iglesias, Iago Parente, Mario Martín, Chuki, Kike Pérez, Florian Grillitsch, Víctor Meseguer, Selim Amallah, Stanko Juric, Tamás Nikitscher, Ibrahim Alani, César de la Hoz, Mario Maroto, Adrián Verde, Raúl Moro, Stipe Biuk, Juanmi Latasa, Mamadou Sylla, Amath Ndiaye, Marcos André, Anuar, Kenedy, Adrián Arnu, Iván Sánchez, Darwin Machís, Xavi Moreno"
Juventus FC,Serie A,2014-2015,1,"Stephen López, Raúl Celiz, Dennis Serrano, Oliver Hendricks"
AS Roma,Serie A,2014-2015,2,"Lukasz Skorupski, Bogdan Lobonț, Gianluca Curci, Morgan De Sanctis, Gabriele Marchegiani, Alessio Romagnoli, Arturo Calabresi, Elio Capradossi, Michele Somma, Mapou Yanga-Mbiwa, Ashley Cole, Leandro Castán, Maicon, Davide Astori, Alessandro Florenzi, Jose Cholevas, Nicolás Spolli, Vasilios Torosidis, Federico Balzaretti, Konstantinos Manolas, Massimo Sammartino, Lorenzo Pellegrini, Leandro Paredes, Miralem Pjanić, Salih Uçan, Adem Ljajic, Radja Nainggolan, Kevin Strootman, Daniele De Rossi, Seydou Keita, Matteo Adamo, Urby Emanuelson, Antonio Sanabria, Daniele Verde, Juan Iturbe, Mattia Destro, Víctor Ibarbo, Marco Borriello, Francesco Totti, Gervinho, Jacopo Ferri, Tomas Vestenicky, Seydou Doumbia"
SS Lazio,Serie A,2014-2015,3,"Thomas Strakosha, Etrit Berisha, Federico Marchetti, Guido Guerrieri, Stefan de Vrij, Franjo Prce, Michaël Ciani, Edson Braafheid, Dusan Basta, Abdoulay Konko, Santiago Gentiletti, Ștefan Radu, Maurício, Luis Pedro Cavanda, Diego Novaretti, Danilo Cataldi, Alessandro Murgia, Stefano Mauri, Ederson, Álvaro González, Marco Parolo, Senad Lulic, Lucas Biglia, Ogenyi Onazi, Cristian Ledesma, Lorik Cana, Felipe Anderson, Keita Baldé, Brayan Perea, Chris Ikonomidis, Simone Palombi, Filip Djordjevic, Miroslav Klose, Pereirinha, Mamadou Tounkara, Antonio Candreva"
ACF Fiorentina,Serie A,2014-2015,4,"Neto, Luca Lezzerini, Ciprian Tătărușanu, Cristiano Lupatelli, Antonio Rosati, Lorenzo Bardini, Gianluca Mancini, Marcos Alonso, Ahmed Hegazy, Stefan Savic, Michele Camporese, Ricardo Bagadur, Nicolò Gigli, Facundo Roncaglia, Nenad Tomovic, Gonzalo Rodríguez, Micah Richards, Juan Manuel Vargas, José María Basanta, Manuel Pasqual, Aleandro Rosi, Enea Sanna, Juan Cuadrado, Jacopo Petriccione, Joshua Brillante, Octávio, Edoardo Masciangelo, Jasmin Kurtic, Josip Ilicic, Milan Badelj, David Pizarro, Marko Marin, Alberto Aquilani, Matías Fernández, Alessandro Diamanti, Borja Valero, Andrea Lazzari, Luzayadio Bangu, Mohamed Salah, Federico Bernardeschi, Khouma Babacar, Alberto Gilardino, Oleksandr Yakovenko, Joaquín, Giuseppe Rossi, Mario Gómez, Simone Minelli, Steve Beleck, Mounir El Hamdaoui"
SSC Napoli,Serie A,2014-2015,5,"Nikita Contini, Rafael Cabral, Roberto Colombo, Mariano Andújar, Antonio Rosati, Kalidou Koulibaly, Sebastiano Luperto, David López, Raúl Albiol, Bruno Uvini, Faouzi Ghoulam, Ivan Strinic, Henrique, Miguel Britos, Christian Maggio, Jorginho, Josip Radosevic, Jonathan de Guzmán, Antonio Romano, Giandomenico Mesto, Marek Hamsik, Camilo Zúñiga, Blerim Dzemaili, Walter Gargano, Gökhan Inler, Duván Zapata, Lorenzo Insigne, Manolo Gabbiadini, Alfredo Bifulco, José Callejón, Gonzalo Higuaín, Dries Mertens, Goran Pandev, Michu"
Genoa CFC,Serie A,2014-2015,6,"Mattia Perin, Daniele Sommariva, Albano Bizzarri, Eugenio Lamanna, Armando Prisco, Diego Laxalt, Armando Izzo, Paolo Ghiglione, Mario Sampirisi, Marco Soprano, Facundo Roncaglia, Alassane També, Luca Antonini, Sebastien De Maio, Nicolás Burdisso, Luca Antonelli, Giovanni Marchese, Zakarya Bergdich, Paolo Parente, Lorenzo Ariaudo, Aleandro Rosi, Daniele Portanova, Matteo Franchetti, Rolando Mandragora, Edenilson, Tomás Rincón, Andrea Gulli, Franco Mussis, Leandro Greco, Tino Costa, Juraj Kucka, Moro Alhassan, Stefano Sturaro, Andrea Bertolacci, M'Baye Niang, Leonardo Pavoletti, Maxime Lestienne, Giuseppe Panico, Riccardo Improta, Antonino Ragusa, Sebastián Ribas, Mauricio Pinilla, Diego Perotti, Giannis Fetfatzidis, Marco Borriello, Mario Santana, Iago Falque, Alessandro Matri"
UC Sampdoria,Serie A,2014-2015,7,"Sergio Romero, Samuele Massolo, Angelo da Costa, Emiliano Viviano, Alberto Frison, Alessio Romagnoli, Lorenzo De Silvestri, Karlo Lulic, Paweł Wszołek, Bartosz Salamon, Ezequiel Muñoz, Michele Fornasier, Andrea Costa, Matías Rodríguez, Djamel Mesbah, Vasco Regini, Andrea Coda, Matías Silvestre, Daniele Gastaldello, Fabrizio Cacciatore, Alfred Duncan, José Campaña, Roberto Soriano, Pedro Obiang, Alessandro De Vitis, Nenad Krsticic, Angelo Palombo, Luca Rizzo, Afriyie Acquah, Marco Marchionni, Dávid Ivan, Joaquín Correa, Luis Muriel, Manolo Gabbiadini, Luka Djordjevic, Stefano Okaka, Francesco Fedato, Gianluca Sansone, Gonzalo Bergessio, Éder, Samuel Eto'o"
Inter Milan,Serie A,2014-2015,8,"Ionuț Radu, Davide Costa, Samir Handanovič, Juan Pablo Carrizo, Tommaso Berni, Federico Dimarco, Juan Jesus, Eloge Yao, Dodô, Isaac Donkor, Giacomo Sciacca, Yuto Nagatomo, Gary Medel, Ibrahima Mbaye, Jonathan, Marco Andreolli, Hugo Campagnaro, Nemanja Vidic‎, Davide Santon, Andrea Ranocchia, Felipe, Danilo D'Ambrosio, Mateo Kovacic, Marcelo Brozović, Xherdan Shaqiri, Rubén Botta, Yann M'Vila, Andrea Palazzi, Ricardo Álvarez, Fredy Guarín, Zdravko Kuzmanovic, Joel Obi, Assane Demoya Gnoukouri, Rene Krhin, Hernanes, Mauro Icardi, Federico Bonazzoli, George Pușcaș, Zé Turbo, Enrico Baldini, Lukas Podolski, Daniel Osvaldo, Rodrigo Palacio, Gaston Camara"
Torino FC,Serie A,2014-2015,9,"Alfred Gomis, Salvador Ichazo, Andrea Zaccagno, Daniele Padelli, Jean-François Gillet, Luca Castellazzi, Vlada Avramov, Nicholas Lentini, Matteo Darmian, Pontus Jansson, Gastón Silva, Kevin Bonifazi, Marko Vesovic, Kamil Glik, Alessandro Dalmasso, Cristian Molinaro, Cesare Bovo, Nikola Maksimović, Emiliano Moretti, Juan Sánchez Miño, Salvatore Masiello, Bruno Peres, Davide Cinaglia, Federico Caronte, Rubén Pérez, Giovanni Graziano, Migjen Basha, Omar El Kaddouri, Alexander Farnerud, Alessandro Gazzi, Álvaro González, Giuseppe Vives, Antonio Nocerino, Marco Benassi, Josef Martínez, Facundo Lescano, Claudio Morra, Simone Edera, Marcelo Larrondo, Barreto, Alessio Cerci, Maxi López, Amauri, Fabio Quagliarella, Simone Rosso"
AC Milan,Serie A,2014-2015,10,"Gianluigi Donnarumma, Gabriel, Stefano Gori, Michael Agazzi, Diego López, Christian Abbiati, Davide Calabria, Mattia De Sciglio, Gian Filippo Felicioli, Ivan De Santis, Philippe Mexès, Adil Rami, Michelangelo Albertazzi, Cristian Zapata, Salvatore Bocchetti, Ignazio Abate, Daniele Bonera, Gabriel Paletta, Luca Antonelli, Alex, Cristian Zaccardo, Manuel Locatelli, Bryan Cristante, Giacomo Bonaventura, Marco van Ginkel, Davide Di Molfetta, Alessandro Mastalli, Hachim Mastour, Sulley Muntari, Riccardo Saponara, Keisuke Honda, Michael Essien, Andrea Poli, Riccardo Montolivo, Pablo Armero, Nigel de Jong, Sebastián Gamarra, Mario Piccinocchi, Andrej Modic, Stephan El Shaarawy, Suso, M'Baye Niang, Mattia Destro, Jérémy Ménez, Fernando Torres, Giampaolo Pazzini, Alessio Cerci"
Palermo FC,Serie A,2014-2015,11,"Andrea Fulignati, Fabrizio Alastra, Leonardo Marson, Samir Ujkani, Stefano Sorrentino, Emerson, Danilo Ortiz, Ezequiel Muñoz, Eros Pisano, Andrea Rispoli, Milan Milanovic, Giancarlo González, Andrea Accardi, Aljaz Struna, Roberto Vitiello, Sinisa Andjelkovic, Claudio Terzi, Sol Bamba, Zouhair Feddal, Fabio Daprelà, Davide Monteleone, Michel Morganella, Ivaylo Chochev, Franco Vázquez, Achraf Lazaar, Édgar Barreto, Francesco Della Rocca, Francesco Bolzoni, Granddi N'Goyi, Enzo Maresca, Luca Rigoni, Mato Jajalo, Paulo Dybala, Andrea Belotti, Robin Quaison, Accursio Bentivegna, Antonino La Gumina, Abel Hernández, João Silva, Simon Makienok"
US Sassuolo,Serie A,2014-2015,12,"Andrea Consigli, Gianmarco Celeste, Alberto Pomini, Ciro Polito, Gianluca Pegolo, Francesco Acerbi, Jonathan Rossini, Alessandro Longhi, Luca Antei, Sime Vrsaljko, Lorenzo Ariaudo, Paolo Bianco, Thomas Manfredini, Leonardo Fontanesi, Marcello Gazzola, Emanuele Terranova, Lorenzo Benucci, Paolo Cannavaro, Federico Peluso, Cesare Natali, Lorenzo Caselli, Andrea Mandelli, Jasmin Kurtic, Raman Chibsah, Francesco Magnanelli, Simone Missiroli, Davide Biondini, Abass Alhassan, Saphir Taïder, Matteo Brighi, Domenico Berardi, Ettore Gliozzi, Leonardo Pavoletti, Anastasios Donis, Nicola Sansone, Marcello Sereni, Dejan Lazarevic, Simone Zaza, Davide Lodesani, Antonio Floro Flores, Sergio Floccari"
Hellas Verona,Serie A,2014-2015,13,"Pierluigi Gollini, Rafael, Francesco Benussi, Lorenzo Ferrari, Alessandro Salvetti, Mohamed Fares, Frederik Sørensen, Antonio Luna, Eros Pisano, Alejandro González, Guillermo Rodríguez, Rafa Márquez, Vangelis Moras, Rafael Marques, Davide Brivio, Alessandro Agostini, Filippo Boni, Ivan Martic, Francesco Zampano, Mattia Valoti, Panagiotis Tachtsidis, Campanharo, Artur Ioniță, Mounir Obbadi, Emil Hallfredsson, Leandro Greco, Jacopo Sala, Alimeyaw Salifu, Luca Checchin, Nicolás López, Nenê, Javier Saviola, Luca Toni, Boško Janković, Lazaros Christodoulopoulos, Juanito Gómez, Fernandinho, Pierluigi Cappelluzzo"
Chievo Verona,Serie A,2014-2015,14,"Francesco Bardi, Andrea Seculin, Marcão, Grega Sorcan, Albano Bizzarri, Christian Puggioni, Cristiano Biraghi, Paul Papp, Dario Dainelli, Alessandro Gamberini, Federico Mattiello, Bostjan Cesar, Gennaro Sardo, Nicolas Frey, Edimar, Myles Anderson, Ervin Zukanovic, Anders Christiansen, Rubén Botta, Nicola Bellomo, Ivan Radovanovic, Simone Bentivoglio, Roberto Guana, Mariano Izco, Isaac Cofie, Valter Birsa, Ezequiel Schelotto, Perparim Hetemaj, Thomas Mangani, Alberto Paloschi, Dejan Lazarevic, Lamin Jallow, Tomasz Kupisz, Nicola Pozzi, Maxi López, Armando Vajushi, Giannis Fetfatzidis, Sergio Pellissier, Riccardo Meggiorini, Alessio Sestu"
FC Empoli,Serie A,2014-2015,15,"Luigi Sepe, Maurizio Pugliesi, Matteo Biggeri, Davide Bassi, Alessandro Giacomel, Daniele Rugani, Diego Laxalt, Elseid Hysaj, Matteo Bianchetti, Federico Barba, Mário Rui, Diego Borghini, Andrea Gemignani, Matteo Bachini, Michele Somma, Luca Martinelli, Vincent Laurini, Alessio Agrifogli, Romano Perticone, Lorenzo Tonelli, Piotr Zieliński, Matías Vecino, Assane Dioussé, Simone Verdi, Joshua Brillante, Manuel Pucciarelli, Davide Moro, Riccardo Saponara, Mirko Valdifiori, Franco Signorelli, Daniele Croce, Tiberio Guarente, Nemanja Radonjic, Rodrigo Aguirre, Alessandro Piu, Massimo Maccarone, Levan Mchedlidze, Francesco Tavano, Irakli Shekiladze, Emanuele Rovini"
Udinese Calcio,Serie A,2014-2015,16,"Alex Meret, Simone Scuffet, Samuele Perisan, Zeljko Brkic, Ivan Kelava, Orestis Karnezis, Pawel Bochniewicz, Silvan Widmer, Davide Faraoni, Mauro Coppolaro, Davide Riccardi, Iván Piris, Naldo, Molla Wagué, Neuton, Masahudu Alhassan, Danilo, Maurizio Domizzi, Nicola Belmonte, Igor Bubnjic, Andrea Coda, Gabriel Silva, Joan Bonilla, Thomas Heurtaux, Bruno Fernandes, Piotr Zieliński, Lucas Evangelista, Allan, Guilherme, Jádson, Simone Pontisso, Antonio Vutov, Melker Hallberg, Alexis Zapata, Emmanuel Badu, Albert Riera, Giovanni Pasquale, Panagiotis Kone, Luca Bezzo, Jakub Jankto, Giampiero Pinzi, Rodrigo Aguirre, Nicolás López, Ivan Prtajin, Luis Muriel, Stipe Perica, Antonio Di Natale, Cyril Théréau, Álex Geijo, Nabil Jaadi"
Atalanta BC,Serie A,2014-2015,17,"Marco Sportiello, Andrea Consigli, Davide Merelli, Vlada Avramov, Giorgio Frezzolini, Leonardo Spinazzola, Anton Kresic, Andrea Masiello, Guglielmo Stendardo, Cristiano Del Grosso, Lionel Scaloni, Gianpaolo Bellini, Giuseppe Biava, Davide Brivio, Yohan Benalouane, Nicolò Cherubin, Dávid Forgács, Boukary Dramé, Franck Kessié, Davide Zappacosta, Alberto Grassi, Giacomo Bonaventura, Roberto Gagliardini, Salvatore Molina, Daniele Baselli, Maxi Moralez, Giulio Migliaccio, Carlos Carmona, Marcelo Estigarribia, Luca Cigarini, Urby Emanuelson, Cristian Raimondi, Janis Cavagna, Mario Pugliese, Papu Gómez, Marco D'Alessandro, Richmond Boakye, Rolando Bianchi, Germán Denis, Lorenzo Rosseti, Nicolas Napol, Mauricio Pinilla"
Cagliari Calcio,Serie A,2014-2015,18,"Alessio Cragno, Simone Colombi, Werther Carboni, Zeljko Brkic, Marco Capuano, Nicola Murru, Simone Benedetti, Alejandro González, Danilo Avelar, Francesco Pisano, Luca Rossettini, Antonio Balzano, Luca Ceppitelli, Modibo Diakité, Nicolò Barella, Lorenzo Crisetig, Paul-José Mpoku, Mattia Muroni, Daniele Giorico, Godfred Donsah, Daniele Conti, Andrea Cossu, Daniele Dessena, Albin Ekdal, Josef Husbauer, Matías Cabrera, Sebastian Eriksson, João Pedro, Alessandro Capello, Samuele Longo, Duje Cop, Víctor Ibarbo, Antonio Loi, Caio Rangel, Diego Farias, Marco Sau"
Parma Calcio 1913,Serie A,2014-2015,19,"Marijan Coric, Pavol Bajza, Riccardo Bertozzi, Alex Cordaz, Alessandro Iacobucci, Diego Rossetto, Antonio Mirante, Martin Erlić, Luca Ravanelli, Giuseppe Prestia, Stefan Ristovski, Pedro Mendes, Andrea Rispoli, Mirko Esposito, Mattia Cassani, Djamel Mesbah, Alessandro Lucarelli, Paolo De Ceglie, Andrea Costa, Massimo Gobbi, Felipe, Fabiano Santacroce, Zouhair Feddal, Gabriel Paletta, Ivan Santagiuliana, Davide Zuccolini, Luca Pipoli, José Mauri, Jérémie Broh, Cristóbal Jorquera, Ismael Taider, Andi Lila, Daniele Galloppa, Francesco Lodi, Antonio Nocerino, Cristian Rodríguez, Afriyie Acquah, McDonald Mariga, Badara Sarr, Solomon Nyantakyi, Giovanni Tortora, Lorenzo Capezzani, Lucas Souza, Lukas Haraslin, Ignacio Jeraldino, Massimo Coda, Ishak Belfodil, Jonathan Biabiany, Abdelkader Ghezzal, Nicola Pozzi, Amauri, Raffaele Palladino, Soufiane Bidaoui, Varela, Antonio Cassano"
Cesena FC,Serie A,2014-2015,20,"Nicola Leali, Alberto Iglio, Federico Agliardi, Walter Bressan, Hördur Magnússon, Luka Krajnc, Davide Mordini, Antonio Mazzotta, Constantin Nica, Stefano Lucchini, Massimo Volta, Gabriele Perico, Daniele Capelli, Francesco Renzetti, Luca Valzania, Luca Garritano, Riccardo Gaiola, Matteo Gasperi, Manuel Coppola, Luigi Giorgi, Carlos Carbonero, Giuseppe De Feudis, Franco Brienza, Andrea Tabanelli, Gaby Mudingayi, Emmanuel Cascione, Riccardo Cazzola, Nico Pulzetti, Zé Eduardo, Milan Djuric, Gabriele Moncini, Grégoire Defrel, Nicola Dalmonte, Hugo Almeida, Alejandro Rodríguez, Davide Succi, Guido Marilungo"
SSC Napoli,Serie A,2015-2016,2,"Gabriel, Rafael Cabral, Pepe Reina, Mariano Andújar, Alessio Gionta, Kalidou Koulibaly, Sebastiano Luperto, Elseid Hysaj, David López, Raúl Albiol, Faouzi Ghoulam, Ivan Strinic, Henrique, Christian Maggio, Vasco Regini, Jorginho, Alberto Grassi, Allan, Nathaniel Chalobah, Vlad Chiricheș, Jacopo Dezi, Jonathan de Guzmán, Mirko Valdifiori, Marek Hamsik, Camilo Zúñiga, Omar El Kaddouri, Lorenzo Insigne, Manolo Gabbiadini, Eduardo Vargas, Nicolao Cardoso, Antonio Negro, José Callejón, Gonzalo Higuaín, Dries Mertens"
AS Roma,Serie A,2015-2016,3,"Wojciech Szczesny, Ionuț Pop, Bogdan Lobonț, Morgan De Sanctis, Lorenzo Crisanto, Antonio Rüdiger, Emerson, Lucas Digne, Riccardo Marchizza, Norbert Gyömbér, Elio Capradossi, Eros De Santis, Ashley Cole, Leandro Castán, Maicon, Alessandro Florenzi, Vasilios Torosidis, Konstantinos Manolas, Silvio Anocic, Ervin Zukanovic, Abdullahi Nura, Leandro Paredes, Salih Uçan, Adem Ljajic, Emanuele Ndoj, Radja Nainggolan, Christian D'Urso, Lorenzo Di Livio, Pepín Machín, Kevin Strootman, Miralem Pjanić, Daniele De Rossi, Seydou Keita, William Vainqueur, Lorenzo Vasco, Mohamed Salah, Ezequiel Ponce, Umar Sadiq, Stephan El Shaarawy, Edin Džeko, Juan Iturbe, Marco Tumminello, Edoardo Soleri, Víctor Ibarbo, Diego Perotti, Francesco Totti, Iago Falque, Gervinho"
Inter Milan,Serie A,2015-2016,4,"Ionuț Radu, Samir Handanovič, Juan Pablo Carrizo, Tommaso Berni, Federico Dimarco, Alex Telles, Juan Jesus, Jeison Murillo, Senna Miangue, Martín Montoya, Bright Gyamfi, Dodô, Yuto Nagatomo, Gary Medel, Marco Andreolli, Nemanja Vidic‎, Davide Santon, Andrea Ranocchia, Miranda, Fabio Della Giovanna, Danilo D'Ambrosio, Răzvan Popa, Marcelo Brozović, Geoffrey Kondogbia, Adem Ljajic, Loris Zonta, Fredy Guarín, Ezequiel Schelotto, Saphir Taïder, Assane Demoya Gnoukouri, Mattia Bonetto, Felipe Melo, Hernanes, Mauro Icardi, Rey Manaj, Ivan Perišić, Zé Turbo, Stevan Jovetić, Enrico Baldini, Jonathan Biabiany, Rodrigo Palacio, Éder"
ACF Fiorentina,Serie A,2015-2016,5,"Giacomo Satalino, Luca Lezzerini, Luigi Sepe, Ciprian Tătărușanu, Gilberto, Marcos Alonso, Ahmed Hegazy, Ricardo Bagadur, Nicolò Fazzi, Nenad Tomovic, Facundo Roncaglia, Gonzalo Rodríguez, Davide Astori, José María Basanta, Manuel Pasqual, Yohan Benalouane, Matías Vecino, Marko Bakic, Josip Ilicic, Milan Badelj, Tino Costa, Matías Fernández, Mario Suárez, Borja Valero, Joan Verdú, Panagiotis Kone, Abdou Diakhate, Federico Chiesa, Federico Bernardeschi, Ante Rebić, Jaime Báez, Khouma Babacar, Joaquín, Mauro Zárate, Nikola Kalinić, Jakub Blaszczykowski, Giuseppe Rossi, Cristian Tello, Simone Minelli"
US Sassuolo,Serie A,2015-2016,6,"Andrea Consigli, Brian Vassallo, Alberto Pomini, Bryan Costa, Gianluca Pegolo, Martin Erlić, Francesco Acerbi, Claud Adjapong, Manuel Ferrini, Cristian Dell'Orco, Daniele Cipolla, Alessandro Longhi, Luca Antei, Sime Vrsaljko, Federico Peluso, Lorenzo Ariaudo, Leonardo Fontanesi, Marcello Gazzola, Emanuele Terranova, Paolo Cannavaro, Patrick Corbelli, Lorenzo Pellegrini, Alfred Duncan, Andrea Mandelli, Jérémie Broh, Karim Laribi, Francesco Magnanelli, Simone Missiroli, Davide Biondini, Federico Abelli, Matteo Politano, Domenico Berardi, Nicholas Pierini, Nicola Sansone, Grégoire Defrel, Diego Falcinelli, Marcello Trotta, Antonio Floro Flores, Sergio Floccari"
AC Milan,Serie A,2015-2016,7,"Gianluigi Donnarumma, Alessandro Livieri, Diego López, Christian Abbiati, Alessio Romagnoli, Davide Calabria, Rodrigo Ely, Mattia De Sciglio, Zakaria Hamadi, Stefan Simic, Francesco Bordi, Ivan De Santis, Andrés Llamas, Philippe Mexès, Cristian Zapata, Ignazio Abate, Gabriel Paletta, Luca Antonelli, Alex, Cristian Zaccardo, Manuel Locatelli, Giacomo Bonaventura, Giovanni Crociata, José Mauri, Keisuke Honda, Andrea Poli, Riccardo Montolivo, Antonio Nocerino, Juraj Kucka, Nigel de Jong, Sebastián Gamarra, Kevin-Prince Boateng, Andrea Bertolacci, Suso, M'Baye Niang, Mario Balotelli, Luca Vido, Carlos Bacca, Jérémy Ménez, Luiz Adriano, Alessio Cerci, Alessandro Matri"
SS Lazio,Serie A,2015-2016,8,"Kristjan Matosevic, Etrit Berisha, Federico Marchetti, Guido Guerrieri, Stefan de Vrij, Wesley Hoedt, Patric, Moustapha Seck, Franjo Prce, Simone Mattia, Edson Braafheid, Dusan Basta, Milan Bisevac, Santiago Gentiletti, Ștefan Radu, Abdoulay Konko, Maurício, Luca Germoni, Sergej Milinković-Savić, Danilo Cataldi, Alessandro Murgia, Stefano Mauri, Ravel Morrison, Álvaro González, Marco Parolo, Senad Lulic, Lucas Biglia, Ogenyi Onazi, Felipe Anderson, Keita Baldé, Chris Ikonomidis, Simone Palombi, Alessandro Rossi, Filip Djordjevic, Miroslav Klose, Alessandro Matri, Antonio Candreva, Ricardo Kishna"
Chievo Verona,Serie A,2015-2016,9,"Alessandro Confente, Andrea Seculin, Albano Bizzarri, Walter Bressan, Cristiano Biraghi, Fabio Depaoli, Raffaele Pucino, Nicolás Spolli, Dario Dainelli, Alessandro Gamberini, Federico Mattiello, Bostjan Cesar, Massimo Gobbi, Gennaro Sardo, Nicolas Frey, Fabrizio Cacciatore, Michele Troiani, Filippo Costa, Paul-José Mpoku, Anders Christiansen, Filippo Damian, Nikola Ninkovic, Lucas Castro, Nicola Rigoni, Giampiero Pinzi, Ivan Radovanovic, Mariano Izco, Valter Birsa, Malick Mbaye, Perparim Hetemaj, Ali Sowe, Roberto Inglese, Alberto Paloschi, Simone Pepe, Jhon Fredy Miranda, Armando Vajushi, Sergio Pellissier, Adrian Stoian, Riccardo Meggiorini, Antonio Floro Flores"
Genoa CFC,Serie A,2015-2016,10,"Mattia Perin, Antonio Donnarumma, Daniele Sommariva, Eugenio Lamanna, Samir Ujkani, Diego Laxalt, Armando Izzo, Paolo Ghiglione, Mario Ierardi, Sandro Embaló, Riccardo Fiamozzi, Diogo Figueiras, Paolo Scannapieco, Ezequiel Muñoz, Alassane També, Cristian Ansaldi, Sebastien De Maio, Nicolás Burdisso, Giovanni Marchese, Gabriel Silva, Paolo Parente, Samuel Delli Carri, Issa Cissokho, Olivier Ntcham, Darko Lazović, Panagiotis Tachtsidis, Francesco Corsinelli, Tomás Rincón, Simone Ricozzi, Andrea Gulli, Tino Costa, Luca Rigoni, Blerim Dzemaili, Juraj Kucka, Mattia Cella, Pietro Pellegri, Suso, Leonardo Pavoletti, Giuseppe Panico, Bruno Gomes, Raúl Asencio, Tim Matavz, Diego Perotti, Alessio Cerci, Serge Gakpé, Diego Capel, Goran Pandev"
FC Empoli,Serie A,2015-2016,11,"Lukasz Skorupski, Gabriel Meli, Maurizio Pugliesi, Alberto Pelagotti, Alessandro Giacomel, Federico Barba, Mário Rui, Michele Camporese, Luca Martinelli, Luca Bittante, Vincent Laurini, Marco Zambelli, Kastriot Dermaku, Andrea Costa, Uros Cosic, Lorenzo Tonelli, Lorenzo Ariaudo, Piotr Zieliński, Leandro Paredes, Rade Krunic, Assane Dioussé, Nicola Mosti, Joshua Brillante, Samuele Damiani, Raffaele Maiello, Manuel Pucciarelli, Ronaldo, Marcel Büchel, Tommaso Fantacci, Riccardo Saponara, Franco Signorelli, Daniele Croce, Alberto Picchi, Marko Livaja, Alessandro Piu, Massimo Maccarone, Levan Mchedlidze, Roman Chanturia"
Torino FC,Serie A,2015-2016,12,"Salvador Ichazo, Daniele Padelli, Luca Castellazzi, Lys Gomis, Marko Savatovic, Pontus Jansson, Valerio Mantovani, Gastón Silva, Leonardo Rivoira, Kamil Glik, Cristian Molinaro, Cesare Bovo, Nikola Maksimović, Emiliano Moretti, Danilo Avelar, Bruno Peres, Vasyl Pryima, Andrea Morello, Davide Zappacosta, Jacopo Segre, Daniele Baselli, Sanjin Prcic, Joel Obi, Afriyie Acquah, Alexander Farnerud, Alessandro Gazzi, Marco Benassi, Giuseppe Vives, Stefano Tindo, Ciro Immobile, Josef Martínez, Andrea Belotti, Leonardo Candellone, Simone Edera, Maxi López, Amauri, Fabio Quagliarella, Alen Stevanovic, Elia Bortoluz"
Atalanta BC,Serie A,2015-2016,13,"Marco Sportiello, Boris Radunović, Stefano Mazzini, Davide Bassi, Alessandro Turrin, Berat Djimsiti, Rafael Tolói, Anton Kresic, Andrea Masiello, Guglielmo Stendardo, Cristiano Del Grosso, Gianpaolo Bellini, Emanuele Suagher, Andrea Conti, Davide Brivio, Gabriel Paletta, Nicolò Cherubin, Michele Canini, Boukary Dramé, Remo Freuler, Marten de Roon, Alberto Grassi, Roberto Gagliardini, Roberto Ranieri, Jasmin Kurtic, Maxi Moralez, Luigi Giorgi, Giulio Migliaccio, Carlos Carmona, Marcelo Estigarribia, Luca Cigarini, Alessandro Diamanti, Cristian Raimondi, Matteo Gasperoni, Papu Gómez, Marco D'Alessandro, Richmond Boakye, Gaetano Monachello, Serge Gakpé, Germán Denis, Marco Borriello, Mauricio Pinilla, Guido Marilungo, Tiziano Tulissi"
Bologna FC 1909,Serie A,2015-2016,14,"Dejan Stojanovic, Mouhamadou Sarr, Angelo da Costa, Antonio Mirante, Emil Krafth, Adam Masina, Alex Ferrari, Riccardo Cestaro, Ibrahima Mbaye, Marios Ikonomou, Archimede Morleo, Luca Rossettini, Rubén Palomeque, Kévin Constant, Domenico Maietta, Daniele Gastaldello, Luca Ceccarelli, Erick Pulgar, Amadou Diawara, Lorenzo Crisetig, Godfred Donsah, Marco Crimi, Saphir Taïder, Camilo Zúñiga, Franco Zuculini, Marko Krivicic, Emanuele Giaccherini, Luca Rizzo, Franco Brienza, Matteo Brighi, Vincenzo Silvestro, Mattia Cozzari, Mattia Destro, Filippo Falco, Antonio Calabrese, Daniele Paponi, Daniele Cacia, Matteo Mancosu, Robert Acquafresca, Anthony Mounier, Aaron Mattia Tabacchi, Sergio Floccari"
UC Sampdoria,Serie A,2015-2016,15,"Alberto Brignoli, Samuele Massolo, Christian Puggioni, Emiliano Viviano, Milan Škriniar, Pedro Pereira, Lorenzo De Silvestri, Paweł Wszołek, Karlo Lulic, Dodô, Bartosz Salamon, Djamel Mesbah, Niklas Moisander, Mattia Cassani, Andrea Coda, Andrea Ranocchia, Vasco Regini, Modibo Diakité, Matías Silvestre, Ervin Zukanovic, Giacomo Calò, Roberto Soriano, Fernando, Michele Rocca, Édgar Barreto, Angelo Palombo, Nenad Krsticic, Jacopo Sala, Ricardo Álvarez, Marco Marchionni, Carlos Carbonero, Edoardo Oneto, Dávid Ivan, Leonardo Serinelli, Joaquín Correa, Federico Bonazzoli, Luis Muriel, Andrés Ponce, Alejandro Rodríguez, Lazaros Christodoulopoulos, Éder, Fabio Quagliarella, Antonio Cassano"
Udinese Calcio,Serie A,2015-2016,16,"Alex Meret, Samuele Perisan, Rafael Romo, Orestis Karnezis, Silvan Widmer, Davide Faraoni, Mauro Coppolaro, Agostino Camigliano, Emanuel Insúa, Ali Adnan, Iván Piris, Molla Wagué, Neuton, Danilo, Maurizio Domizzi, Daniele Mori, Felipe, Thomas Heurtaux, Bruno Fernandes, Lucas Evangelista, Guilherme, Simone Pontisso, Alexander Merkel, Edenilson, Andrija Balic, Gaspar Iñíguez, Emmanuel Badu, Manuel Iturra, Pablo Armero, Francesco Lodi, Zdravko Kuzmanovic, Marquinho, Giovanni Pasquale, Panagiotis Kone, Emil Hallfredsson, Giampiero Pinzi, Duván Zapata, Rodrigo Aguirre, Stipe Perica, Ryder Matos, Antonio Di Natale, Cyril Théréau, Álex Geijo"
Palermo FC,Serie A,2015-2016,17,"Josip Posavec, Simone Colombi, Fabrizio Alastra, Leonardo Marson, Stefano Sorrentino, Edoardo Goldaniga, Giuseppe Pezzella, Roberto Pirrello, Andrea Rispoli, Giancarlo González, Thiago Cionek, Roberto Vitiello, Sinisa Andjelkovic, Aljaz Struna, Fabio Daprelà, Abdelhamid El Kaoutari, Michel Morganella, Bryan Cristante, Ivaylo Chochev, Gastón Brugman, Franco Vázquez, Ahmad Benali, Marco Toscano, Housem Ferchichi, Francesco Bolzoni, Achraf Lazaar, Oscar Hiljemark, Enzo Maresca, Luca Rigoni, Mato Jajalo, Uros Djurdjevic, Andrea Belotti, Robin Quaison, Accursio Bentivegna, Antonino La Gumina, Manuel Arteaga, Aleksandar Trajkovski, Norbert Balogh, Matheus Cassini, Alberto Gilardino"
AC Carpi,Serie A,2015-2016,18,"Vid Belec, Simone Colombi, Zeljko Brkic, Francesco Benussi, Andrea Liotti, Stefano Sabelli, Simone Romagnoli, Gaetano Letizia, Riccardo Gagliolo, Fabrizio Poli, Luca Marrone, Wallace Oliveira, Cristian Zaccardo, Igor Bubnjic, Emanuele Suagher, Nicolás Spolli, Gabriel Silva, Fabio Daprelà, Vincenzo Ceci, Eddy Gnahoré, Simone Verdi, Federico Gino, Marco Crimi, Jonathan de Guzmán, Gaspar Iñíguez, Isaac Cofie, Filippo Porcari, Raffaele Bianco, Federico Franchini, Andrea Lazzari, Lorenzo Pasciuti, Lorenzo Lollo, Raphael Martinho, Matteo Fedele, Kevin Lasagna, Ryder Matos, Jerry Mbakogu, Kamil Wilczek, Antonio Di Gaudio, Marco Borriello, Matteo Mancosu"
Frosinone Calcio,Serie A,2015-2016,19,"Nicola Leali, Mirko Pigliacelli, Francesco Bardi, Massimo Zappino, Lys Gomis, Francesco Faiella, Arlind Ajeti, Davide Bertoncini, Roberto Crivello, Damiano Zanon, Adriano Russo, Leonardo Blanchard, Matteo Ciofani, Daniel Pavlovic, Modibo Diakité, Aleandro Rosi, Vasyl Pryima, Luca Paganini, Robert Gucher, Mirko Gori, Oliver Kragl, Raman Chibsah, Alessandro Frara, Danilo Soddimo, Paolo Sammarco, Lorenzo Ranelli, Daniele Altobelli, Daniele Verde, Samuele Longo, Federico Dionisi, Massimiliano Carlini, Daniel Ciofani, Aleksandar Tonev, Arturo Lupoli, Nicolás Castillo"
Hellas Verona,Serie A,2015-2016,20,"Pierluigi Gollini, Richard Marcone, Rafael, Enrico Vencato, Ferdinando Coppola, Gilberto, Samir Caetano, Matteo Bianchetti, Cláudio Winck, Mohamed Fares, Filip Helander, Paweł Wszołek, Davide Riccardi, Samuel Souprayen, Luca Marrone, Eros Pisano, Rafa Márquez, Michelangelo Albertazzi, Vangelis Moras, Artur Ioniță, Federico Viviani, Rômulo, Simon Laner, Emil Hallfredsson, Dominik Furman, Leandro Greco, Jacopo Sala, Matuzalém, Urby Emanuelson, Alessandro Speri, Andrea Badan, Nicola Guglielmelli, Luca Checchin, Mattia Zaccagni, Ante Rebić, Lubomir Tupta, Luca Siligardi, Boško Janković, Luca Toni, Giampaolo Pazzini, Juanito Gómez, Alberto Tronco"
AS Roma,Serie A,2016-2017,2,"Alisson, Wojciech Szczesny, Stefano Greco, Bogdan Lobonț, Andrea Romagnoli, Lorenzo Crisanto, Antonio Rüdiger, Emerson, Luca Pellegrini, Juan Jesus, Riccardo Marchizza, Moustapha Seck, Mário Rui, Eros De Santis, Bruno Peres, Thomas Vermaelen, Federico Fazio, Alessandro Florenzi, Vasilios Torosidis, Konstantinos Manolas, Stefano Ciavattini, Abdullahi Nura, Davide Frattesi, Gerson, Leandro Paredes, Mirko Antonucci, Radja Nainggolan, Clément Grenier, Lorenzo Di Livio, Emanuele Spinozzi, Alessandro Bordin, Kevin Strootman, Daniele De Rossi, William Vainqueur, Lorenzo Grossi, Mohamed Salah, Umar Sadiq, Stephan El Shaarawy, Edin Džeko, Juan Iturbe, Marco Tumminello, Edoardo Soleri, Federico Ricci, Diego Perotti, Francesco Totti, Filippo Franchi, Keba Coly"
SSC Napoli,Serie A,2016-2017,3,"Luigi Sepe, Rafael Cabral, Pepe Reina, Kalidou Koulibaly, Sebastiano Luperto, Elseid Hysaj, David López, Raúl Albiol, Faouzi Ghoulam, Marco Milanese, Igor Lasicki, Ivan Strinic, Christian Maggio, Nikola Maksimović, Lorenzo Tonelli, Piotr Zieliński, Jorginho, Alessio Zerbin, Alberto Grassi, Allan, Amadou Diawara, Marko Rog, Vlad Chiricheș, Jonathan de Guzmán, Emanuele Giaccherini, Mirko Valdifiori, Marek Hamsik, Omar El Kaddouri, Lorenzo Insigne, Arkadiusz Milik, Roberto Insigne, Leonardo Pavoletti, Manolo Gabbiadini, Nicolao Cardoso, José Callejón, Dries Mertens, Leandrinho"
Atalanta BC,Serie A,2016-2017,4,"Marco Sportiello, Pierluigi Gollini, Etrit Berisha, Francesco Rossi, Roberto Taliento, Stefano Mazzini, Davide Bassi, Alessandro Bastoni, Berat Djimsiti, Leonardo Spinazzola, Hans Hateboer, Rafael Tolói, Riccardo Gatti, Andrea Masiello, Guglielmo Stendardo, Ervin Zukanovic, Mattia Caldara, Emanuele Suagher, Andrea Conti, Abdoulay Konko, Davide Brivio, Boukary Dramé, Franck Kessié, Bryan Cristante, Remo Freuler, Alberto Grassi, Roberto Gagliardini, Filippo Melegoni, Salvatore Molina, Jasmin Kurtic, Giulio Migliaccio, Carlos Carmona, Cristian Raimondi, Emmanuel Latte Lath, Papu Gómez, Aleksandar Pesic, Andrea Petagna, Christian Capone, Marco D'Alessandro, Bryan Cabezas, Alberto Paloschi, Mauricio Pinilla, Anthony Mounier, Guido Marilungo"
SS Lazio,Serie A,2016-2017,5,"Thomas Strakosha, Marius Adamonis, Etrit Berisha, Federico Marchetti, Luca Borrelli, Ivan Vargic, Stefan de Vrij, Wesley Hoedt, Patric, Bastos, Wallace, Franjo Prce, Jordan Lukaku, Denis Petro, Dusan Basta, Ștefan Radu, Vinícius Freitas, Maurício, Giorgio Spizzichino, Luca Germoni, Sergej Milinković-Savić, Luis Alberto, Michael Folorunsho, Danilo Cataldi, Alessandro Murgia, Joseph Minala, Luca Crecco, Cassio Cardoselli, Ravel Morrison, Marco Parolo, Senad Lulic, Lucas Biglia, Moritz Leitner, Duje Javorcic, Álvaro González, Abukar Mohamed, Felipe Anderson, Ciro Immobile, Keita Baldé, Brayan Perea, Chris Ikonomidis, Alessandro Rossi, Ricardo Kishna, Filip Djordjevic, Cristiano Lombardi, Mamadou Tounkara"
AC Milan,Serie A,2016-2017,6,"Gianluigi Donnarumma, Alessandro Plizzari, Gabriel, Alessandro Guarnone, Diego López, Marco Storari, Matteo Gabbia, Alessio Romagnoli, Davide Calabria, Gustavo Gómez, Rodrigo Ely, Giorgio Altare, Mattia De Sciglio, Cristian Zapata, Ignazio Abate, Leonel Vangioni, Gabriel Paletta, Jherson Vergara, Luca Antonelli, Raul Zucchetti, Manuel Locatelli, Mario Pašalić, Giacomo Bonaventura, Niccolò Zanellato, José Mauri, José Sosa, Hachim Mastour, Keisuke Honda, Matías Fernández, Andrea Poli, Riccardo Montolivo, Juraj Kucka, Mattia El Hilali, Andrea Bertolacci, Lucas Ocampos, Patrick Cutrone, Suso, M'Baye Niang, Gianluca Lapadula, Gerard Deulofeu, Carlos Bacca, Luiz Adriano"
Inter Milan,Serie A,2016-2017,7,"Michele Di Gregorio, Ionuț Radu, Samir Handanovič, Juan Pablo Carrizo, Tommaso Berni, Andreaw Gravillon, Jeison Murillo, Senna Miangue, Trent Sainsbury, Eloge Yao, Caner Erkin, Yuto Nagatomo, Gary Medel, Marco Andreolli, Andrea Ranocchia, Cristian Ansaldi, Davide Santon, Miranda, Danilo D'Ambrosio, Zinho Vanheusden, Marcelo Brozović, Geoffrey Kondogbia, João Mário, Roberto Gagliardini, Éver Banega, Marco Carraro, Loris Zonta, Xian Emmers, Felipe Melo, Assane Demoya Gnoukouri, Andrea Pinamonti, Mauro Icardi, Gabriel Barbosa, Ivan Perišić, Rigoberto Rivas, Stevan Jovetić, Axel Bakayoko, Jonathan Biabiany, Rodrigo Palacio, Éder, Antonio Candreva"
ACF Fiorentina,Serie A,2016-2017,8,"Bartlomiej Dragowski, Marco Sportiello, Michele Cerofolini, Simone Ghidotti, Giacomo Satalino, Luca Lezzerini, Ciprian Tătărușanu, Kevin Diks, Gilberto, Marcos Alonso, Carlos Salcedo, Maximiliano Olivera, Riccardo Baroni, Ricardo Bagadur, Nenad Tomovic, Gonzalo Rodríguez, Sebastien De Maio, Davide Astori, Hrvoje Milic, Ianis Hagi, Matías Vecino, Fabio Maistro, Josip Ilicic, Joshua Pérez, Sebastián Cristóforo, Amidu Salifu, Milan Badelj, Carlos Sánchez, Matías Fernández, Borja Valero, Riccardo Saponara, Tomás Reymão, Federico Chiesa, Federico Bernardeschi, Jan Mlakar, Jaime Báez, Hernán Toledo, Khouma Babacar, Mauro Zárate, Nikola Kalinić, Cristian Tello, Giuseppe Rossi"
Torino FC,Serie A,2016-2017,9,"Salvador Ichazo, Alfred Gomis, Daniele Padelli, Tommaso Cucchietti, Joe Hart, Alberto Reinaudo, Domenico Coppola, Alessandro Buongiorno, Lorenzo De Silvestri, Arlind Ajeti, Gastón Silva, Antonio Barreca, Simone Auriletto, Federico Giraudo, Bruno Peres, Cristian Molinaro, Leandro Castán, Cesare Bovo, Carlão, Luca Rossettini, Nikola Maksimović, Emiliano Moretti, Danilo Avelar, Andrea Sana, Alessio Benedetti, Edoardo Stanghellini, Saša Lukić, Davide Zappacosta, Samuel Gustafson, Mattia Aramu, Martin Remacle, Adem Ljajic, Panagiotis Tachtsidis, Daniele Baselli, Matteo Rossetti, Antonio D'Alena, Afriyie Acquah, Marco Benassi, Mirko Valdifiori, Giuseppe Vives, Joel Obi, Kader Kouakou, Lucas Boyé, Josef Martínez, Andrea Belotti, Manuel De Luca, Juan Iturbe, Filippo Berardi, Maxi López, Iago Falque, Matteo Tobaldo"
UC Sampdoria,Serie A,2016-2017,10,"Wladimiro Falcone, Titas Krapikas, Christian Puggioni, Emiliano Viviano, Gergely Hutvágner, Pietro Cavagnaro, Andrea Tozzo, Milan Škriniar, Pedro Pereira, Lorenzo De Silvestri, Lorenco Simic, Bartosz Bereszyński, Michal Tomic, Dodô, Luka Krajnc, Djamel Mesbah, Stanley Amuzie, Vasco Regini, Daniel Pavlovic, Matías Silvestre, Bruno Fernandes, Lucas Torreira, Dennis Praet, Karol Linetty, Filip Djuricic, Andrea Tessiore, Denis Baumgartner, Mirko Eramo, Carlos Carbonero, Édgar Barreto, Ricardo Álvarez, Angelo Palombo, Luca Cigarini, Jacopo Sala, Dávid Ivan, Patrik Schick, Ante Budimir, Luis Muriel, Giacomo Vrioni, Ibourahima Baldé, Fabio Quagliarella, Antonio Cassano"
Cagliari Calcio,Serie A,2016-2017,11,"Gabriel, Rafael, Roberto Colombo, Luca Crosta, Marco Storari, Mirko Bizzi, Riccardo Daga, Matias Antonini, Senna Miangue, Luka Krajnc, Marko Pajac, Bartosz Salamon, Marco Capuano, Vasco Oliveira, Nicola Murru, Andrea Cadili, Mauricio Isla, Luca Bittante, Bruno Alves, Fabio Pisacane, Luca Ceppitelli, Ilya Bryukhov, Andrea Mastino, Matteo Volteggi, Nicolò Barella, Alessandro Deiola, Nicholas Pennington, Panagiotis Tachtsidis, Artur Ioniță, Roberto Biancu, Daniele Dessena, Davide Di Gennaro, Gianni Munari, Paolo Faragò, Simone Padoin, Riccardo Taccori, João Pedro, Kwang-song Han, Davide Arras, Víctor Ibarbo, Niccolò Giannetti, Federico Melchiorri, Diego Farias, Marco Borriello, Marco Sau, Federico Serra"
US Sassuolo,Serie A,2016-2017,12,"Andrea Consigli, Leonardo Vitali, Alberto Pomini, Francesco Scavo, Bryan Costa, Gianluca Pegolo, Martin Erlić, Francesco Acerbi, Pol Lirola, Luca Ravanelli, Timo Letschert, Claud Adjapong, Manuel Ferrini, Cristian Dell'Orco, Lorenzo Ariaudo, Luca Antei, Federico Peluso, Leonardo Fontanesi, Marcello Gazzola, Emanuele Terranova, Paolo Cannavaro, Lorenzo Pellegrini, Marius Marin, Luca Mazzitelli, Stefano Sensi, Alfred Duncan, Giacomo Zecca, Giovanni Sbrissa, Simone Franchini, Karim Laribi, Francesco Magnanelli, Simone Missiroli, Davide Biondini, Alberto Aquilani, Leonardo Sarzi Maddidini, Gianluca Scamacca, Matteo Politano, Domenico Berardi, Nicholas Pierini, Pietro Iemmello, Nicola Sansone, Grégoire Defrel, Diego Falcinelli, Federico Ricci, Marcello Trotta, Antonino Ragusa, Alessandro Matri, Simone Caputo"
Udinese Calcio,Serie A,2016-2017,13,"Simone Scuffet, Samuele Perisan, Orestis Karnezis, Davide Borsellini, Luca Scordino, Samir Caetano, Silvan Widmer, Davide Faraoni, Filip Vasko, Ali Adnan, Gabriele Angella, Molla Wagué, Danilo, Felipe, Gabriel Silva, Alberto Parpinel, Thomas Heurtaux, Yrondu Musavu-King, Igor Bubnjic, Rodrigo De Paul, Seko Fofana, Lucas Evangelista, Ewandro Costa, Luca Magnino, Edenilson, Panagiotis Armenakas, Andrija Balic, Edoardo Bovolon, Pablo Armero, Assane Demoya Gnoukouri, Emmanuel Badu, Jakub Jankto, Francesco Lodi, Emil Hallfredsson, Sven Kums, Panagiotis Kone, Duván Zapata, Stipe Perica, Adalberto Peñaranda, Ryder Matos, Franck Djoulou, Mathias Ranégie, Hamdi Harbaoui, Cyril Théréau"
Chievo Verona,Serie A,2016-2017,14,"Alessandro Confente, Andrea Seculin, Filippo Pavoni, Walter Bressan, Stefano Sorrentino, Raul Opruț, Fabio Depaoli, Cesare Pogliano, Edoardo Sbampato, Nicolás Spolli, Dario Dainelli, Alessandro Gamberini, Bostjan Cesar, Massimo Gobbi, Gennaro Sardo, Nicolas Frey, Fabrizio Cacciatore, Michele Troiani, Samuel Bastien, Filippo Costa, Paul-José Mpoku, Filippo Damian, Lucas Castro, Sofian Kiyine, Mohamed Rabbas, Jonathan de Guzmán, Yusupha Bobb, Nicola Rigoni, Ivan Radovanovic, Mariano Izco, Valter Birsa, Perparim Hetemaj, N'Diaye Djiby, Emanuel Vignato, Vittorio Parigini, Roberto Inglese, Victor, Lamin Jallow, Serge Gakpé, Andrea Isufaj, Ngissah Bismark, Sergio Pellissier, Riccardo Meggiorini, Antonio Floro Flores"
Bologna FC 1909,Serie A,2016-2017,15,"Federico Ravaglia, Alfred Gomis, Mouhamadou Sarr, Angelo da Costa, Emanuele Monari, Antonio Mirante, Emil Krafth, Adam Masina, Fabrizio Brignani, Gianluca Frabotta, Filip Helander, Alex Ferrari, Alessandro Bianconi, Deian Boldor, Ibrahima Mbaye, Luca Rossettini, Marios Ikonomou, Archimede Morleo, Nicolò Cherubin, Domenico Maietta, Daniele Gastaldello, Vasilios Torosidis, Luca Ceccarelli, Erick Pulgar, Ádám Nagy, Amadou Diawara, Simone Verdi, Lorenzo Crisetig, Ladislav Krejci, Juan Valencia, Godfred Donsah, Giordano Trovade, Federico Viviani, Saphir Taïder, Luca Rizzo, Franco Brienza, Blerim Dzemaili, Vincenzo Silvestro, Mattia Cozzari, Umar Sadiq, Bruno Petkovic, Federico Di Francesco, Mattia Destro, Orji Okwonkwo, Anthony Mounier, Sergio Floccari, Aaron Mattia Tabacchi, Robert Acquafresca"
Genoa CFC,Serie A,2016-2017,16,"Mattia Perin, Lukas Zima, Eugenio Lamanna, Diego Faccioli, Rubinho, Diego Laxalt, Armando Izzo, Davide Biraschi, Riccardo Fiamozzi, Andrea Beghetto, Ezequiel Muñoz, Santiago Gentiletti, Nicolás Burdisso, Giovanni Marchese, Issa Cissokho, Lucas Orbán, Aleandro Rosi, Davide Brivio, Francesco Renzetti, Alex Coppola, Massimo Tazzer, Danilo Cataldi, Olivier Ntcham, Darko Lazović, Edenilson, Adel Taarabt, Alessandro Quaini, Leonardo Morosini, Tomás Rincón, Nikola Ninkovic, Isaac Cofie, Oscar Hiljemark, Luca Rigoni, Miguel Veloso, Lucas Ocampos, Giovanni Simeone, Pietro Pellegri, Luca Zanimacchia, Leonardo Pavoletti, Raúl Asencio, Raffaele Palladino, Serge Gakpé, Goran Pandev, Mauricio Pinilla"
FC Crotone,Serie A,2016-2017,17,"Valentin Cojocaru, Marco Festa, Aniello Viscovo, Alex Cordaz, Giuseppe Cuomo, Federico Ceccherini, Noë Dussenne, Mario Sampirisi, Bruno Martella, Luca Bruno, Nicolò Fazzi, Manuel Nicoletti, Claiton, Gian Marco Ferrari, Djamel Mesbah, Aleandro Rosi, Eddy Gnahoré, Marcus Rohdén, Lorenzo Crisetig, Andrej Kotnik, Cazim Suljic, Leonardo Capezzi, Andrea Barberis, Aniello Salzano, Andrea Mazzarani, Giuseppe Zampano, Simy, Diego Falcinelli, Giuseppe Borello, Marcello Trotta, Raffaele Palladino, Andrea Nalini, Pietro De Giorgio, Nunzio Di Roberto, Adrian Stoian, Aleksandar Tonev, Maxwell Acosty"
FC Empoli,Serie A,2016-2017,18,"Lukasz Skorupski, Gabriel Meli, Maurizio Pugliesi, Alberto Pelagotti, Federico Dimarco, Federico Barba, Frédéric Veseli, Alessio Zini, Luca Bittante, Elia Giampà, Vincent Laurini, Marco Zambelli, Giuseppe Bellusci, Davide Seminara, Andrea Costa, Manuel Pasqual, Uros Cosic, Lapo Carradori, Rade Krunic, Miha Zajc, Matheus Pereira, Davide Buglio, Assane Dioussé, José Mauri, Samuele Damiani, Raffaele Maiello, Manuel Pucciarelli, Andrés Tello, Marcel Büchel, Franco Signorelli, Omar El Kaddouri, Riccardo Saponara, Daniele Croce, Alberto Picchi, Hamed Traoré, Arnel Jakupovic, Mame Thiam, Massimo Maccarone, Levan Mchedlidze, Alberto Gilardino, Guido Marilungo, Roman Chanturia"
Palermo FC,Serie A,2016-2017,19,"Andrea Fulignati, Josip Posavec, Sébastian Breza, Leonardo Marson, Samuele Guddo, Roland Sallai, Edoardo Goldaniga, Giuseppe Pezzella, Haitam Aleesami, Andrea Rispoli, Giancarlo González, Simone Giuliano, Thiago Cionek, Roberto Vitiello, Sinisa Andjelkovic, Slobodan Rajković, Aljaz Struna, Toni Sunjic, Andrea Punzi, Michel Morganella, Ivaylo Chochev, Bruno Henrique, Marco Toscano, Achraf Lazaar, Oscar Hiljemark, Alessandro Gazzi, Alessandro Diamanti, Ouasim Bouy, Mato Jajalo, Gennaro Ruggiero, Robin Quaison, Accursio Bentivegna, Ilija Nestorovski, Aleksandar Trajkovski, Francesco Bonfiglio, Norbert Balogh, Carlos Embalo, Stefan Silva, Simone Lo Faso"
Delfino Pescara 1936,Serie A,2016-2017,20,"Mirko Pigliacelli, Vincenzo Fiorillo, Gabriele Aldegani, Simone Aresti, Albano Bizzarri, Cristiano Biraghi, Filippo Delli Carri, Norbert Gyömbér, Hrvoje Milicevic, Dario Župarić, Davide Vitturini, Michele Fornasier, Francesco Forte, Alessandro Crescenzi, Hugo Campagnaro, Leonardo Maloku, Andrea Coda, Cesare Bovo, Guglielmo Stendardo, Bryan Cristante, Andrés Cubas, Marco Pompetti, Grigoris Kastanos, Gastón Brugman, Francesco Zampano, Mamadou Coulibaly, Valerio Verre, Ahmad Benali, Ransford Selasi, Francesco Mele, Alessandro Bruno, Ledian Memushaj, Sulley Muntari, Piermarco D'Angelo, Alberto Aquilani, Ibrahima Diallo, Alexandru Mitriță, Rey Manaj, Gianluca Caprari, Alberto Cerri, Robert Muric, Ferdinando Del Sole, Francesco Nicastro, Stefano Pettinari, Nazareno Battista, Jean-Christophe Bahebeck, Alberto Gilardino, Simone Pepe, Simone Mancini, Marco Acatullo"
SSC Napoli,Serie A,2017-2018,2,"Luigi Sepe, Rafael Cabral, Pepe Reina, Maurizio Schaeper, Kalidou Koulibaly, Elseid Hysaj, Raúl Albiol, Mário Rui, Faouzi Ghoulam, Giuseppe Esposito, Pio Schiavi, Alberto Senese, Ivan Strinic, Christian Maggio, Michael Scarf, Hrvoje Milic, Nikola Maksimović, Lorenzo Tonelli, Luigi D'Ignazio, Piotr Zieliński, Jorginho, Gianluca Gaetano, Allan, Amadou Diawara, Zinédine Machach, Marko Rog, Vlad Chiricheș, Emanuele Giaccherini, Marek Hamsik, Umberto Otranto, Duván Zapata, Adam Ounas, Lorenzo Insigne, Arkadiusz Milik, Leonardo Pavoletti, Raffaele Russo, Ciro Palmieri, José Callejón, Dries Mertens, Leandrinho"
AS Roma,Serie A,2017-2018,3,"Alisson, Lukasz Skorupski, Andrea Romagnoli, Bogdan Lobonț, Emanuele Zamarion, Alessio Pagliarini, Emerson, Luca Pellegrini, Rick Karsdorp, Andrea Ciofi, Juan Jesus, Jonathan Silva, Elio Capradossi, Héctor Moreno, Lirim Kastrati, Aleksandar Kolarov, Federico Fazio, Abdullahi Nura, Alessandro Florenzi, Bruno Peres, Stefano Ciavattini, Lorenzo Valeau, Konstantinos Manolas, Leandro Castán, Silvio Anocic, Gerson, Lorenzo Pellegrini, Mirko Antonucci, Devid Eugene Bouah, Rezan Corlu, Alessio Riccardi, Radja Nainggolan, Salvatore Pezzella, Kevin Strootman, Daniele De Rossi, Maxime Gonalons, Dario Vittorio Meadows, Andrea Marcucci, Patrik Schick, Cengiz Ünder, Stephan El Shaarawy, Edin Džeko, Marco Tumminello, Grégoire Defrel, Diego Perotti, Keba Coly, Riccardo Cappa"
SS Lazio,Serie A,2017-2018,4,"Thomas Strakosha, Federico Marchetti, Guido Guerrieri, Ivan Vargic, Federico Cirillo, Stefan de Vrij, Luiz Felipe, Adam Marusic, Wesley Hoedt, Patric, Bastos, Wallace, Nicolò Armini, Jordan Lukaku, Martín Cáceres, Dusan Basta, Ștefan Radu, Maurício, Mattia Petricca, Sergej Milinković-Savić, Luis Alberto, Alessandro Murgia, Bruno Jordão, Luca Crecco, Alessio Miceli, Lucas Leiva, Marco Parolo, Senad Lulic, Edoardo Rezzi, Davide Di Gennaro, Abukar Mohamed, Pedro Neto, Felipe Anderson, Ciro Immobile, Keita Baldé, Brayan Perea, Chris Ikonomidis, Simone Palombi, Felipe Caicedo, Nani, Ricardo Kishna, Filip Djordjevic, Cristiano Lombardi, Lorenzo Spurio"
Inter Milan,Serie A,2017-2018,5,"Marco Pissardo, Daniele Padelli, Samir Handanovič, Tommaso Berni, Milan Škriniar, João Cancelo, Dalbert, Lisandro López, Yuto Nagatomo, Andrea Ranocchia, Cristian Ansaldi, Davide Santon, Miranda, Danilo D'Ambrosio, Zinho Vanheusden, Manuel Lombardoni, Nicolò Zaniolo, Marcelo Brozović, Geoffrey Kondogbia, João Mário, Matías Vecino, Roberto Gagliardini, Xian Emmers, Assane Demoya Gnoukouri, Rafinha, Borja Valero, Andrea Pinamonti, Mauro Icardi, Gabriel Barbosa, Yann Karamoh, Ivan Perišić, Stevan Jovetić, Éder, Antonio Candreva"
AC Milan,Serie A,2017-2018,6,"Gianluigi Donnarumma, Gabriel, Antonio Donnarumma, Matteo Soncin, Alessandro Guarnone, Marco Storari, Matteo Gabbia, Alessio Romagnoli, Davide Calabria, Gustavo Gómez, Ricardo Rodríguez, Jherson Vergara, Andrea Conti, Cristian Zapata, Leonardo Bonucci, Ignazio Abate, Mateo Musacchio, Gabriel Paletta, Luca Antonelli, Manuel Locatelli, Hakan Çalhanoğlu, Raoul Bellanova, Franck Kessié, Tommaso Pobega, Giacomo Bonaventura, Niccolò Zanellato, José Mauri, Emanuele Torrasi, José Sosa, Hachim Mastour, Riccardo Montolivo, Lucas Biglia, Patrick Cutrone, André Silva, Suso, M'Baye Niang, Frank Tsadjout, Tiago Dias, Fabio Borini, Riccardo Forte, Nnamdi Oduamadi, Nikola Kalinić"
Atalanta BC,Serie A,2017-2018,7,"Pierluigi Gollini, Etrit Berisha, Francesco Rossi, Alessandro Bastoni, Gianluca Mancini, Timothy Castagne, Robin Gosens, Enrico Delprato, Leonardo Spinazzola, Hans Hateboer, Rafael Tolói, José Luis Palomino, Andrea Masiello, Mattia Caldara, Boukary Dramé, Dejan Kulusevski, Bryan Cristante, Andrea Colpani, Matteo Pessina, Remo Freuler, Marten de Roon, Salvatore Elia, João Schmidt, Nicolas Haas, Filippo Melegoni, Jasmin Kurtic, Josip Ilicic, Lorenzo Peli, Thomas Bolis, Luca Rizzo, Riccardo Orsolini, Emmanuel Latte Lath, Musa Barrow, Papu Gómez, Andrea Petagna, Andreas Cornelius, Luca Vido"
ACF Fiorentina,Serie A,2017-2018,8,"Bartlomiej Dragowski, Marco Sportiello, Simone Ghidotti, Michele Cerofolini, Federico Brancolini, Nikola Milenković, Luca Ranieri, Petko Hristov, Cristiano Biraghi, Germán Pezzella, Vitor Hugo, Bruno Gaspar, Maximiliano Olivera, Nenad Tomovic, Vincent Laurini, Davide Astori, Jordan Veretout, Ianis Hagi, Valentin Eysseric, Bryan Dabo, Andrés Schetino, Marco Meli, Sebastián Cristóforo, Milan Badelj, Carlos Sánchez, Riccardo Saponara, Matías Fernández, Marco Benassi, Vitja Valencic, Federico Chiesa, Giovanni Simeone, Riccardo Sottil, Gil Dias, Ante Rebić, Gabriele Gori, Rafik Zekhnini, Diego Falcinelli, Khouma Babacar, Simone Lo Faso, Cyril Théréau, Nikola Kalinić"
Torino FC,Serie A,2017-2018,9,"Vanja Milinković-Savić, Salvador Ichazo, Salvatore Sirigu, Domenico Coppola, Alessandro Buongiorno, Lyanco, Lorenzo De Silvestri, Erick Ferigra, Kevin Bonifazi, Antonio Barreca, Nicolas N'Koulou, Leonardo Rivoira, Alessandro Fiordaliso, Filippo Gilli, Ali Samake, Luca Rossettini, Cristian Molinaro, Nicolás Burdisso, Cristian Ansaldi, Emiliano Moretti, Danilo Avelar, Saša Lukić, Michel Adopo, Davide Zappacosta, Samuel Gustafson, Mattia Aramu, Ben Lhassine Kone, Adem Ljajic, Enrico Celeghin, Daniele Baselli, Tomás Rincón, Antonio D'Alena, Mirko Valdifiori, Afriyie Acquah, Joel Obi, Paolo Matera, Álex Berenguer, Lucas Boyé, Umar Sadiq, Andrea Belotti, Manuel De Luca, M'Baye Niang, Nicola Rauti, Vittorio Parigini, Karlo Butic, Flavio Bianchi, Vincenzo Millico, Simone Edera, Maxi López, Iago Falque, Alessandro Iacuaniello"
UC Sampdoria,Serie A,2017-2018,10,"Vid Belec, Titas Krapikas, Christian Puggioni, Emiliano Viviano, Gergely Hutvágner, Andrea Tozzo, Joachim Andersen, Maxime Leverbe, Bartosz Bereszyński, Michal Tomic, Emanuel Ercolano, Dodô, Nicola Murru, Gian Marco Ferrari, Ivan Strinic, Vasco Regini, Daniel Pavlovic, Matías Silvestre, Lucas Torreira, Dennis Praet, Karol Linetty, Filip Djuricic, Valerio Verre, Leonardo Capezzi, Andrea Tessiore, Gastón Ramírez, Jacopo Sala, Édgar Barreto, Ricardo Álvarez, Dávid Ivan, Patrik Schick, Duván Zapata, Dawid Kownacki, Federico Bonazzoli, Gianluca Caprari, Ibourahima Baldé, Ognjen Stijepovic, João Ricciulli, Fabio Quagliarella"
US Sassuolo,Serie A,2017-2018,11,"Giacomo Satalino, Andrea Consigli, Leonardo Marson, Gianluca Pegolo, Martin Erlić, Francesco Acerbi, Edoardo Goldaniga, Mauricio Lemos, Pol Lirola, Rogério, Riccardo Marchizza, Timo Letschert, Claud Adjapong, Manuel Ferrini, Cristian Dell'Orco, Daniele Cipolla, Luca Antei, Federico Peluso, Marcello Gazzola, Paolo Cannavaro, Davide Frattesi, Luca Mazzitelli, Stefano Sensi, Alfred Duncan, Francesco Cassata, Francesco Magnanelli, Simone Missiroli, Davide Biondini, Gianluca Scamacca, Giacomo Raspadori, Matteo Politano, Domenico Berardi, Nicholas Pierini, Pietro Iemmello, Diego Falcinelli, Khouma Babacar, Federico Ricci, Antonino Ragusa, Alessandro Matri"
Genoa CFC,Serie A,2017-2018,12,"Mattia Perin, Lukas Zima, Eugenio Lamanna, Alessio Rollandi, Raul Opruț, Diego Laxalt, Armando Izzo, Pedro Pereira, Jawad El Yamiq, Antonio Candela, Davide Biraschi, Loïck Landre, Nicolás Spolli, Santiago Gentiletti, Luca Rossettini, Francesco Migliore, Aleandro Rosi, Davide Brivio, Ervin Zukanovic, Daniel Bessa, Darko Lazović, Adel Taarabt, Stephane Omeonga, Nikola Ninkovic, Petar Brlek, Isaac Cofie, Andrea Bertolacci, Luca Rigoni, Miguel Veloso, Oscar Hiljemark, Giovanni Simeone, Iuri Medeiros, Pietro Pellegri, Luca Zanimacchia, Eddie Salcedo, Gianluca Lapadula, Thomas Rodríguez, Ricardo Centurión, Federico Ricci, David Milinkovic, Andrey Galabinov, Raffaele Palladino, Goran Pandev, Giuseppe Rossi"
Udinese Calcio,Serie A,2017-2018,13,"Simone Scuffet, Semuel Pizzignacco, Manuel Gasparini, Albano Bizzarri, Davide Borsellini, Orestis Karnezis, Giuseppe Pezzella, Samir Caetano, Pawel Bochniewicz, Silvan Widmer, Jens Stryger Larsen, Filip Vasko, Bram Nuytinck, Ali Adnan, Gabriele Angella, Aldo Caiazza, Molla Wagué, Danilo, Igor Bubnjic, Andrea Donadello, Rodrigo De Paul, Seko Fofana, Svante Ingelsson, Simone Pontisso, Antonín Barák, Francesco Zampano, Ewandro Costa, Alexis Zapata, Andrija Balic, Mak Varesanovic, Gaspar Iñíguez, Jakub Jankto, Emil Hallfredsson, Nicolás Garmendia, Luis Ndreu, Valon Behrami, Rodrigo Aguirre, Stipe Perica, Kevin Lasagna, Riad Bajic, Aly Malle, Ryder Matos, Franck Djoulou, Maxi López, Nabil Jaadi, Cyril Théréau"
Chievo Verona,Serie A,2017-2018,14,"Alessandro Confente, Andrea Seculin, Filippo Pavoni, Stefano Sorrentino, Mattia Bani, Fabio Depaoli, Strahinja Tanasijević, Michele Rigione, Paweł Jaroszyński, Nenad Tomovic, Dario Dainelli, Alessandro Gamberini, Bostjan Cesar, Massimo Gobbi, Nicolas Frey, Fabrizio Cacciatore, Samuel Bastien, Luca Garritano, Gianluca Gaudino, Manuel Pucciarelli, Lucas Castro, Sofian Kiyine, Nicola Rigoni, Ivan Radovanovic, Antonio Cinelli, Emanuele Giaccherini, Valter Birsa, Perparim Hetemaj, Mehdi Léris, Kevin Yamga, Mariusz Stepinski, Emanuel Vignato, Roberto Inglese, Alejandro Rodríguez, Sergio Pellissier, Riccardo Meggiorini"
Bologna FC 1909,Serie A,2017-2018,15,"Federico Ravaglia, Angelo da Costa, Antonio Santurro, Thomas Fantoni, Lorenzo Bruzzi, Antonio Mirante, Emil Krafth, Adam Masina, Fabrizio Brignani, Gianluca Frabotta, Filip Helander, Simone Romagnoli, Giancarlo González, Cheick Keita, Ibrahima Mbaye, Sebastien De Maio, Domenico Maietta, Daniele Gastaldello, Vasilios Torosidis, Erick Pulgar, Ádám Nagy, Simone Verdi, Lorenzo Crisetig, César Falletti, Ladislav Krejci, Juan Valencia, Godfred Donsah, Kingsley Michael, Blerim Dzemaili, Saphir Taïder, Andrea Poli, Riccardo Orsolini, Bruno Petkovic, Federico Di Francesco, Felipe Avenatti, Mattia Destro, Orji Okwonkwo, Cristian Mutton, Filippo Falco, Rodrigo Palacio, Anthony Mounier"
Cagliari Calcio,Serie A,2017-2018,16,"Alessio Cragno, Rafael, Luca Crosta, Riccardo Daga, Niccolò Cabras, Charalampos Lykogiannis, Filippo Romagna, Senna Miangue, Christ Kouadio, Marco Capuano, Andrea Cadili, Gregory van der Wiel, Marco Andreolli, Leandro Castán, Fabio Pisacane, Luca Ceppitelli, Antonio Balzano, Alexander Molberg, Mattia Pitzalis, Nicolò Barella, Alessandro Deiola, Fabrizio Caligara, Riccardo Ladinetti, Artur Ioniță, Daniele Dessena, Andrea Cossu, Luca Cigarini, Paolo Faragò, Simone Padoin, Joseph Tetteh, João Pedro, Leonardo Pavoletti, Kwang-song Han, Damir Céter, Luca Gagliano, Duje Cop, Niccolò Giannetti, Marco Borriello, Diego Farias, Marco Sau, Federico Melchiorri"
SPAL,Serie A,2017-2018,17,"Alex Meret, Alfred Gomis, Giacomo Poluzzi, Gabriele Marchegiani, Luca Seri, Manuel Lazzari, Lorenco Simic, Francesco Vicari, Sauli Väisänen, Pa Konate, Bartosz Salamon, Lorenzo Polvani, Thiago Cionek, Marios Ikonomou, Daniele Gasparetto, Fabio Della Giovanna, Michele Cremonesi, Federico Mattiello, Felipe, Giacomo Boccafoglia, Boukary Dramé, Renato Vischi, Salvatore Esposito, Alberto Grassi, Alessandro Bellemo, Filippo Costa, Mattia Vitale, Jasmin Kurtic, Éverton Luiz, Federico Viviani, Francesco Pio Russo, Luca Rizzo, Eros Schiavon, Luca Mora, Pasquale Schiattarella, Federico Bonazzoli, Gabriel Barbosa, Leonardo Ubaldi, Alberto Paloschi, Mirco Antenucci, Sergio Floccari, Marco Borriello"
FC Crotone,Serie A,2017-2018,18,"Marco Festa, Aniello Viscovo, Alex Cordaz, Francesco Latella, Giacomo Figliuzzi, Leandro Cabrera, Arlind Ajeti, Davide Faraoni, Giuseppe Cuomo, Federico Ceccherini, Noë Dussenne, Mario Sampirisi, Bruno Martella, Stefan Simic, Marco Capuano, Daniel Pavlovic, Rolando Mandragora, Niccolò Zanellato, Giovanni Crociata, Marcus Rohdén, Andrej Kotnik, Pasquale Giannotti, Ahmad Benali, Cazim Suljic, Andrea Barberis, Oliver Kragl, Aristóteles Romero, Mariano Izco, Moussa Diaby, Ante Budimir, Marco Tumminello, Simy, Giuseppe Borello, Federico Ricci, Marcello Trotta, Adrian Stoian, Andrea Nalini, Maxwell Acosty, Aleksandar Tonev, Luka Markovic"
Hellas Verona,Serie A,2017-2018,19,"Marco Silvestri, Nícolas, Ferdinando Coppola, Nicola Borghetto, Marash Kumbulla, Matteo Bianchetti, Mohamed Fares, Antonio Caracciolo, Alex Ferrari, Deian Boldor, Riccardo Brosco, Samuel Souprayen, Martín Cáceres, Gian Filippo Felicioli, Alejandro González, Nicolò Cherubin, Michelangelo Albertazzi, Jagos Vukovic, Thomas Heurtaux, Daniel Bessa, Bruno Zuculini, Mattia Valoti, Marco Fossati, Andrea Danzi, Simone Calvano, Enrico Bearzotti, Marcel Büchel, Rômulo, Simon Laner, Franco Zuculini, Simon Stefanec, Moise Kean, Mattia Zaccagni, Bruno Petkovic, Daniele Verde, Lubomir Tupta, Seung-woo Lee, Ryder Matos, Alessio Cerci, Giampaolo Pazzini, Rolando Aarons"
Benevento Calcio,Serie A,2017-2018,20,"Alberto Brignoli, Riccardo Piscitelli, Vid Belec, Thomas Candeloro, Gianluca Volzone, Christian Puggioni, Berat Djimsiti, Andreaw Gravillon, Lorenzo Venuti, Alin Toșca, Bright Gyamfi, Gianluca Di Chiara, Gaetano Letizia, Christian Rutjens, Michele Camporese, Luca Sparandeo, Fabio Lucioni, Andrea Costa, Jean-Claude Billong, Bacary Sagna, Luca Antei, Danilo Cataldi, Filip Djuricic, Nicolas Viola, Guilherme, Siriky Sanogo, Raman Chibsah, Lorenzo Del Pinto, Ledian Memushaj, Mirko Eramo, Sandro, Giovanni Volpicelli, Achraf Lazaar, Alessio Donnarumma, George Pușcaș, Pietro Iemmello, Massimo Coda, Vittorio Parigini, Marco D'Alessandro, Mamadou Kanoute, Enrico Brignola, Fabio Ceravolo, Amato Ciciretti, Karamoko Cissé, Cheick Diabaté, Cristiano Lombardi, Samuel Armenteros, Vincenzo Pinto"
SSC Napoli,Serie A,2018-2019,2,"Alex Meret, Nikita Contini, Luigi Sepe, David Ospina, Davide Marfella, João Pedro Piai, Antonio Pio Daniele, Maurizio Schaeper, Alessandro D'Andrea, Orestis Karnezis, Kalidou Koulibaly, Sebastiano Luperto, Elseid Hysaj, Raúl Albiol, Mário Rui, Armando Anastasio, Faouzi Ghoulam, Igor Lasicki, Pio Schiavi, Lorenzo Tonelli, Luigi D'Ignazio, Kévin Malcuit, Nikola Maksimović, Fabián Ruiz, Piotr Zieliński, Gianluca Gaetano, Alessio Zerbin, Alberto Grassi, Allan, Amadou Diawara, Zinédine Machach, Marko Rog, Luca Palmiero, Simone Verdi, Karim Zedadka, Vlad Chiricheș, Mario Prezioso, Antonio Romano, Umberto Otranto, Marek Hamsik, Adam Ounas, Lorenzo Insigne, Arkadiusz Milik, Gennaro Tutino, Roberto Insigne, Raffaele Russo, Alfredo Bifulco, Amin Younes, Roberto Inglese, Amato Ciciretti, Leandrinho, José Callejón, Dries Mertens"
Atalanta BC,Serie A,2018-2019,3,"Marco Carnesecchi, Marco Sportiello, Boris Radunović, Pierluigi Gollini, Etrit Berisha, Francesco Rossi, Roger Ibañez, Gianluca Mancini, Caleb Okoli, Timothy Castagne, Enrico Delprato, Robin Gosens, Berat Djimsiti, Hans Hateboer, Rafael Tolói, Arkadiusz Reca, José Luis Palomino, Anton Kresic, Davide Bettella, Ali Adnan, Nicolò Fazzi, Andrea Masiello, Christian Mora, Alberto Almici, Emanuele Suagher, Fabio Eguelfi, Federico Mattiello, Dejan Kulusevski, Franck Kessié, Bryan Cristante, Mario Pašalić, Andrea Colpani, Matteo Pessina, Remo Freuler, Marten de Roon, Nicolas Haas, Isnik Alimi, Filippo Melegoni, Marco Carraro, Luca Valzania, Gabriel Lunetta, Josip Ilicic, Davide Agazzi, Lorenzo Peli, Alessandro Eleuteri, Mario Pugliese, Roberto Piccoli, Nicolò Cambiaghi, Musa Barrow, Duván Zapata, Emiliano Rigoni, Papu Gómez, Andrea Petagna, Marco Tumminello, Andreas Cornelius, Giacomo Parigi, Luca Vido, Christian Capone, Marco D'Alessandro, Gaetano Monachello, Tiziano Tulissi"
Inter Milan,Serie A,2018-2019,4,"Michele Di Gregorio, Ionuț Radu, Raffaele Di Gennaro, Marco Pissardo, Daniele Padelli, Samir Handanovič, Tommaso Berni, Alessandro Bastoni, Federico Dimarco, Milan Škriniar, Gabriele Zappa, Stefan de Vrij, Cédric Soares, Dalbert, Marco Sala, Alessandro Mattioli, Ryan Nolan, Cristian Ansaldi, Andrea Bandini, Zinho Vanheusden, Sime Vrsaljko, Andrea Ranocchia, Miranda, Danilo D'Ambrosio, Marcelo Brozović, João Mário, Matías Vecino, Roberto Gagliardini, Matteo Rover, Xian Emmers, Radja Nainggolan, Thomas Schirò, Maj Roric, Lorenzo Gavioli, Andrea Romanò, Kwadwo Asamoah, Borja Valero, Lautaro Martínez, Andrea Pinamonti, Sebastiano Esposito, Matteo Politano, Mauro Icardi, Facundo Colidio, Andrea Adorante, Rey Manaj, Yann Karamoh, Ivan Perišić, Eddie Salcedo, Keita Baldé, Davide Merola, Axel Bakayoko, Samuele Longo, Vincenzo Tommasone, Moussa Souare, Antonio Candreva"
AC Milan,Serie A,2018-2019,5,"Gianluigi Donnarumma, Alessandro Plizzari, Antonio Donnarumma, Matteo Soncin, Pepe Reina, Matteo Gabbia, Alessio Romagnoli, Davide Calabria, Gustavo Gómez, Ricardo Rodríguez, Diego Laxalt, Stefan Simic, Gian Filippo Felicioli, Andrés Llamas, Andrea Conti, Cristian Zapata, Ignazio Abate, Mateo Musacchio, Ivan Strinic, Mattia Caldara, Lucas Paquetá, Manuel Locatelli, Raoul Bellanova, Hakan Çalhanoğlu, Franck Kessié, Marco Brescianini, Giacomo Bonaventura, Tiemoué Bakayoko, Alen Halilovic, José Mauri, Emanuele Torrasi, Alexandro Cavagnera, Andrea Bertolacci, Riccardo Montolivo, Lucas Biglia, Krzysztof Piatek, Patrick Cutrone, André Silva, Suso, Frank Tsadjout, Samu Castillejo, Tiago Dias, Ismet Sinani, Fabio Borini, Gonzalo Higuaín"
AS Roma,Serie A,2018-2019,6,"Daniel Fuzato, Robin Olsen, Stefano Greco, Matteo Cardinali, Lorenzo Crisanto, Andrea Romagnoli, Antonio Mirante, Luca Pellegrini, Rick Karsdorp, Juan Jesus, Moustapha Seck, Elio Capradossi, Riccardo Cargnelutti, Francesco Semeraro, Andrea Paolelli, Lorenzo Valeau, Aleksandar Kolarov, Iván Marcano, Davide Santon, Federico Fazio, Alessandro Florenzi, Konstantinos Manolas, Justin Kluivert, Gerson, Nicolò Zaniolo, Lorenzo Pellegrini, Bryan Cristante, Mirko Antonucci, Steven Nzonzi, Alessio Riccardi, Salvatore Pezzella, Ante Coric, Christian D'Urso, Lorenzo Di Livio, Emanuele Spinozzi, Alessandro Bordin, Kevin Strootman, Daniele De Rossi, Maxime Gonalons, Javier Pastore, Andrea Marcucci, Patrik Schick, Cengiz Ünder, Ezequiel Ponce, Umar Sadiq, Stephan El Shaarawy, Edin Džeko, Zan Celar, Daniele Verde, Gianmarco Cangiano, Grégoire Defrel, Edoardo Soleri, Ludovico D'Orazio, Keba Coly, Diego Perotti"
Torino FC,Serie A,2018-2019,7,"Vanja Milinković-Savić, Andrea Zaccagno, Salvador Ichazo, Luca Gemello, Salvatore Sirigu, Tommaso Cucchietti, Antonio Rosati, Alessandro Buongiorno, Bremer, Wilfried Singo, Ola Aina, Lyanco, Armando Izzo, Lorenzo De Silvestri, Lorenzo Carissoni, Koffi Djidji, Erick Ferigra, Kevin Bonifazi, Federico Giraudo, Nicolas N'Koulou, Alessandro Fiordaliso, Carlão, Danilo Avelar, Matteo Procopio, Emanuele Valerio, Cristian Ansaldi, Emiliano Moretti, Edoardo Bianchi, Saša Lukić, Michel Adopo, Samuel Gustafson, Jacopo Segre, Soualiho Meïté, Mattia Aramu, Ben Lhassine Kone, Roberto Soriano, Adem Ljajic, Daniele Baselli, Tomás Rincón, Mirko Valdifiori, Gianluca Piccoli, Lucas Boyé, Álex Berenguer, Manuel De Luca, Andrea Belotti, M'Baye Niang, Leonardo Candellone, Vitalie Damascan, Vittorio Parigini, Karlo Butic, Vincenzo Millico, Simone Edera, Filippo Berardi, Simone Zaza, Iago Falque"
SS Lazio,Serie A,2018-2019,8,"Thomas Strakosha, Marius Adamonis, Marco Alia, Alessio Furlanetto, Ivan Vargic, Guido Guerrieri, Silvio Proto, Luiz Felipe, Adam Marusic, Francesco Acerbi, Patric, Bastos, Tiago Casasola, Wallace, Riza Durmisi, Sergio Kalaj, Nicolò Armini, Roberto De Angelis, Jordan Lukaku, Martín Cáceres, Lorenzo Filippini, Jorge Silva, Giorgio Spizzichino, Dusan Basta, Ștefan Radu, Sergej Milinković-Savić, Luis Alberto, Danilo Cataldi, Alessandro Murgia, Valon Berisha, Bruno Jordão, Joseph Minala, Mauro Zitelli, Davide Di Gennaro, Djavan Anderson, Alessio Bianchi, Edoardo Rezzi, Lucas Leiva, Marco Parolo, Senad Lulic, Milan Badelj, Rômulo, Abukar Mohamed, Pedro Neto, Joaquín Correa, Ciro Immobile, Simone Palombi, Luan Capanni, Felipe Caicedo, Alessandro Rossi, Alessandro Cerbara, Ricardo Kishna, Mattia Sprocati, Mamadou Tounkara, Daniel Bezziccheri, Cristiano Lombardi"
UC Sampdoria,Serie A,2018-2019,9,"Wladimiro Falcone, Emil Audero, Vid Belec, Rafael Cabral, Titas Krapikas, Andrea Tozzo, Giacomo Piccardo, Joachim Andersen, Omar Colley, Lorenco Simic, Maxime Leverbe, Bartosz Bereszyński, Filippo Oliana, Michal Tomic, Álex Pastor, Alex Ferrari, Erasmo Mulè, Júnior Tavares, Tommaso Farabegoli, Nicola Murru, Cristian Hadziosmanovic, Vasco Regini, Lorenzo Tonelli, Antonio Palumbo, Dennis Praet, Simone Trimboli, Karol Linetty, Ronaldo Vieira, Valerio Verre, Leonardo Capezzi, Gastón Ramírez, Denis Baumgartner, Mohamed Bahlouli, Dávid Ivan, Roberto Criscuolo, Alessandro Gabbani, Riccardo Saponara, Albin Ekdal, Jacopo Sala, Édgar Barreto, Jakub Jankto, Gabriele Rolando, Dawid Kownacki, Federico Bonazzoli, Giacomo Vrioni, Gianluca Caprari, Manolo Gabbiadini, Antonio Di Nardo, Grégoire Defrel, Ognjen Stijepovic, Abou Diop, Jamie Yayi Mpie, Federico Furlan, Domenico Cuomo, Marco Sau, Fabio Quagliarella"
Bologna FC 1909,Serie A,2018-2019,10,"Lukasz Skorupski, Federico Ravaglia, Mouhamadou Sarr, Angelo da Costa, Antonio Santurro, Caio Vinicius Pirana, Lyanco, Emil Krafth, Fabrizio Brignani, Arturo Calabresi, Filip Helander, Gabriele Corbo, Mitchell Dijks, Hamza El Kaouakibi, Nehuén Paz, Alex Ferrari, Giancarlo González, Ibrahima Mbaye, Sebastien De Maio, Federico Mattiello, Danilo, Mattias Svanberg, Erick Pulgar, Ádám Nagy, Roberto Soriano, Lorenzo Crisetig, César Falletti, Ladislav Krejci, Juan Valencia, Giordano Trovade, Godfred Donsah, Kingsley Michael, Luca Rizzo, Mattia Cozzari, Andrea Poli, Blerim Dzemaili, Riccardo Orsolini, Nicola Sansone, Felipe Avenatti, Mattia Destro, Diego Falcinelli, Orji Okwonkwo, Simone Rossetti, Federico Santander, Simone Edera, Andrea Vassallo, Aaron Mattia Tabacchi, Rodrigo Palacio"
US Sassuolo,Serie A,2018-2019,11,"Giacomo Satalino, Andrea Consigli, Gianluca Pegolo, Merih Demiral, Martin Erlić, Marlon, Edoardo Goldaniga, Rogério, Mauricio Lemos, Pol Lirola, Luca Ravanelli, Giangiacomo Magnani, Riccardo Marchizza, Leonardo Sernicola, Timo Letschert, Raffaele Celia, Alessandro Tripaldelli, Claud Adjapong, Stefano Ferraresi, Cristian Dell'Orco, Leonardo Fontanesi, Federico Peluso, Gian Marco Ferrari, Manuel Locatelli, Jens Odgaard, Luca Mazzitelli, Stefano Sensi, Andrea Ghion, Filip Djuricic, Alfred Duncan, Filippo Bandinelli, Francesco Cassata, Mehdi Bourabia, Marco Pinato, Giacomo Zecca, Jérémie Broh, Giovanni Sbrissa, Simone Missiroli, Francesco Magnanelli, Kevin-Prince Boateng, Gianluca Scamacca, Giacomo Raspadori, Matteo Politano, Jérémie Boga, Domenico Berardi, Ettore Gliozzi, Federico Di Francesco, Pietro Cianci, Khouma Babacar, Federico Ricci, Marcello Trotta, Antonino Ragusa, Enrico Brignola, Alessandro Matri"
Udinese Calcio,Serie A,2018-2019,12,"Alex Meret, Juan Musso, Simone Scuffet, Samuele Perisan, Manuel Gasparini, Nícolas, Orestis Karnezis, Ben Wilmot, Giuseppe Pezzella, Pawel Bochniewicz, Samir Caetano, Francisco Sierralta, Nicholas Opoku, Hidde ter Avest, William Troost-Ekong, Jens Stryger Larsen, Filip Vasko, Mauro Coppolaro, Bram Nuytinck, Ali Adnan, Gabriele Angella, Danilo, Molla Wagué, Sebastien De Maio, Marvin Zeegelaar, Rodrigo De Paul, Rolando Mandragora, Seko Fofana, Svante Ingelsson, Simone Pontisso, Antonín Barák, Petar Micin, Mamadou Coulibaly, Thomas Battistella, Andrija Balic, Gaspar Iñíguez, Jakub Jankto, Emmanuel Badu, Valon Behrami, Emil Hallfredsson, Sandro, Panagiotis Kone, Ignacio Pussetto, Stipe Perica, Kevin Lasagna, Darwin Machís, Riad Bajic, Aly Malle, Felipe Vizeu, Miloš Bočić, Marco D'Alessandro, Ryder Matos, Stefano Okaka, Emanuele Rovini, Lukasz Teodorczyk"
SPAL,Serie A,2018-2019,13,"Vanja Milinković-Savić, Demba Thiam, Andrea Fulignati, Alfred Gomis, Giacomo Poluzzi, Maurice Gomis, Emiliano Viviano, Manuel Lazzari, Lazar Nikolic, Lorenzo Dickmann, Lorenco Simic, Mohamed Fares, Francesco Vicari, Sauli Väisänen, Kevin Bonifazi, Bartosz Salamon, Ricardo Farcaș, Matteo Salvi, Thiago Cionek, Michele Cremonesi, Fabio Della Giovanna, Riccardo Mastrilli, Johan Djourou, Vasco Regini, Felipe, Thomas Coulange, Salvatore Esposito, Alessandro Murgia, Marko Jankovic, Mattia Valoti, Alessandro Bellemo, Filippo Costa, Andrea Rizzo Pinna, Eklu Shaka Mawuli, Mattia Vitale, Jasmin Kurtic, Éverton Luiz, Federico Viviani, Simone Missiroli, Mirko Valdifiori, Pasquale Schiattarella, Karolis Uzėla, Gabriel Strefezza, Gabriele Moncini, Andrea Petagna, Mattia Finotto, Jacopo Murano, Marco Spina, Alberto Paloschi, Mirco Antenucci, Sergio Floccari"
ACF Fiorentina,Serie A,2018-2019,14,"Alban Lafont, Bartlomiej Dragowski, Pietro Terracciano, Michele Cerofolini, Simone Ghidotti, Federico Brancolini, Dávid Hancko, Nikola Milenković, Luca Ranieri, Kevin Diks, Petko Hristov, Jacob Rasmussen, Cristiano Biraghi, Germán Pezzella, Vitor Hugo, Georgios Antzoulas, Lorenzo Venuti, Federico Ceccherini, Maximiliano Olivera, Gabriele Ferrarini, Luca Zanon, Pierluigi Pinto, Vincent Laurini, Gerson, Christian Nørgaard, Jordan Veretout, Edimilson Fernandes, Giuseppe Caso, Nicky Beloko, Gaetano Castrovilli, Szymon Żurkowski, Valentin Eysseric, Bryan Dabo, Erald Lakti, Andrés Schetino, Marco Meli, Sebastián Cristóforo, Riccardo Saponara, Amidu Salifu, Luzayadio Bangu, Mattia Trovato, Marco Benassi, Dušan Vlahović, Federico Chiesa, Giovanni Simeone, Riccardo Sottil, Marko Pjaca, Luis Muriel, Jaime Báez, Gabriele Gori, Rafik Zekhnini, Tòfol Montiel, Christian Koffi, Kevin Mirallas, Martin Graiciar, Cyril Théréau"
Cagliari Calcio,Serie A,2018-2019,15,"Alessio Cragno, Rafael, Riccardo Daga, Simone Aresti, Sebastian Walukiewicz, Luca Pellegrini, Charalampos Lykogiannis, Filippo Romagna, Maxime Leverbe, Matteo Cotali, Marko Pajac, Simone Pinna, Marco Andreolli, Fabrizio Cacciatore, Ragnar Klavan, Fabio Pisacane, Luca Ceppitelli, Darijo Srna, Nicolò Barella, Santiago Colombatto, Alessandro Deiola, Christian Oliva, Fabrizio Caligara, Nunzio Lella, Riccardo Ladinetti, Artur Ioniță, Lucas Castro, Roberto Biancu, Riccardo Doratiotto, Daniele Dessena, Filip Bradaric, Luca Cigarini, Valter Birsa, Simone Padoin, Paolo Faragò, Alessandro Marongiu, Kiril Despodov, João Pedro, Leonardo Pavoletti, Alberto Cerri, Kwang-song Han, Alessandro Capello, Damir Céter, Daniele Ragatzu, Francesco Verde, Niccolò Giannetti, Diego Farias, Marco Sau, Cyril Théréau"
Parma Calcio 1913,Serie A,2018-2019,16,"Gabriel Brazão, Luigi Sepe, Fabrizio Bagheria, Michele Nardi, Pierluigi Frattali, Alessandro Bastoni, Federico Dimarco, Francisco Sierralta, Stefano Scognamillo, Cristian Căuz, Juan Ramos, Lorenzo Saporetti, Riccardo Gagliolo, Andrea Di Maggio, Lorenzo Adorni, Simone Iacoponi, Massimo Gobbi, Bruno Alves, Marcello Gazzola, Valerio Di Cesare, Drissa Camara, Alberto Grassi, Alessandro Deiola, Giuseppe Carriero, Leo Stulac, Francesco Galuppini, Giacomo Ricci, Pepín Machín, Jacopo Dezi, Lorenzo Simonetti, Antonino Barillà, Manuel Scavone, Francesco Giorno, Abdou Diakhate, Gianni Munari, Matteo Scozzarella, Luca Rigoni, Luigi Scaglia, Antonio Junior Vacca, Juraj Kucka, Matteo Luigi Brunori, Facundo Lescano, Alessio Da Cruz, Carl Davordzie, Roberto Inglese, Redi Kasa, Nicolás Schiappacasse, Jonathan Biabiany, Yves Baraye, Luca Siligardi, Cristian Galano, Marco Frediani, Manuel Nocciolini, Fabio Ceravolo, Amato Ciciretti, Antonio Di Gaudio, Gervinho, Emanuele Calaiò, Mattia Sprocati"
Genoa CFC,Serie A,2018-2019,17,"Ionuț Radu, Lukas Zima, Alessandro Russo, Jandrei, Rok Vodisek, Marco Albertoni, Alessio Rollandi, Federico Marchetti, Cristian Romero, Giuseppe Pezzella, Pedro Pereira, Jawad El Yamiq, Antonio Candela, Giorgio Altare, Koray Günter, Paolo Ghiglione, Davide Biraschi, Lisandro López, Marcos Curado, Mario Ierardi, Luigi Carillo, Ivan Lakicevic, Marco Soprano, Federico Valietti, Fallou Njie, Luca Rossettini, Massimo Tazzer, Nicolás Spolli, Domenico Criscito, Ervin Zukanovic, Nicolò Rovella, András Schäfer, Daniel Bessa, Luca Mazzitelli, Lukas Lerager, Filip Jagiełło, Darko Lazović, Stephane Omeonga, Esteban Rolón, Alessandro Quaini, Lorenzo Callegari, Petar Brlek, Rômulo, Ivan Radovanovic, Stefano Sturaro, Sandro, Miguel Veloso, Oscar Hiljemark, Krzysztof Piatek, Antonio Sanabria, Christian Kouamé, Iuri Medeiros, Gianluca Lapadula, Nicola Dalmonte, Andrea Favilli, Raúl Asencio, Goran Pandev"
FC Empoli,Serie A,2018-2019,18,"Ivan Provedel, Bartlomiej Dragowski, Pietro Terracciano, Andrea Fulignati, Gianluca Saro, Filippo Perucchini, Alessandro Giacomel, Emanuele Fenderico, Giovanni Di Lorenzo, Simone Canestrelli, Kevin Diks, Jacob Rasmussen, Dimitrios Nikolaou, Marco Curto, Michal Marcjanik, Simone Romagnoli, Marko Pajac, Frédéric Veseli, Lorenzo Polvani, Cristian Dell'Orco, Nikola Pejovic, Niccolò Ricchi, Davide Seminara, Luca Antonelli, Domenico Maietta, Manuel Pasqual, Matías Silvestre, Joel Untersee, Samuele Ricci, Ismaël Bennacer, Rade Krunic, Miha Zajc, Salih Uçan, Luca Belardinelli, Samuele Damiani, Davide Zappella, Manuel Pucciarelli, Leonardo Capezzi, Marcel Büchel, Tommaso Fantacci, Alberto Picchi, Matteo Brighi, Lorenzo Lollo, Afriyie Acquah, Hamed Traoré, Arnel Jakupovic, Samuel Mráz, Antonino La Gumina, Dimitri Oberlin, Vincenzo Plescia, Alessandro Piu, Eduardo Baldé, Levan Mchedlidze, Alejandro Rodríguez, Francesco Caputo, Diego Farias"
Frosinone Calcio,Serie A,2018-2019,19,"Marco Sportiello, Francesco Bardi, Pier Paolo Salvati, Giuseppe Marcianò, Alessandro Iacobucci, Edoardo Goldaniga, Paolo Ghiglione, Nicolò Brighenti, Stefan Simic, Bartosz Salamon, Luka Krajnc, Marco Capuano, Andrea Beghetto, Emanuele Terranova, Cristian Molinaro, Lorenzo Ariaudo, Francesco Zampano, Francesco Cassata, Luca Valzania, Lorenzo Crisetig, Luca Paganini, Andrea Errico, Raffaele Maiello, Mirko Gori, Francesco Verde, Raman Chibsah, Federico Viviani, Alessandro Gori, Rai Vloet, Danilo Soddimo, Emil Hallfredsson, Paolo Sammarco, Emmanuel Besea, Andrea Pinamonti, Stipe Perica, Joaquín Ardaiz, Joel Campbell, Camillo Ciano, Federico Dionisi, Marcello Trotta, Michele Volpe, Nicola Citro, Daniel Ciofani, Luca Matarese"
Chievo Verona,Serie A,2018-2019,20,"Elia Caprile, Adrian Semper, Andrea Seculin, Michele Bragantini, Stefano Sorrentino, Martin Valjent, Ibrahim Karamoko, Mattia Bani, Fabio Depaoli, Strahinja Tanasijević, Federico Barba, Matteo Solini, Angelo Ndreçka, Michele Rigione, Cesare Pogliano, Paweł Jaroszyński, Thadée Kaleba, Edoardo Sbampato, Nenad Tomovic, Davide Mansi, Davide Savi, Michele Troiani, Ansoumana Sané, Giovanni Nuti, Andrea Magrini, Nicolas Frey, Bostjan Cesar, Luca Rossettini, Fabrizio Cacciatore, Marco Andreolli, Massimo Bertagnoli, Assane Dioussé, Luca Garritano, Giovanni Di Noia, Lucas Piazón, Gianluca Gaudino, Manuel Pucciarelli, Sofian Kiyine, Yusupha Bobb, Mauro Burruchaga, Malick Mbaye, Ezequiel Schelotto, Nicola Rigoni, Ivan Radovanovic, Emanuele Giaccherini, Joel Obi, Valter Birsa, Perparim Hetemaj, Mehdi Léris, Musa Juwara, Kevin Yamga, Mariusz Stepinski, Emanuel Vignato, Victor, Michael Fabbro, Sergej Grubac, Alejandro Rodríguez, Damir Bartulovic, Ngissah Bismark, Filip Djordjevic, Sergio Pellissier, Riccardo Meggiorini"
Inter Milan,Serie A,2019-2020,2,"Filip Stanković, Daniele Padelli, Samir Handanovič, Tommaso Berni, Alessandro Bastoni, Federico Dimarco, Milan Škriniar, Lorenzo Pirola, Valentino Lazaro, Stefan de Vrij, Cristiano Biraghi, Dalbert, Ashley Young, Diego Godín, Andrea Ranocchia, Danilo D'Ambrosio, Nicolò Barella, Lucien Agoumé, Marcelo Brozović, Christian Eriksen, Matías Vecino, Roberto Gagliardini, Stefano Sensi, Kwadwo Asamoah, Borja Valero, Lautaro Martínez, Romelu Lukaku, Sebastiano Esposito, Matteo Politano, Alexis Sánchez, Matías Fonseca, Victor Moses, Edoardo Vergani, Antonio Candreva"
Atalanta BC,Serie A,2019-2020,3,"Marco Sportiello, Pierluigi Gollini, Ludovico Gelmi, Francesco Rossi, Khadim Ndiaye, Roger Ibañez, Caleb Okoli, Timothy Castagne, Guilherme Arana, Robin Gosens, Berat Djimsiti, Bosko Sutalo, Rodrigo Guth, Hans Hateboer, Rafael Tolói, José Luis Palomino, Andrea Masiello, David Heidenreich, Martin Skrtel, Simon Kjaer, Mattia Caldara, Raoul Bellanova, Mario Pašalić, Remo Freuler, Marten de Roon, Ruslan Malinovskyi, Adrien Tamèze, Lennart Czyborra, Josip Ilicic, Jacopo Da Riva, Amad Diallo, Roberto Piccoli, Musa Barrow, Duván Zapata, Ebrima Colley, Luis Muriel, Papu Gómez"
SS Lazio,Serie A,2019-2020,4,"Thomas Strakosha, Marco Alia, Guido Guerrieri, Silvio Proto, Denis Vavro, Luiz Felipe, Adam Marusic, Manuel Lazzari, Francesco Acerbi, Patric, Bastos, Tiago Casasola, Nicolò Armini, Jordan Lukaku, Jorge Silva, Ștefan Radu, Sergej Milinković-Savić, Luis Alberto, Danilo Cataldi, Valon Berisha, Joseph Minala, Luca Falbo, André Anderson, Lucas Leiva, Djavan Anderson, Marco Parolo, Senad Lulic, Raúl Moro, Joaquín Correa, Ciro Immobile, Bobby Adekanye, Felipe Caicedo, Ricardo Kishna, Jony"
AS Roma,Serie A,2019-2020,5,"Pau López, Daniel Fuzato, Matteo Cardinali, Antonio Mirante, Riccardo Calafiori, Roger Ibañez, Gianluca Mancini, Leonardo Spinazzola, Juan Jesus, Chris Smalling, Mert Çetin, Aleksandar Kolarov, Davide Santon, Federico Fazio, Alessandro Florenzi, Bruno Peres, Justin Kluivert, Nicolò Zaniolo, Lorenzo Pellegrini, Bryan Cristante, Jordan Veretout, Davide Zappacosta, Henrikh Mkhitaryan, Gonzalo Villar, Ebrima Darboe, Mirko Antonucci, Amadou Diawara, Alessio Riccardi, Javier Pastore, Patrik Schick, Cengiz Ünder, Carles Pérez, Edin Džeko, Felipe Estrella, Diego Perotti, Nikola Kalinić"
AC Milan,Serie A,2019-2020,6,"Gianluigi Donnarumma, Asmir Begovic, Antonio Donnarumma, Matteo Soncin, Pepe Reina, Theo Hernández, Matteo Gabbia, Alessio Romagnoli, Davide Calabria, Léo Duarte, Ricardo Rodríguez, Diego Laxalt, Mattia Caldara, Andrea Conti, Mateo Musacchio, Simon Kjaer, Lucas Paquetá, Alexis Saelemaekers, Hakan Çalhanoğlu, Franck Kessié, Ismaël Bennacer, Daniel Maldini, Marco Brescianini, Rade Krunic, Giacomo Bonaventura, Giacomo Olzer, Emanuele Torrasi, Lucas Biglia, Rafael Leão, Krzysztof Piatek, Lorenzo Colombo, André Silva, Suso, Ante Rebić, Samu Castillejo, Fabio Borini, Zlatan Ibrahimović"
SSC Napoli,Serie A,2019-2020,7,"Alex Meret, David Ospina, Hubert Idasiak, Antonio Pio Daniele, Orestis Karnezis, Giovanni Di Lorenzo, Kalidou Koulibaly, Sebastiano Luperto, Elseid Hysaj, Mário Rui, Faouzi Ghoulam, Lorenzo Tonelli, Kévin Malcuit, Nikola Maksimović, Konstantinos Manolas, Fabián Ruiz, Stanislav Lobotka, Eljif Elmas, Piotr Zieliński, Gianluca Gaetano, Allan, Simone Verdi, Diego Demme, Vlad Chiricheș, Hirving Lozano, Matteo Politano, Lorenzo Insigne, Arkadiusz Milik, Amin Younes, Leandrinho, José Callejón, Fernando Llorente, Dries Mertens"
US Sassuolo,Serie A,2019-2020,8,"Stefano Turati, Alessandro Russo, Andrea Consigli, Gianluca Pegolo, Mert Müldür, Marlon, Edoardo Goldaniga, Jeremy Toljan, Rogério, Georgios Kyriakopoulos, Giangiacomo Magnani, Andreaw Gravillon, Giuseppe Aurelio, Filippo Romagna, Stefano Piccinini, Alessandro Tripaldelli, Claud Adjapong, Federico Peluso, Gian Marco Ferrari, Leonardo Fontanesi, Manuel Locatelli, Luca Mazzitelli, Alfred Duncan, Filip Djuricic, Andrea Ghion, Andrei Mărginean, Pedro Obiang, Mehdi Bourabia, Alessandro Mercati, Vlad Chiricheș, Giacomo Manzari, Francesco Magnanelli, Giacomo Raspadori, Hamed Traoré, Jérémie Boga, Domenico Berardi, Lukas Haraslin, Grégoire Defrel, Jacopo Pellegrini, Aristidi Kolaj, Brian Oddei, Enrico Brignola, Alessandro Matri, Francesco Caputo"
ACF Fiorentina,Serie A,2019-2020,9,"Bartlomiej Dragowski, Pietro Terracciano, Michele Cerofolini, Niccolò Chiorra, Federico Brancolini, Nikola Milenković, Igor Julio, Luca Ranieri, Aleksa Terzic, Pol Lirola, Jacob Rasmussen, Cristiano Biraghi, Germán Pezzella, Dalbert, Christian Dalle Mura, Federico Ceccherini, Lorenzo Venuti, Maximiliano Olivera, Martín Cáceres, Erick Pulgar, Kevin Agudelo, Alfred Duncan, Gaetano Castrovilli, Nicky Beloko, Szymon Żurkowski, Valentin Eysseric, Sebastián Cristóforo, Kevin-Prince Boateng, Amidu Salifu, Milan Badelj, Marco Benassi, Dušan Vlahović, Pedro, Federico Chiesa, Giovanni Simeone, Patrick Cutrone, Riccardo Sottil, Christian Kouamé, Rachid Ghezzal, Tòfol Montiel, Franck Ribéry, Cyril Théréau"
Parma Calcio 1913,Serie A,2019-2020,10,"Ionuț Radu, Edoardo Corvi, Luigi Sepe, Simone Colombi, Fabrizio Alastra, Botond Balogh, Giuseppe Pezzella, Matteo Darmian, Alessandro Minelli, Riccardo Gagliolo, Simone Iacoponi, Kastriot Dermaku, Vasco Regini, Vincent Laurini, Bruno Alves, Dejan Kulusevski, Drissa Camara, Alberto Grassi, Hernani, Márk Kosznovszky, Gastón Brugman, Giacomo Ricci, Jasmin Kurtic, Pepín Machín, Patricio Goglino, Antonino Barillà, Luca Rigoni, Matteo Scozzarella, Juraj Kucka, Andrea Adorante, Yann Karamoh, Gianluca Caprari, Andreas Cornelius, Gabriele Artistico, Roberto Inglese, Redi Kasa, Luca Siligardi, Fabio Ceravolo, Gervinho, Mattia Sprocati"
Hellas Verona,Serie A,2019-2020,11,"Boris Radunović, Marco Silvestri, Alessandro Berardi, Federico Dimarco, Amir Rrahmani, Marash Kumbulla, Filippo Terracciano, Matteo Lovato, Pawel Dawidowicz, Wesley Gasolina, Alan Empereur, Koray Günter, Davide Faraoni, Claud Adjapong, Luca Marrone, Luigi Vitale, Alberto Almici, Salvatore Bocchetti, Sofyan Amrabat, Matteo Pessina, Liam Henderson, Bogdan Jocic, Christian Pierobon, Darko Lazović, Valentin Eysseric, Valerio Verre, Lucas Felippe, Andrea Danzi, Miguel Veloso, Emmanuel Badu, Mattia Zaccagni, Gennaro Tutino, Eddie Salcedo, Mariusz Stepinski, Lubomir Tupta, Seung-woo Lee, Samuel Di Carmine, Fabio Borini, Abdoulaye Traoré, Giampaolo Pazzini"
Bologna FC 1909,Serie A,2019-2020,12,"Lukasz Skorupski, Sébastian Breza, Mouhamadou Sarr, Marco Molla, Angelo da Costa, Takehiro Tomiyasu, Federico Bonini, Mattia Bani, Stefano Denswil, Arturo Calabresi, Gabriele Corbo, Mitchell Dijks, Nehuén Paz, Gabriele Boloca, Denis Portanova, Gary Medel, Ibrahima Mbaye, Danilo, Jerdy Schouten, Nicolás Domínguez, Mattias Svanberg, Andri Fannar Baldursson, Roberto Soriano, César Falletti, Ladislav Krejci, Kingsley Michael, Andrea Poli, Blerim Dzemaili, Dion Ruffo Luci, Leonardo Mazza, Riccardo Orsolini, Andreas Skov Olsen, Musa Barrow, Musa Juwara, Nicola Sansone, Gianmarco Cangiano, Mattia Destro, Leonardo Stanzani, Federico Santander, Rodrigo Palacio"
Cagliari Calcio,Serie A,2019-2020,13,"Alessio Cragno, Robin Olsen, Giuseppe Ciocci, Simone Aresti, Rafael, Sebastian Walukiewicz, Luca Pellegrini, Andrea Carboni, Charalampos Lykogiannis, Filippo Romagna, Salvatore Boccia, Simone Pinna, Fabio Porru, Federico Mattiello, Fabrizio Cacciatore, Ragnar Klavan, Fabio Pisacane, Luca Ceppitelli, Nahitan Nández, Alessandro Deiola, Christian Oliva, Marko Rog, Isaías Delpupo, Riccardo Ladinetti, Radja Nainggolan, Gastón Pereiro, Artur Ioniță, Lucas Castro, Alessandro Lombardi, Federico Marigosu, Luca Cigarini, Valter Birsa, Paolo Faragò, Giovanni Simeone, João Pedro, Leonardo Pavoletti, Alberto Cerri, Kwang-song Han, Luca Gagliano, Daniele Ragatzu, Alberto Paloschi"
Udinese Calcio,Serie A,2019-2020,14,"Juan Musso, Samuele Perisan, Nícolas, Rodrigo Becão, Giuseppe Pezzella, Samir Caetano, Francisco Sierralta, Nicholas Opoku, Hidde ter Avest, William Troost-Ekong, Jens Stryger Larsen, Bram Nuytinck, Francesco Mazzolo, Jan Kubala, Sebastian Prödl, Marvin Zeegelaar, Sebastien De Maio, Rodrigo De Paul, Rolando Mandragora, Seko Fofana, Walace, Antonín Barák, Svante Ingelsson, Mattia Compagnon, Martin Palumbo, Andrija Balic, Marco Ballarini, Mato Jajalo, Ignacio Pussetto, Ken Sema, Kevin Lasagna, Aly Malle, Enrico Oviszach, Ilija Nestorovski, Ryder Matos, Stefano Okaka, Eric Lirussi, Emanuele Rovini, Lukasz Teodorczyk"
UC Sampdoria,Serie A,2019-2020,15,"Wladimiro Falcone, Emil Audero, Andrea Seculin, Matteo Raspa, Lorenzo Avogadri, Jeff Chabot, Kaique Rocha, Omar Colley, Tommaso Augello, Fabio Depaoli, Jeison Murillo, Bartosz Bereszyński, Dodô, Alex Ferrari, Maya Yoshida, Nicola Murru, Vasco Regini, Lorenzo Tonelli, Morten Thorsby, Gonzalo Maroni, Marco Pompetti, Kristoffer Askildsen, Karol Linetty, Ronaldo Vieira, Gastón Ramírez, Mohamed Bahlouli, Albin Ekdal, Édgar Barreto, Jakub Jankto, Andrea Bertolacci, Federico Bonazzoli, Mehdi Léris, Emiliano Rigoni, Gianluca Caprari, Manolo Gabbiadini, Antonino La Gumina, Felice D'Amico, Fabio Quagliarella"
Torino FC,Serie A,2019-2020,16,"Luca Gemello, Salvatore Sirigu, Samir Ujkani, Antonio Rosati, Alessandro Buongiorno, Bremer, Wilfried Singo, Ola Aina, Lyanco, Diego Laxalt, Armando Izzo, Lorenzo De Silvestri, Koffi Djidji, Patrick Enrici, Kevin Bonifazi, Christian Celesia, Nicolas N'Koulou, Filippo Gilli, Amine Ghazoini, Cristian Ansaldi, Saša Lukić, Michel Adopo, Soualiho Meïté, Simone Verdi, Jean Freddi Greco, Daniele Baselli, Mattia Sandri, Mihael Onișa, Tomás Rincón, Álex Berenguer, Andrea Belotti, Nicola Rauti, Vittorio Parigini, Vincenzo Millico, Simone Edera, Iago Falque, Simone Zaza"
Genoa CFC,Serie A,2019-2020,17,"Ionuț Radu, Mattia Perin, Salvador Ichazo, Jandrei, Nicolò Radaelli, Federico Marchetti, Cristian Romero, Edoardo Goldaniga, Jawad El Yamiq, Paolo Ghiglione, Davide Biraschi, Adama Soumaoro, Antonio Barreca, Marko Pajac, Peter Ankersen, Vasco Oliveira, Andrea Masiello, Cristian Zapata, Domenico Criscito, Nicolò Rovella, Kevin Agudelo, Lukas Lerager, Filip Jagiełło, Francesco Cassata, Riccardo Saponara, Steeve-Mike Eyango, Rômulo, Sebastian Eriksson, Lasse Schöne, Ivan Radovanovic, Stefano Sturaro, Valon Behrami, Andrea Pinamonti, Antonio Sanabria, Christian Kouamé, Denilho Cleonise, Mattia Destro, Andrea Favilli, Augustinas Klimavičius, Sinan Gümüş, Danilo Ventola, Iago Falque, Goran Pandev"
US Lecce,Serie A,2019-2020,18,"Răzvan Sava, Gabriel, Marco Bleve, Mauro Vigorito, Gianmarco Chironi, Antonino Gallo, Ilario Monterisi, Brayan Vera, Nehuén Paz, Luka Dumancic, Giulio Donati, Riccardo Fiamozzi, Roberto Pierno, Davide Riccardi, Biagio Meccariello, Cristian Dell'Orco, Silvio Colella, Marco Calderoni, Andrea Rispoli, Romario Benzar, Augustas Dubickas, Michele Laraspata, Mattia Radicchio, Fabio Lucioni, Luca Rossettini, Alessandro Deiola, Thom Haye, Antonín Barák, Jacopo Petriccione, Panagiotis Tachtsidis, Zan Majer, Sergio Maselli, Riccardo Saponara, Giannelli Imbula, Andrea Tabanelli, Marco Mancosu, Yevgen Shakhov, Mattia Felici, Gianluca Lapadula, Edgaras Dubickas, Andrea La Mantia, Khouma Babacar, Filippo Falco, Simone Lo Faso, Diego Farias, Samuele Oltremarini, Salvatore Rimoli"
SPAL,Serie A,2019-2020,20,"Demba Thiam, Karlo Letica, Etrit Berisha, Marco Meneghetti, Igor Julio, Lorenzo Dickmann, Arkadiusz Reca, Mohamed Fares, Francesco Vicari, Sauli Väisänen, Kevin Bonifazi, Bartosz Salamon, Paolo Cannistrà, Thiago Cionek, Nenad Tomovic, Jakub Iskra, Felipe, Ervin Zukanovic, Riccardo Mastrilli, Krisztofer Horváth, Marko Jankovic, Alessandro Murgia, Mattia Valoti, Altin Kryeziu, Eklu Shaka Mawuli, Bryan Dabo, Jasmin Kurtic, Lucas Castro, Georgi Tunjov, Federico Zanchetta, Mirko Valdifiori, Simone Missiroli, Jacopo Sala, Gabriel Strefezza, Gabriele Moncini, Federico Di Francesco, Alberto Cerri, Andrea Petagna, Jaume Cuéllar, Marco D'Alessandro, Alberto Paloschi, Sergio Floccari"
Inter Milan,Serie A,2020-2021,1,"Filip Stanković, Ionuț Radu, Daniele Padelli, Samir Handanovič, Achraf Hakimi, Alessandro Bastoni, Milan Škriniar, Lorenzo Pirola, Stefan de Vrij, Matteo Darmian, Franco Carboni, Dalbert, Ashley Young, Tibo Persyn, Lorenzo Moretti, Fabio Cortinovis, Edoardo Sottini, Aleksandar Kolarov, Andrea Ranocchia, Danilo D'Ambrosio, Nicolò Barella, Cesare Casadei, Marcelo Brozović, Gaetano Oristanio, Christian Eriksen, Matías Vecino, Roberto Gagliardini, Stefano Sensi, Niccolò Squizzato, David Wieser, Franco Vezzoni, Radja Nainggolan, Arturo Vidal, Riccardo Boscolo Chio, Lautaro Martínez, Romelu Lukaku, Andrea Pinamonti, Martín Satriano, Alexis Sánchez, Ivan Perišić, Nicholas Bonfanti"
AC Milan,Serie A,2020-2021,2,"Gianluigi Donnarumma, Andreas Jungdal, Antonio Donnarumma, Leonardo Moleri, Ciprian Tătărușanu, Diogo Dalot, Theo Hernández, Pierre Kalulu, Fikayo Tomori, Matteo Gabbia, Alessio Romagnoli, Davide Calabria, Léo Duarte, Diego Laxalt, Nikolaos Michelis, Luca Stanga, Mateo Musacchio, Andrea Conti, Simon Kjaer, Sandro Tonali, Lucas Paquetá, Alexis Saelemaekers, Hakan Çalhanoğlu, Franck Kessié, Ismaël Bennacer, Daniel Maldini, Rade Krunic, Soualiho Meïté, Giacomo Olzer, Marco Frigerio, Antonio Mionic, Enrico Di Gesù, Rafael Leão, Brahim Díaz, Lorenzo Colombo, Jens Petter Hauge, Ante Rebić, Samu Castillejo, Riccardo Tonin, Emil Roback, Mario Mandžukić, Zlatan Ibrahimović"
Atalanta BC,Serie A,2020-2021,3,"Marco Carnesecchi, Marco Sportiello, Boris Radunović, Pierluigi Gollini, Ludovico Gelmi, Francesco Rossi, Cristian Romero, Giorgio Scalvini, Matteo Ruggeri, Joakim Maehle, Robin Gosens, Berat Djimsiti, Bosko Sutalo, Hans Hateboer, Johan Mojica, Rafael Tolói, Fabio Depaoli, José Luis Palomino, Cristiano Piccini, Mattia Caldara, Raoul Bellanova, Aleksey Miranchuk, Mario Pašalić, Matteo Pessina, Remo Freuler, Marten de Roon, Ruslan Malinovskyi, Simone Panada, Viktor Kovalenko, Emmanuel Gyabuaa, Davide Ghislandi, Alessandro Cortinovis, Josip Ilicic, Jacopo Da Riva, Amad Diallo, Sam Lammers, Duván Zapata, Luis Muriel, Papu Gómez"
SSC Napoli,Serie A,2020-2021,5,"Alex Meret, Nikita Contini, David Ospina, Hubert Idasiak, Amir Rrahmani, Giovanni Di Lorenzo, Kalidou Koulibaly, Sebastiano Luperto, Elseid Hysaj, Mário Rui, Faouzi Ghoulam, Kévin Malcuit, Davide Costanzo, Nikola Maksimović, Konstantinos Manolas, Fabián Ruiz, Stanislav Lobotka, Eljif Elmas, Piotr Zieliński, Tiemoué Bakayoko, Diego Demme, Karim Zedadka, Valerio Labriola, Victor Osimhen, Hirving Lozano, Matteo Politano, Lorenzo Insigne, Andrea Petagna, Giuseppe D'Agostino, Antonio Cioffi, Fernando Llorente, Dries Mertens"
SS Lazio,Serie A,2020-2021,6,"Thomas Strakosha, Gabriel Pereira, Marco Alia, Alessio Furlanetto, Pepe Reina, Denis Vavro, Luiz Felipe, Adam Marusic, Manuel Lazzari, Francesco Acerbi, Patric, Wesley Hoedt, Bastos, Mohamed Fares, Mattia Novella, Angelo Ndreçka, Nicolò Armini, Jordan Lukaku, Damiano Franco, Enzo Adeagbo, Marzio Pica, Ștefan Radu, Mateo Musacchio, Andreas Pereira, Sergej Milinković-Savić, Luis Alberto, Danilo Cataldi, Gonzalo Escalante, Jean-Daniel Akpa Akpro, Szymon Czyz, Joseph Minala, Sofian Kiyine, Marco Bertini, Florent Shehu, Lucas Leiva, Djavan Anderson, Marco Parolo, Senad Lulic, Raúl Moro, Vedat Muriqi, Joaquín Correa, Ciro Immobile, Bobby Adekanye, Felipe Caicedo"
AS Roma,Serie A,2020-2021,7,"Pau López, Daniel Fuzato, Robin Olsen, Pietro Boer, Filippo Berti, Simone Farelli, Antonio Mirante, Riccardo Calafiori, Roger Ibañez, Gianluca Mancini, Marash Kumbulla, Bryan Reynolds, Leonardo Spinazzola, Rick Karsdorp, Juan Jesus, Chris Smalling, Amir Feratovic, Raul Morichelli, Davide Santon, Federico Fazio, Bruno Peres, Justin Kluivert, Nicola Zalewski, Nicolò Zaniolo, Lorenzo Pellegrini, Bryan Cristante, Jordan Veretout, Henrikh Mkhitaryan, Gonzalo Villar, Ebrima Darboe, Mirko Antonucci, Amadou Diawara, Tommaso Milanese, Filippo Tripi, Javier Pastore, Edoardo Bove, Borja Mayoral, Stephan El Shaarawy, Carles Pérez, Riccardo Ciervo, Edin Džeko, Pedro, Suf Podgoreanu, Ruben Providence, Mory Bamba, Lamine Tall"
US Sassuolo,Serie A,2020-2021,8,"Stefano Turati, Samuele Vitale, Andrea Consigli, Gianluca Pegolo, Mert Müldür, Marlon, Jeremy Toljan, Rogério, Georgios Kyriakopoulos, Filippo Romagna, Stefano Piccinini, Federico Peluso, Gian Marco Ferrari, Manuel Locatelli, Maxime Lopez, Kaan Ayhan, Andrea Ghion, Filip Djuricic, Federico Artioli, Pedro Obiang, Mehdi Bourabia, Alessandro Mercati, Vlad Chiricheș, Matteo Saccani, Raul Steau, Francesco Magnanelli, Gianluca Scamacca, Giacomo Raspadori, Hamed Traoré, Jérémie Boga, Domenico Berardi, Lukas Haraslin, Grégoire Defrel, Nicolás Schiappacasse, Luigi Samele, Federico Ricci, Brian Oddei, Isaac Karamoko, Francesco Caputo"
UC Sampdoria,Serie A,2020-2021,9,"Emil Audero, Karlo Letica, Nicola Ravaglia, Lorenzo Avogadri, Jeff Chabot, Kaique Rocha, Omar Colley, Tommaso Augello, Fabio Depaoli, Bartosz Bereszyński, Alex Ferrari, Maya Yoshida, Vasco Regini, Lorenzo Tonelli, Mikkel Damsgaard, Morten Thorsby, Antonio Palumbo, Kristoffer Askildsen, Ronaldo Vieira, Valerio Verre, Leonardo Capezzi, Gastón Ramírez, Adrien Silva, Albin Ekdal, Jakub Jankto, Federico Bonazzoli, Mehdi Léris, Nik Prelec, Keita Baldé, Manolo Gabbiadini, Antonino La Gumina, Ernesto Torregrossa, Fabio Quagliarella, Antonio Candreva"
Hellas Verona,Serie A,2020-2021,10,"Ivor Pandur, Marco Silvestri, Nicola Borghetto, Alessandro Berardi, Federico Dimarco, Destiny Udogie, Nicolò Casale, Filippo Terracciano, Matteo Lovato, Bruno Amione, Pawel Dawidowicz, Matei Ilie, Giangiacomo Magnani, Alan Empereur, Koray Günter, Davide Faraoni, Kevin Rüegg, Federico Ceccherini, Mert Çetin, Bernardo Calabrese, Eugenio Bracelli, Salvatore Bocchetti, Ivan Ilić, Adrien Tamèze, Daniel Bessa, Antonín Barák, Christian Pierobon, Darko Lazović, Ronaldo Vieira, Lucas Felippe, Andrea Danzi, Miguel Veloso, Marco Benassi, Stefano Sturaro, Mattia Zaccagni, Matteo Cancellieri, Ebrima Colley, Eddie Salcedo, Mariusz Stepinski, Lubomir Tupta, Kevin Lasagna, Samuel Di Carmine, Andrea Favilli, Philip Yeboah, Lorenzo Bertini, Nikola Kalinić"
Genoa CFC,Serie A,2020-2021,11,"Mattia Perin, Alberto Paleari, Lukas Zima, Giuseppe Agostino, Federico Marchetti, Luca Pellegrini, Edoardo Goldaniga, Mattia Bani, Paolo Ghiglione, Davide Biraschi, Peter Ankersen, Jérôme Onguéné, Daniel Dumbrăvanu, Andrea Masiello, Cristian Zapata, Domenico Criscito, Nicolò Rovella, Davide Zappacosta, Darian Males, Miha Zajc, Lukas Lerager, Giuseppe Caso, Manolo Portanova, Filippo Melegoni, Francesco Cassata, Lennart Czyborra, Petar Brlek, Lasse Schöne, Stefano Sturaro, Steeve-Mike Eyango, Valon Behrami, Kevin Strootman, Ivan Radovanovic, Milan Badelj, Gianluca Scamacca, Eldor Shomurodov, Marko Pjaca, Joel Asoro, Yayah Kallon, Claudiu Micovschi, Vittorio Parigini, Mattia Destro, Raúl Asencio, Goran Pandev"
Bologna FC 1909,Serie A,2020-2021,12,"Lukasz Skorupski, Federico Ravaglia, Sébastian Breza, Marco Molla, Angelo da Costa, Aaron Hickey, Takehiro Tomiyasu, Ebenezer Annan, Valentin Antov, Mattia Bani, Stefano Denswil, Lorenzo De Silvestri, Arturo Calabresi, Mitchell Dijks, Adama Soumaoro, Nehuén Paz, Wisdom Amey, Omar Khailoti, Gary Medel, Ibrahima Mbaye, Alex Arnofoli, Danilo, Jerdy Schouten, Nicolás Domínguez, Mattias Svanberg, Kacper Urbański, Andri Fannar Baldursson, Roberto Soriano, Kingsley Michael, Dion Ruffo Luci, Andrea Poli, Paolo Faragò, Riccardo Orsolini, Andreas Skov Olsen, Musa Barrow, Antonio Raimondo, Musa Juwara, Emanuel Vignato, Simone Rabbi, Nicola Sansone, Edoardo Vergani, Mattia Pagliuca, Federico Santander, Rodrigo Palacio, Matias Rocchi"
ACF Fiorentina,Serie A,2020-2021,13,"Bartlomiej Dragowski, Pietro Terracciano, Federico Brancolini, Jacopo Ricco, Antonio Rosati, Nikola Milenković, Igor Julio, Lucas Martínez Quarta, Pol Lirola, Cristiano Biraghi, Germán Pezzella, Julián Illanes, Federico Ceccherini, Lorenzo Venuti, Christian Dalle Mura, Fabio Ponsi, Maximiliano Olivera, Antonio Barreca, Lorenzo Chiti, Martín Cáceres, Dimo Krastev, Eduard Duțu, Kévin Malcuit, Sofyan Amrabat, Erick Pulgar, Alessandro Bianco, Giacomo Bonaventura, Alfred Duncan, Gaetano Castrovilli, Valentin Eysseric, Borja Valero, Riccardo Saponara, Dušan Vlahović, Federico Chiesa, Patrick Cutrone, Louis Munteanu, Christian Kouamé, Aleksandr Kokorin, Tòfol Montiel, Franck Ribéry, José Callejón"
Udinese Calcio,Serie A,2020-2021,14,"Juan Musso, Simone Scuffet, Edoardo Piana, Manuel Gasparini, Nícolas, Matteo Carnelos, Nahuel Molina, Rodrigo Becão, Samir Caetano, Hidde ter Avest, William Troost-Ekong, Thomas Ouwejan, Jens Stryger Larsen, Kevin Bonifazi, Bram Nuytinck, Sebastian Prödl, Sebastien De Maio, Marvin Zeegelaar, Rodrigo De Paul, Rolando Mandragora, Walace, Jean-Victor Makengo, Roberto Pereyra, Petar Micin, Mamadou Coulibaly, Tolgay Arslan, Martin Palumbo, Thomas Battistella, Marco Ballarini, Alessandro Rigo, Mato Jajalo, Cristo, Ignacio Pussetto, Jayden Braaf, Kevin Lasagna, Gerard Deulofeu, Ilija Nestorovski, Fernando Forestieri, Ryder Matos, Stefano Okaka, Salah Basha, Fernando Llorente"
Spezia Calcio,Serie A,2020-2021,15,"Ivan Provedel, Jeroen Zoet, Titas Krapikas, Axel Desjardins, Rafael, Jeff Chabot, Nicolò Bertola, Ardian Ismajli, Martin Erlić, Riccardo Marchizza, Luca Vignali, Salva Ferrer, Juan Ramos, Elio Capradossi, Cristian Dell'Orco, Federico Mattiello, Claudio Terzi, Lucien Agoumé, Tommaso Pobega, Kevin Agudelo, Alessandro Deiola, Nahuel Estévez, Emmanuel Gyasi, Giulio Maggiore, Simone Bastoni, Léo Sena, Gennaro Acampora, Matteo Ricci, Giuseppe Mastinu, Paolo Bartolomei, Niccolò Pietra, Luca Mora, Jacopo Sala, Riccardo Saponara, Roberto Piccoli, M'Bala Nzola, Daniele Verde, Andrey Galabinov, Diego Farias"
Cagliari Calcio,Serie A,2020-2021,16,"Guglielmo Vicario, Alessio Cragno, Giuseppe Ciocci, Simone Aresti, Sebastian Walukiewicz, Gabriele Zappa, Andrea Carboni, Daniele Rugani, Charalampos Lykogiannis, Arturo Calabresi, Salvatore Boccia, Alessandro Tripaldelli, Marko Pajac, Simone Pinna, Francesco Cusumano, Fabio Pisacane, Diego Godín, Ragnar Klavan, Luca Ceppitelli, Matteo Tramoni, Nahitan Nández, Răzvan Marin, Alessandro Deiola, Christian Oliva, Alfred Duncan, Fabrizio Caligara, Marko Rog, Riccardo Ladinetti, Isaías Delpupo, Radja Nainggolan, Gastón Pereiro, Paolo Faragò, Kwadwo Asamoah, Kiril Despodov, Giovanni Simeone, Zito Luvumbo, Riccardo Sottil, Adam Ounas, João Pedro, Leonardo Pavoletti, Alberto Cerri, Gianluca Contini"
Torino FC,Serie A,2020-2021,17,"Vanja Milinković-Savić, Răzvan Sava, Salvatore Sirigu, Antonio Rosati, Samir Ujkani, Alessandro Buongiorno, Bremer, Wilfried Singo, Lyanco, Mërgim Vojvoda, Ibrahim Karamoko, Ricardo Rodríguez, Armando Izzo, Erick Ferigra, Christian Celesia, Nicola Murru, Nicolas N'Koulou, Cristian Ansaldi, Saša Lukić, Rolando Mandragora, Soualiho Meïté, Jacopo Segre, Karol Linetty, Krisztofer Horváth, Simone Verdi, Jean Freddi Greco, Amer Gojak, Altin Kryeziu, Daniele Baselli, Tomás Rincón, Álex Berenguer, Antonio Sanabria, Federico Bonazzoli, Andrea Belotti, Nicola Rauti, Vincenzo Millico, Samuele Vianni, Simone Edera, Iago Falque, Simone Zaza"
Benevento Calcio,Serie A,2020-2021,18,"Lorenzo Montipò, Igor Lucatelli, Nicolò Manfredini, Pier Graziano Gori, Daam Foulon, Fabio Depaoli, Federico Barba, Luca Caldirola, Christian Pastina, Gaetano Letizia, Alessandro Tuia, Kamil Glik, Christian Maggio, Luca Antei, Nicolas Viola, Bryan Dabo, Artur Ioniță, Dejan Vokic, Andrés Tello, Siriky Sanogo, Lorenzo Del Pinto, Abdallah Basit, Amadou Diambo, Pasquale Schiattarella, Davide Masella, Perparim Hetemaj, Adolfo Gaich, Giuseppe Di Serio, Gabriele Moncini, Gianluca Caprari, Roberto Insigne, Gianluca Lapadula, Riccardo Improta, Cy Goddard, Marco Sau, Iago Falque"
FC Crotone,Serie A,2020-2021,19,"Marco Festa, Francesco D'Alterio, Gian Marco Crespi, Alex Cordaz, Sebastiano Luperto, Lisandro Magallán, Pedro Pereira, Arkadiusz Reca, Giuseppe Cuomo, Koffi Djidji, Vladimir Golemic, Luca Marrone, Antonio Mazzotta, Andrea Rispoli, Sergio Yakubiv, Nicolás Spolli, Massimiliano Mignogna, Giovanni D'Aprile, Niccolò Zanellato, Jacopo Petriccione, Eduardo Henrique, Giovanni Crociata, Milos Vulic, Ahmad Benali, Salvatore Molina, Luis Rojas, Mattia Mustacchio, Tomislav Gomelt, Aristóteles Romero, Antonio Ranieri, Mattia Timmoneri, Luca Cigarini, Denis Drăguș, Adam Ounas, Junior Messias, Augustus Kargbo, Simy, Samuel Di Carmine, Giuseppe Borello, Luca Siligardi, Emmanuel Rivière"
Parma Calcio 1913,Serie A,2020-2021,20,"Filippo Rinaldi, Luigi Sepe, Simone Colombi, Fabrizio Alastra, Giuseppe Pezzella, Botond Balogh, Vasilios Zagaritis, Matteo Darmian, Mattia Bani, Daan Dierckx, Lautaro Valenti, Maxime Busi, Yordan Osorio, Abdoul Hate Bane, Riccardo Gagliolo, Kastriot Dermaku, Reinaldo Radu, Simone Iacoponi, Andrea Conti, Vincent Laurini, Bruno Alves, Simon Sohm, Hans Nicolussi Caviglia, Juan Brunetta, Drissa Camara, Alberto Grassi, Hernani, Márk Kosznovszky, Gastón Brugman, Giuseppe Carriero, Wylan Cyprien, Giacomo Ricci, Jasmin Kurtic, Jacopo Dezi, Lorenzo Simonetti, Matteo Scozzarella, Juraj Kucka, Joshua Zirkzee, Dennis Man, Andrea Adorante, Valentin Mihăilă, Yann Karamoh, Andreas Cornelius, Gabriele Artistico, Roberto Inglese, Redi Kasa, Luca Siligardi, Graziano Pellè, Gervinho, Mattia Sprocati"
AC Milan,Serie A,2021-2022,1,"Mike Maignan, Andreas Jungdal, Sebastiano Desplanches, Alessandro Plizzari, Lapo Nava, Ciprian Tătărușanu, Antonio Mirante, Theo Hernández, Pierre Kalulu, Fikayo Tomori, Matteo Gabbia, Alessio Romagnoli, Davide Calabria, Fodé Ballo-Touré, Luca Stanga, Andrea Conti, Simon Kjaer, Alessandro Florenzi, Sandro Tonali, Alexis Saelemaekers, Franck Kessié, Tommaso Pobega, Ismaël Bennacer, Daniel Maldini, Rade Krunic, Tiemoué Bakayoko, Enrico Di Gesù, Rafael Leão, Brahim Díaz, Pietro Pellegri, Junior Messias, Olivier Giroud, Marko Lazetić, Ante Rebić, Samu Castillejo, Emil Roback, Zlatan Ibrahimović"
Inter Milan,Serie A,2021-2022,2,"Ionuț Radu, William Rovida, Samir Handanovič, Alex Cordaz, Alessandro Bastoni, Federico Dimarco, Denzel Dumfries, Milan Škriniar, Mattia Zanotti, Robin Gosens, Stefan de Vrij, Matteo Darmian, Franco Carboni, Fabio Cortinovis, Aleksandar Kolarov, Andrea Ranocchia, Danilo D'Ambrosio, Nicolò Barella, Hakan Çalhanoğlu, Cesare Casadei, Lucien Agoumé, Marcelo Brozović, Matías Vecino, Roberto Gagliardini, Stefano Sensi, Arturo Vidal, Mattia Sangalli, Lautaro Martínez, Andrea Pinamonti, Martín Satriano, Joaquín Correa, Edin Džeko, Alexis Sánchez, Ivan Perišić, Dennis Curatolo, Felipe Caicedo"
SSC Napoli,Serie A,2021-2022,3,"Alex Meret, Valerio Boffelli, David Ospina, Hubert Idasiak, Davide Marfella, Amir Rrahmani, Giovanni Di Lorenzo, Axel Tuanzebe, Kalidou Koulibaly, Alessandro Zanoli, Juan Jesus, Mário Rui, Jonathan Spedalieri, Faouzi Ghoulam, Moussa Mané, Benedetto Barba, Konstantinos Manolas, Davide Costanzo, Kévin Malcuit, Fabián Ruiz, Frank Anguissa, Stanislav Lobotka, Eljif Elmas, Piotr Zieliński, Gianluca Gaetano, Antonio Vergara, Luca Palmiero, Diego Demme, Victor Osimhen, Hirving Lozano, Matteo Politano, Giuseppe Ambrosino, Adam Ounas, Lorenzo Insigne, Andrea Petagna, Antonio Cioffi, Dries Mertens"
SS Lazio,Serie A,2021-2022,5,"Thomas Strakosha, Marius Adamonis, Alessio Furlanetto, Giacomo Moretti, Pepe Reina, Denis Vavro, Luiz Felipe, Adam Marusic, Romano Floriani Mussolini, Manuel Lazzari, Francesco Acerbi, Patric, Elseid Hysaj, Dimitrije Kamenovic, Ștefan Radu, Sergej Milinković-Savić, Luis Alberto, Danilo Cataldi, Toma Bašić, Patryk Dziczek, Gonzalo Escalante, Jean-Daniel Akpa Akpro, Marco Bertini, André Anderson, Lucas Leiva, Mattia Zaccagni, Raúl Moro, Vedat Muriqi, Luka Romero, Felipe Anderson, Ciro Immobile, Pedro, Jovane Cabral, Felipe Caicedo, Jony"
AS Roma,Serie A,2021-2022,6,"Daniel Fuzato, Pietro Boer, Davide Mastrantonio, Rui Patrício, Riccardo Calafiori, Roger Ibañez, Gianluca Mancini, Ainsley Maitland-Niles, Marash Kumbulla, Matías Viña, Bryan Reynolds, Leonardo Spinazzola, Rick Karsdorp, Filippo Missori, Chris Smalling, Dimitrios Keramitsis, Maissa Ndiaye, Jan Oliveras, Davide Santon, Nicola Zalewski, Nicolò Zaniolo, Cristian Volpato, Lorenzo Pellegrini, Bryan Cristante, Jordan Veretout, Henrikh Mkhitaryan, Gonzalo Villar, Sérgio Oliveira, Ebrima Darboe, Amadou Diawara, Filippo Tripi, Edoardo Bove, Tammy Abraham, Borja Mayoral, Eldor Shomurodov, Stephan El Shaarawy, Carles Pérez, Felix Afena-Gyan, Joel Voelkerling Persson"
ACF Fiorentina,Serie A,2021-2022,7,"Bartlomiej Dragowski, Pietro Terracciano, Michele Cerofolini, Antonio Rosati, Nikola Milenković, Igor Julio, Luca Ranieri, Lucas Martínez Quarta, Aleksa Terzic, Cristiano Biraghi, Germán Pezzella, Álvaro Odriozola, Matija Nastasić, Lorenzo Venuti, Filippo Frison, Lucas Torreira, Sofyan Amrabat, Erick Pulgar, Alessandro Bianco, Giacomo Bonaventura, Youssef Maleh, Alfred Duncan, Gaetano Castrovilli, Vittorio Agostinelli, Riccardo Saponara, Marco Benassi, Dušan Vlahović, Nico González, Arthur Cabral, Krzysztof Piatek, Jonathan Ikoné, Louis Munteanu, Riccardo Sottil, Filippo Distefano, Aleksandr Kokorin, Eljon Toci, Destiny Egharevba, José Callejón"
Atalanta BC,Serie A,2021-2022,8,"Juan Musso, Marco Sportiello, Matevz Dajcar, Jacopo Sassi, Francesco Rossi, Tommaso Bertini, Giorgio Scalvini, Merih Demiral, Joakim Maehle, Robin Gosens, Enrico Delprato, Berat Djimsiti, Matteo Lovato, Bosko Sutalo, Giuseppe Pezzella, Hans Hateboer, Rafael Tolói, Giorgio Cittadini, José Luis Palomino, Guillaume Renault, Teun Koopmeiners, Aleksey Miranchuk, Mario Pašalić, Matteo Pessina, Remo Freuler, Marten de Roon, Davide Zappacosta, Ruslan Malinovskyi, Samuel Giovane, Federico Zuccon, Andrea Oliveri, Simone Panada, Alassane Sidibe, Josip Ilicic, Jacopo Da Riva, Roberto Piccoli, Jérémie Boga, Sam Lammers, Duván Zapata, Valentin Mihăilă, Luis Muriel, Moustapha Cissé, Tommaso De Nipoti, Bryan Cabezas"
Hellas Verona,Serie A,2021-2022,9,"Ivor Pandur, Lorenzo Montipò, Elia Boseggia, Kaur Kivila, Giacomo Toniolo, Mattia Chiesa, Nicola Borghetto, Alessandro Berardi, Diego Coppola, Panagiotis Retsos, Nicolò Casale, Filippo Terracciano, Bruno Amione, Bosko Sutalo, Pawel Dawidowicz, Giangiacomo Magnani, Gianluca Frabotta, Fabio Depaoli, Koray Günter, Davide Faraoni, Kevin Rüegg, Federico Ceccherini, Mert Çetin, Ivan Ilić, Adrien Tamèze, Martin Hongla, Daniel Bessa, Antonín Barák, Christian Pierobon, Darko Lazović, Mateusz Praszelik, Mattia Turra, Miguel Veloso, Mattia Zaccagni, Matteo Cancellieri, Giovanni Simeone, Gianluca Caprari, Kevin Lasagna, David Flakus Bosilj, Samuel Di Carmine, Mattia Florio, Antonino Ragusa, Nikola Kalinić"
Torino FC,Serie A,2021-2022,10,"Vanja Milinković-Savić, Luca Gemello, Etrit Berisha, Alberto Milan, Alessandro Buongiorno, Bremer, Wilfried Singo, Ola Aina, David Zima, Mërgim Vojvoda, Ricardo Rodríguez, Armando Izzo, Mohamed Fares, Koffi Djidji, Andrei Anton, Cristian Ansaldi, Samuele Ricci, Saša Lukić, Rolando Mandragora, Tommaso Pobega, Samuele Angori, Dennis Praet, Jacopo Segre, Karol Linetty, Simone Verdi, Ben Lhassine Kone, Matthew Garbett, Daniele Baselli, Tomás Rincón, Dennis Stojkovic, Marko Pjaca, Josip Brekalo, Antonio Sanabria, Pietro Pellegri, Andrea Belotti, Demba Seck, Nicola Rauti, Magnus Warming, Lado Akhalaia, Simone Edera, Simone Zaza"
US Sassuolo,Serie A,2021-2022,11,"Gioele Zacchi, Samuele Vitale, Giacomo Satalino, Andrea Consigli, Gianluca Pegolo, Mert Müldür, Edoardo Goldaniga, Jeremy Toljan, Edoardo Pieragnolo, Rogério, Ruan, Georgios Kyriakopoulos, Filippo Romagna, Yeferson Paz, Federico Peluso, Gian Marco Ferrari, Davide Frattesi, Maxime Lopez, Matheus Henrique, Kaan Ayhan, Abdou Harroui, Justin Kumi, Filip Djuricic, Pedro Obiang, Christian Aucelli, Vlad Chiricheș, Salim Abubakar, Francesco Magnanelli, Gianluca Scamacca, Giacomo Raspadori, Hamed Traoré, Jérémie Boga, Domenico Berardi, Lukas Haraslin, Luca Moro, Emil Konradsen Ceide, Riccardo Ciervo, Grégoire Defrel, Nicolás Schiappacasse, Luigi Samele, Brian Oddei, Francesco Caputo, Asan Mata"
Udinese Calcio,Serie A,2021-2022,12,"Simone Scuffet, Marco Silvestri, Edoardo Piana, Manuel Gasparini, Daniele Padelli, Matteo Carnelos, Antonio Santurro, Destiny Udogie, Nahuel Molina, Nehuén Pérez, Rodrigo Becão, Pablo Marí, Samir Caetano, Filip Benkovic, Jens Stryger Larsen, Bram Nuytinck, Lorenzo Codutti, Niccolò Cocetta, Sebastien De Maio, Raed Jaziri, Marvin Zeegelaar, Lazar Samardžić, Simone Pafundi, Walace, Jean-Victor Makengo, Brandon Soppy, Roberto Pereyra, Martin Palumbo, Tolgay Arslan, Mattia Damiani, Marco Ballarini, Riccardo Pinzi, Riccardo Castagnaviz, Jacopo Fedrizzi, Mato Jajalo, Beto, Cristo, Ignacio Pussetto, Isaac Success, Gerard Deulofeu, Fernando Forestieri, Simone Ianesi, Ilija Nestorovski, Stefano Okaka"
Bologna FC 1909,Serie A,2021-2022,13,"Lukasz Skorupski, Francesco Bardi, Nicola Bagnolini, Marco Molla, Davide Franzini, Arthur Theate, Aaron Hickey, Takehiro Tomiyasu, Denso Kasius, Luis Binks, Ebenezer Annan, Lorenzo De Silvestri, Gabriele Corbo, Mitchell Dijks, Adama Soumaoro, Kevin Bonifazi, Wisdom Amey, Omar Khailoti, Riccardo Stivanello, Gary Medel, Ibrahima Mbaye, Jerdy Schouten, Nicolás Domínguez, Mattias Svanberg, Michel Aebischer, Kacper Urbański, Niklas Pyyhtiä, Andri Fannar Baldursson, Nicolas Viola, Roberto Soriano, Luis Rojas, Kingsley Michael, Riccardo Orsolini, Andreas Skov Olsen, Musa Barrow, Antonio Raimondo, Marko Arnautovic, Sydney van Hooijdonk, Musa Juwara, Emanuel Vignato, Gianmarco Cangiano, Nicola Sansone, Diego Falcinelli, Mattia Pagliuca, Federico Santander"
FC Empoli,Serie A,2021-2022,14,"Guglielmo Vicario, Alberto Brignoli, Jacopo Furlan, Valerio Biagini, Klemen Hvalic, Samir Ujkani, Simone Canestrelli, Ardian Ismajli, Fabiano Parisi, Sebastiano Luperto, Mattia Viti, Liberato Cacace, Riccardo Marchizza, Petar Stojanović, Simone Romagnoli, Alessio Rizza, Riccardo Fiamozzi, Leonardo Pezzola, Lorenzo Tonelli, Samuele Ricci, Kristjan Asllani, Tommaso Baldanzi, Jacopo Fazzini, Nedim Bajrami, Duccio Degli Innocenti, Liam Henderson, Filippo Bandinelli, Nicolas Haas, Szymon Żurkowski, Giovanni Crociata, Leo Stulac, Samuele Damiani, Valerio Verre, Marco Benassi, Andrea Pinamonti, Patrick Cutrone, Federico Di Francesco, Emmanuel Ekong, Leonardo Mancuso, Andrea La Mantia"
UC Sampdoria,Serie A,2021-2022,15,"Wladimiro Falcone, Emil Audero, Ivan Saio, Nicola Ravaglia, Radu Drăgușin, Jeff Chabot, Giovanni Bonfanti, Omar Colley, Giangiacomo Magnani, Tommaso Augello, Fabio Depaoli, Jeison Murillo, Bartosz Bereszyński, Alex Ferrari, Maya Yoshida, Francesco Migliardi, Nicola Murru, Luigi Aquino, Lorenzo Tonelli, Andrea Conti, Mikkel Damsgaard, Morten Thorsby, Mohamed Ihattaren, Kristoffer Askildsen, Simone Trimboli, Abdelhamid Sabiri, Stefano Sensi, Gerard Yepes, Ronaldo Vieira, Valerio Verre, Marco Somma, Tomás Rincón, Adrien Silva, Jakub Jankto, Albin Ekdal, Riccardo Ciervo, Gianluca Caprari, Manolo Gabbiadini, Vladyslav Supryaga, Daniele Montevago, Ernesto Torregrossa, Lorenzo Di Stefano, Francesco Caputo, Sebastian Giovinco, Fabio Quagliarella, Antonio Candreva"
Spezia Calcio,Serie A,2021-2022,16,"Ivan Provedel, Jeroen Zoet, Petar Zovko, Jakub Kiwior, Nicolò Bertola, Martin Erlić, Petko Hristov, Kelvin Amian, Dimitrios Nikolaou, Arkadiusz Reca, Luca Vignali, Salva Ferrer, Kevin Agudelo, Aimar Sher, Emmanuel Gyasi, Giulio Maggiore, Viktor Kovalenko, Simone Bastoni, Léo Sena, Mehdi Bourabia, Aurélien Nguiamba, Niccolò Pietra, Jacopo Sala, David Strelec, M'Bala Nzola, Rey Manaj, Janis Antiste, Ebrima Colley, Samuel Mráz, Eddie Salcedo, Suf Podgoreanu, Daniele Verde, Diego Zuppel, Dennis Deloriè"
US Salernitana 1919,Serie A,2021-2022,17,"Vid Belec, Luigi Sepe, Vincenzo Fiorillo, Guido Guerrieri, Jacopo De Matteis, Antonio Russo, Radu Drăgușin, Matteo Ruggeri, Nadir Zortea, Luca Ranieri, Pasquale Mazzocchi, Filippo Delli Carri, Norbert Gyömbér, Wajdi Kechrida, Luka Bogdan, Paweł Jaroszyński, Frédéric Veseli, Riccardo Gagliolo, Ramzi Aya, Mario Perrone, Tommaso De Lorenzo, Stefan Strandberg, Federico Fazio, Éderson, Lassana Coulibaly, Grigoris Kastanos, Emil Bohinen, Mamadou Coulibaly, Simone Verdi, Francesco Di Tacchio, Leonardo Capezzi, Antonio Pio Iervolino, Andrea Schiavone, Sedrick Kalombo, Alessandro Russo, Ivan Radovanovic, Joel Obi, Federico Bonazzoli, Milan Djuric, Mikael, Cedric Gondo, Simy, Edoardo Vergani, Angelo Guida, Lys Mousset, Carmine Iannone, Julian Kristoffersen, Lorenzo Cannavale, Franck Ribéry, Diego Perotti"
Cagliari Calcio,Serie A,2021-2022,18,"Boris Radunović, Alessio Cragno, Andrea D'Aniello, Eugenio Fusco, Eldin Lolic, Simone Aresti, Sebastian Walukiewicz, Gabriele Zappa, Adam Obert, Matteo Lovato, Edoardo Goldaniga, Andrea Carboni, Charalampos Lykogiannis, Giorgio Altare, Dalbert, Iurie Iovu, Luigi Palomba, Martín Cáceres, Diego Godín, Luca Ceppitelli, Raoul Bellanova, Nahitan Nández, Răzvan Marin, Alberto Grassi, Alessandro Deiola, Christian Oliva, Marko Rog, Nicolò Cavuoti, Riccardo Ladinetti, Isaías Delpupo, Christos Kourfalidis, Daniele Baselli, Gastón Pereiro, Paolo Faragò, Kevin Strootman, Giovanni Simeone, Zito Luvumbo, João Pedro, Keita Baldé, Lisandru Tramoni, Leonardo Pavoletti, Alberto Cerri, Jacopo Desogus, Damir Céter, Luca Gagliano, Diego Farias"
Genoa CFC,Serie A,2021-2022,19,"Adrian Semper, Lorenzo Andrenacci, Salvatore Sirigu, Rok Vodisek, Federico Marchetti, Riccardo Calafiori, Johan Vásquez, Leo Østigård, Mattia Bani, Stefano Sabelli, Silvan Hefti, Mohamed Fares, Paolo Ghiglione, Davide Biraschi, Laurens Serpe, Andrea Masiello, Domenico Criscito, Zinho Vanheusden, Nikola Maksimović, Andrea Cambiaso, Nicolò Rovella, Morten Frendrup, Nadiem Amiri, Kevin Agudelo, Abdoulaye Touré, Hernani, Pablo Galdames, Francesco Cassata, Filippo Melegoni, Manolo Portanova, Lennart Czyborra, Valon Behrami, Steeve-Mike Eyango, Stefano Sturaro, Milan Badelj, Roberto Piccoli, Albert Gudmundsson, Kelvin Yeboah, Caleb Ekuban, Eddie Salcedo, Yayah Kallon, Flavio Bianchi, Mattia Destro, Andrea Favilli, Aleksander Buksa, Felipe Caicedo, Goran Pandev"
Venezia FC,Serie A,2021-2022,20,"Luca Lezzerini, Sergio Romero, Filippo Neri, Riccardo Pigozzo, Roman Lazar, Niki Mäenpää, Bruno Bertinato, Michael Svoboda, Pasquale Mazzocchi, David Schnegg, Pietro Ceccaroni, Ales Mateju, Maximilian Ullmann, Tyronne Ebuehi, Ridgeciano Haps, Jakob Pálsson, Morré Makadji, Cristian Molinaro, Marco Modolo, Mattia Caldara, Ethan Ampadu, Tanner Tessmann, Gianluca Busio, Daan Heymans, Michaël Cuisance, Dor Peretz, Nicolas Galazzi, Mattia Aramu, Bjarki Bjarkason, Luca Fiordilino, Domen Crnigoj, Lauri Ala-Myllymäki, Jacopo Dezi, Sofian Kiyine, Patrick Leal, Filippo Mozzo, Damiano Pecile, Antonio Junior Vacca, Dennis Johnsen, Arnór Sigurdsson, David Okereke, Thomas Henry, Issa Bah, Jean-Pierre Nsame, Francesco Di Mariano, Hilmir Rafn Mikaelsson, Óttar Magnús Karlsson, Francesco Forte, Jack de Vries, Nani"
SSC Napoli,Serie A,2022-2023,1,"Alex Meret, Pierluigi Gollini, Valerio Boffelli, Salvatore Sirigu, Hubert Idasiak, Davide Marfella, Min-jae Kim, Mathías Olivera, Amir Rrahmani, Giovanni Di Lorenzo, Leo Østigård, Alessandro Zanoli, Juan Jesus, Bartosz Bereszyński, Mário Rui, Frank Anguissa, Stanislav Lobotka, Eljif Elmas, Piotr Zieliński, Gianluca Gaetano, Tanguy Ndombélé, Alessio Zerbin, Diego Demme, Karim Zedadka, Khvicha Kvaratskhelia, Victor Osimhen, Giacomo Raspadori, Hirving Lozano, Matteo Politano, Giovanni Simeone, Adam Ounas"
SS Lazio,Serie A,2022-2023,2,"Luís Maximiano, Ivan Provedel, Marius Adamonis, Federico Magro, Mario Gila, Alessio Romagnoli, Nicolò Casale, Luca Pellegrini, Adam Marusic, Romano Floriani Mussolini, Manuel Lazzari, Fabio Andrea Ruggeri, Patric, Elseid Hysaj, Mohamed Fares, Dimitrije Kamenovic, Ștefan Radu, Sergej Milinković-Savić, Marcos Antônio, Luis Alberto, Danilo Cataldi, Toma Bašić, Matías Vecino, Marco Bertini, Djavan Anderson, Mattia Zaccagni, Raúl Moro, Matteo Cancellieri, Luka Romero, Diego González, Felipe Anderson, Ciro Immobile, Pedro"
Inter Milan,Serie A,2022-2023,3,"André Onana, Gabriel Brazão, Nikolaos Botis, Samir Handanovič, Alex Cordaz, Alessandro Bastoni, Federico Dimarco, Denzel Dumfries, Mattia Zanotti, Milan Škriniar, Robin Gosens, Stefan de Vrij, Francesco Acerbi, Matteo Darmian, Alessandro Fontanarosa, Dalbert, Danilo D'Ambrosio, Nicolò Barella, Raoul Bellanova, Hakan Çalhanoğlu, Aleksandar Stanković, Kristjan Asllani, Lucien Agoumé, Valentín Carboni, Marcelo Brozović, Ebenezer Akinsanmiro, Henrikh Mkhitaryan, Roberto Gagliardini, Issiaka Kamate, Lautaro Martínez, Romelu Lukaku, Joaquín Correa, Edin Džeko, Eddie Salcedo, Dennis Curatolo"
AC Milan,Serie A,2022-2023,5,"Mike Maignan, Andreas Jungdal, Devis Vásquez, Lapo Nava, Ciprian Tătărușanu, Antonio Mirante, Malick Thiaw, Theo Hernández, Pierre Kalulu, Fikayo Tomori, Matteo Gabbia, Sergiño Dest, Davide Calabria, Andrea Bozzolan, Fodé Ballo-Touré, Andrei Coubiș, Simon Kjaer, Alessandro Florenzi, Sandro Tonali, Charles De Ketelaere, Alexis Saelemaekers, Ismaël Bennacer, Yacine Adli, Tommaso Pobega, Aster Vranckx, Rade Krunic, Tiemoué Bakayoko, Antonio Gala, Rafael Leão, Brahim Díaz, Junior Messias, Olivier Giroud, Marko Lazetić, Ante Rebić, Divock Origi, Zlatan Ibrahimović"
Atalanta BC,Serie A,2022-2023,6,"Juan Musso, Marco Sportiello, Francesco Rossi, Tommaso Bertini, Marco Palestra, Giorgio Scalvini, Matteo Ruggeri, Merih Demiral, Caleb Okoli, Joakim Maehle, Nadir Zortea, Berat Djimsiti, Hans Hateboer, Rafael Tolói, José Luis Palomino, Tommaso Del Lungo, Iacopo Regonesi, Éderson, Teun Koopmeiners, Mario Pašalić, Lorenzo Bernasconi, Marten de Roon, Davide Zappacosta, Ruslan Malinovskyi, Brandon Soppy, Leonardo Mendicino, Endri Muhameti, Matteo Colombo, Mannah Chiwisa, Simone Muratore, Rasmus Højlund, Ademola Lookman, Jérémie Boga, Duván Zapata, Luis Muriel, Lukas Vorlicky, Tommaso De Nipoti, Alessandro Falleni"
AS Roma,Serie A,2022-2023,7,"Mile Svilar, Pietro Boer, Jacopo Del Bello, Gabriele Baldi, Rui Patrício, Roger Ibañez, Gianluca Mancini, Zeki Çelik, Marash Kumbulla, Matías Viña, Leonardo Spinazzola, Diego Llorente, Rick Karsdorp, Filippo Missori, Chris Smalling, Dimitrios Keramitsis, William Bianda, Matteo Falasca, Corentin Louakima, Jan Oliveras, Brian Silva, Nicola Zalewski, Nicolò Zaniolo, Niccolò Pisilli, Cristian Volpato, Lorenzo Pellegrini, Bryan Cristante, Mady Camara, Benjamin Tahirović, Riccardo Pagano, Georginio Wijnaldum, Nemanja Matić, Giacomo Faticanti, Claudio Cassano, Ebrima Darboe, Ante Coric, Filippo Tripi, Edoardo Bove, Tammy Abraham, Eldor Shomurodov, Paulo Dybala, Stephan El Shaarawy, Luigi Cherubini, Felix Afena-Gyan, Ola Solbakken, Andrea Belotti, Jordan Majchrzak"
ACF Fiorentina,Serie A,2022-2023,8,"Tommaso Martinelli, Pietro Terracciano, Pierluigi Gollini, Tommaso Vannucchi, Michele Cerofolini, Salvatore Sirigu, Nikola Milenković, Michael Kayode, Dodô, Igor Julio, Luca Ranieri, Lucas Martínez Quarta, Aleksa Terzic, Costantino Favasuli, Cristiano Biraghi, Matija Nastasić, Lorenzo Venuti, Dimo Krastev, Sofyan Amrabat, Rolando Mandragora, Lorenzo Amatucci, Alessandro Bianco, Giacomo Bonaventura, Youssef Maleh, Alfred Duncan, Antonín Barák, Gaetano Castrovilli, Szymon Żurkowski, Marco Benassi, Riccardo Saponara, Nico González, Arthur Cabral, Luka Jović, Jonathan Ikoné, Riccardo Sottil, Josip Brekalo, Christian Kouamé, Filippo Distefano"
Bologna FC 1909,Serie A,2022-2023,9,"Lukasz Skorupski, Federico Ravaglia, Francesco Bardi, Nicola Bagnolini, Francesco Raffaelli, Jhon Lucumí, Denso Kasius, Stefan Posch, Georgios Kyriakopoulos, Charalampos Lykogiannis, Lorenzo De Silvestri, Joaquín Sosa, Adama Soumaoro, Matteo Angeli, Kevin Bonifazi, Wisdom Amey, Mattia Motolese, Riccardo Stivanello, Gary Medel, Ibrahima Mbaye, Andrea Cambiaso, Jerdy Schouten, Lewis Ferguson, Nicolás Domínguez, Nikola Moro, Michel Aebischer, Kacper Urbański, Niklas Pyyhtiä, Roberto Soriano, Kingsley Michael, Riccardo Orsolini, Joshua Zirkzee, Musa Barrow, Antonio Raimondo, Marko Arnautovic, Emanuel Vignato, Nicola Sansone, Orji Okwonkwo"
Torino FC,Serie A,2022-2023,10,"Vanja Milinković-Savić, Luca Gemello, Etrit Berisha, Matteo Fiorenza, Alessandro Buongiorno, Wilfried Singo, Ola Aina, David Zima, Valentino Lazaro, Ange N'Guessan, Mërgim Vojvoda, Ricardo Rodríguez, Perr Schuurs, Andreaw Gravillon, Ali Dembélé, Koffi Djidji, Sebas Wade, Samuele Ricci, Saša Lukić, Ivan Ilić, Nikola Vlašić, Aleksey Miranchuk, Michel Adopo, Gvidas Gineitis, Jacopo Segre, Emirhan İlkhan, Karol Linetty, Aaron Ciammaglichella, Ronaldo Vieira, Matthew Garbett, Brian Bayeye, Antonio Sanabria, Nemanja Radonjic, Pietro Pellegri, Yann Karamoh, Demba Seck, Simone Edera, Luigi Caccavo"
AC Monza,Serie A,2022-2023,11,"Michele Di Gregorio, Alessio Cragno, Alessandro Sorrentino, Eugenio Lamanna, Carlos Augusto, Marlon, Andrea Carboni, Pablo Marí, Samuele Birindelli, Valentin Antov, Armando Izzo, Franco Carboni, Luca Caldirola, Gabriele Ferrarini, Giulio Donati, Sheriff Kassama, Luca Marrone, Gabriel Paletta, Andrea Ranocchia, Nicolò Rovella, Warren Bondo, Andrea Colpani, Matteo Pessina, Filippo Ranocchia, Samuele Vignato, Stefano Sensi, Patrick Ciurria, Mattia Valoti, Leonardo Colombo, Salvatore Molina, Antonis Siatounis, Pepín Machín, Andrea Barberis, Dany Mota, Gianluca Caprari, Andrea Ferraris, Mirko Marić, Andrea Petagna, Christian Gytkjaer, Marco D'Alessandro, Leo dos Reis"
Udinese Calcio,Serie A,2022-2023,12,"Marco Silvestri, Edoardo Piana, Daniele Padelli, Destiny Udogie, Jaka Bijol, Nehuén Pérez, Festy Ebosele, Rodrigo Becão, Kingsley Ehizibue, Filip Benkovic, James Abankwah, Leonardo Buta, Enzo Ebosse, Adam Masina, Axel Guessand, Bram Nuytinck, Niccolò Cocetta, Marvin Zeegelaar, Lazar Samardžić, Sandi Lovrić, Simone Pafundi, Walace, Jean-Victor Makengo, Brandon Soppy, Roberto Pereyra, Martin Palumbo, Tolgay Arslan, Matteo Bassi, Alberto Centis, Mato Jajalo, Riccardo Castagnaviz, Beto, Florian Thauvin, Vivaldo Semedo, Isaac Success, Gerard Deulofeu, Ilija Nestorovski, Diego Russo"
US Sassuolo,Serie A,2022-2023,13,"Gioele Zacchi, Alessandro Russo, Andrea Consigli, Gianluca Pegolo, Nadir Zortea, Mert Müldür, Martin Erlić, Jeremy Toljan, Georgios Kyriakopoulos, Edoardo Pieragnolo, Rogério, Ruan, Riccardo Marchizza, Filippo Romagna, Adrian Cannavaro, Gian Marco Ferrari, Davide Frattesi, Kristian Thorstvedt, Maxime Lopez, Matheus Henrique, Kaan Ayhan, Nedim Bajrami, Abdou Harroui, Kevin Bruno, Pedro Obiang, Giacomo Raspadori, Hamed Traoré, Andrea Pinamonti, Armand Laurienté, Domenico Berardi, Agustín Álvarez, Emil Konradsen Ceide, Janis Antiste, Luca D'Andrea, Grégoire Defrel"
FC Empoli,Serie A,2022-2023,14,"Guglielmo Vicario, Jacopo Seghetti, Samuele Perisan, Jacopo Furlan, Lovro Stubljar, Gian Marco Fantoni, Samir Ujkani, Koni De Winter, Ardian Ismajli, Sebastian Walukiewicz, Fabiano Parisi, Sebastiano Luperto, Liberato Cacace, Gabriele Guarino, Tyronne Ebuehi, Petar Stojanović, Gabriele Indragoli, Lorenzo Tonelli, Tommaso Baldanzi, Jacopo Fazzini, Samuele Angori, Răzvan Marin, Nedim Bajrami, Lorenzo Ignacchiti, Alberto Grassi, Duccio Degli Innocenti, Liam Henderson, Filippo Bandinelli, Nicolas Haas, Jean-Daniel Akpa Akpro, Giovanni Crociata, Leo Stulac, Alessandro Renzi, Nicolò Cambiaghi, Roberto Piccoli, Martín Satriano, Sam Lammers, Marko Pjaca, Davide Merola, Emmanuel Ekong, Emanuel Vignato, Mattia Destro, Herculano Nabian, Francesco Caputo"
US Salernitana 1919,Serie A,2022-2023,15,"Guillermo Ochoa, Luigi Sepe, Alessandro Micai, Andrea Sorrentino, Vincenzo Fiorillo, Jacopo De Matteis, Pasquale Allocca, Lorenzo Pirola, Matteo Lovato, Flavius Daniliuc, Domagoj Bradarić, Pasquale Mazzocchi, William Troost-Ekong, Dylan Bronn, Norbert Gyömbér, Junior Sambia, Valerio Mantovani, Wajdi Kechrida, Frédéric Veseli, Paweł Jaroszyński, Sanasi Sy, Andrei Motoc, Federico Fazio, Hans Nicolussi Caviglia, Lassana Coulibaly, Grigoris Kastanos, Emil Bohinen, Giulio Maggiore, Tonny Vilhena, Domen Crnigoj, Leonardo Capezzi, Reda Boultam, Michele Cavion, Antonio Pio Iervolino, Ivan Radovanovic, Boulaye Dia, Krzysztof Piatek, Erik Botheim, Federico Bonazzoli, Diego Valencia, Andres Sfait, Edoardo Vergani, Franck Ribéry, Julian Kristoffersen, Antonio Candreva"
US Lecce,Serie A,2022-2023,16,"Wladimiro Falcone, Marco Bleve, Federico Brancolini, Jasper Samooja, Marin Pongracic, Valentin Gendrey, Federico Baschirotto, Antonino Gallo, Giuseppe Pezzella, Pietro Ceccaroni, Gianluca Frabotta, Tommaso Cassandro, Arturo Calabresi, Mats Lemmens, Mert Çetin, Simone Romagnoli, Alessandro Tuia, Mattia Ciucci, Kastriot Dermaku, Samuel Umtiti, Morten Hjulmand, Medon Berisha, Thórir Jóhann Helgason, Kristijan Bistrovic, Kristoffer Askildsen, Pablo Rodríguez, Rémi Oudin, Youssef Maleh, Alexis Blin, Daniel Samek, Marcin Listkowski, Joan González, Gabriel Strefezza, Lorenzo Colombo, Lameck Banda, Assan Ceesay, Federico Di Francesco, Francesco Di Mariano, Joel Voelkerling Persson"
Hellas Verona,Serie A,2022-2023,17,"Lorenzo Montipò, Simone Perilli, Giacomo Toniolo, Mattia Chiesa, Manuel Ravasio, Alessandro Berardi, Isak Hien, Diego Coppola, Juan Cabal, Panagiotis Retsos, Josh Doig, Filippo Terracciano, Bruno Amione, Pawel Dawidowicz, Giangiacomo Magnani, Deyovaisio Zeefuik, Fabio Depaoli, Koray Günter, Davide Faraoni, Federico Ceccherini, Ivan Ilić, Alphadjo Cissè, Ibrahim Sulemana, Ondrej Duda, Adrien Tamèze, Martin Hongla, Antonín Barák, Darko Lazović, Ajdin Hrustic, Mateusz Praszelik, Simone Verdi, Oliver Abildgaard, Alessandro Cortinovis, Joselito, Miguel Veloso, Roberto Piccoli, Cyril Ngonge, Davide Bragantini, Thomas Henry, Milan Djuric, Adolfo Gaich, Jayden Braaf, Kevin Lasagna, Yayah Kallon, Denis Cazzadori, Federico Caia"
Spezia Calcio,Serie A,2022-2023,18,"Bartlomiej Dragowski, Jeroen Zoet, Petar Zovko, Leonardo Dido, Federico Marchetti, Jakub Kiwior, Emil Holm, Nicolò Bertola, Petko Hristov, Kelvin Amian, Przemysław Wiśniewski, João Moutinho, Dimitrios Nikolaou, Arkadiusz Reca, Luca Vignali, Salva Ferrer, Elio Capradossi, Simone Giorgeschi, Mattia Caldara, Ethan Ampadu, Daniel Maldini, Salvatore Esposito, Kevin Agudelo, Emil Kornvig, Mikael Egill Ellertsson, Aimar Sher, Emmanuel Gyasi, Viktor Kovalenko, Simone Bastoni, Pietro Candelari, Julius Beck, Szymon Żurkowski, Aurélien Nguiamba, Mehdi Bourabia, Leonardo Pedicillo, Leonardo Gabelli, Jacopo Sala, Albin Ekdal, David Strelec, M'Bala Nzola, Eldor Shomurodov, Samuel Mráz, Raimonds Krollis, Suf Podgoreanu, Tio Cipot, Daniele Verde, Leandro Sanca, Ognjen Stijepovic"
US Cremonese,Serie A,2022-2023,19,"Marco Carnesecchi, Ionuț Radu, Gianluca Saro, Mouhamadou Sarr, Dorian Ciezkowski, Johan Vásquez, Emanuele Valeri, Jack Hendry, Luka Lochoshvili, Luca Ravanelli, Emanuel Aiwu, Giacomo Quagliata, Leonardo Sernicola, Matteo Bianchetti, Paolo Ghiglione, Alex Ferrari, Maissa Ndiaye, Paolo Gardoni, Santiago Ascacíbar, Charles Pickel, Soualiho Meïté, Pablo Galdames, Gonzalo Escalante, Tommaso Milanese, Joshua Tenkorang, Michele Castagnetti, Vlad Chiricheș, Paolo Bartolomei, Luca Borghesan, Christian Acella, Marco Benassi, Cyriel Dessers, Felix Afena-Gyan, David Okereke, Luca Zanimacchia, Dennis Politic, Jaime Báez, Frank Tsadjout, Cristian Buonaiuto, Samuel Di Carmine, Alberto Basso Ricci, Daniel Ciofani"
UC Sampdoria,Serie A,2022-2023,20,"Emil Audero, Nikita Contini, Martin Turk, Elia Tantalocchi, Nicola Ravaglia, Federico Zorzi, Alessandro Zanoli, Bruno Amione, Omar Colley, Tommaso Augello, Fabio Depaoli, Koray Günter, Jeison Murillo, Maxime Leverbe, Bartosz Bereszyński, Alex Ferrari, Bram Nuytinck, Lorenzo Villa, Arttu Lötjönen, Nicola Murru, Marios Ikonomou, Andrea Conti, Harry Winks, Telasco Segovia, Michaël Cuisance, Gonzalo Villar, Simone Trimboli, Abdelhamid Sabiri, Emirhan İlkhan, Filip Djuricic, Gerard Yepes, Flavio Paoletti, Ronaldo Vieira, Valerio Verre, Tomás Rincón, Lorenzo Malagrida, Mihailo Ivanovic, Sam Lammers, Mehdi Léris, Ignacio Pussetto, Manuel De Luca, Manolo Gabbiadini, Samuel Ntanda, Daniele Montevago, Jesé, Antonio Candreva, Francesco Caputo, Fabio Quagliarella"
Inter Milan,Serie A,2023-2024,1,"Emil Audero, Yann Sommer, Alessandro Calligaris, Raffaele Di Gennaro, Alessandro Bastoni, Federico Dimarco, Yann Bisseck, Carlos Augusto, Denzel Dumfries, Benjamin Pavard, Stefan de Vrij, Francesco Acerbi, Matteo Darmian, Giacomo Stabile, Tommaso Guercio, Matteo Motta, Nicolò Barella, Davide Frattesi, Hakan Çalhanoğlu, Aleksandar Stanković, Kristjan Asllani, Lucien Agoumé, Ebenezer Akinsanmiro, Henrikh Mkhitaryan, Davy Klaassen, Stefano Sensi, Issiaka Kamate, Juan Cuadrado, Lautaro Martínez, Marcus Thuram, Tajon Buchanan, Joaquín Correa, Marko Arnautovic, Alexis Sánchez, Amadou Sarr"
AC Milan,Serie A,2023-2024,2,"Mike Maignan, Noah Raveyre, Marco Sportiello, Lorenzo Torriani, Lapo Nava, Andrea Bartoccioni, Antonio Mirante, Malick Thiaw, Theo Hernández, Pierre Kalulu, Fikayo Tomori, Matteo Gabbia, Álex Jiménez, Davide Bartesaghi, Jan-Carlo Simić, Davide Calabria, Filippo Terracciano, Marco Pellegrino, Clinton Nsiala, Simon Kjaer, Mattia Caldara, Alessandro Florenzi, Tijjani Reijnders, Yunus Musah, Ruben Loftus-Cheek, Ismaël Bennacer, Yacine Adli, Tommaso Pobega, Rade Krunic, Kevin Zeroli, Victor Eletu, Rafael Leão, Christian Pulisic, Noah Okafor, Francesco Camarda, Samuel Chukwueze, Lorenzo Colombo, Luka Jović, Luka Romero, Olivier Giroud, Chaka Traorè, Diego Sia"
Atalanta BC,Serie A,2023-2024,4,"Marco Carnesecchi, Juan Musso, Paolo Vismara, Francesco Rossi, Marco Palestra, Isak Hien, Giorgio Scalvini, Matteo Ruggeri, Emil Holm, Caleb Okoli, Nadir Zortea, Sead Kolasinac, Berat Djimsiti, Giovanni Bonfanti, Hans Hateboer, Rafael Tolói, José Luis Palomino, Tommaso Del Lungo, Andrea Ceresoli, Pietro Comi, Éderson, Charles De Ketelaere, Teun Koopmeiners, Aleksey Miranchuk, Mario Pašalić, Michel Adopo, Mitchel Bakker, Marten de Roon, Davide Zappacosta, Alberto Manzoni, Leonardo Mendicino, Andrea Bonanomi, Alessandro Cortinovis, Matteo Colombo, Ademola Lookman, Gianluca Scamacca, El Bilal Touré, Duván Zapata, Siren Diao, Luis Muriel, Moustapha Cissé, Tommaso De Nipoti"
Bologna FC 1909,Serie A,2023-2024,5,"Lukasz Skorupski, Federico Ravaglia, Nicola Bagnolini, Tito Gasperini, Riccardo Calafiori, Sam Beukema, Jhon Lucumí, Victor Kristiansen, Stefan Posch, Mihajlo Ilić, Tommaso Corazza, Charalampos Lykogiannis, Lorenzo De Silvestri, Joaquín Sosa, Adama Soumaoro, Kevin Bonifazi, Riccardo Stivanello, Alexis Saelemaekers, Jerdy Schouten, Lewis Ferguson, Nicolás Domínguez, Jens Odgaard, Giovanni Fabbian, Nikola Moro, Michel Aebischer, Remo Freuler, Kacper Urbański, Oussama El Azzouzi, Niklas Pyyhtiä, Dan Ndoye, Santiago Castro, Riccardo Orsolini, Joshua Zirkzee, Jesper Karlsson, Marko Arnautovic, Sydney van Hooijdonk, Tommaso Ravaglioli"
AS Roma,Serie A,2023-2024,6,"Mile Svilar, Renato Marin, Pietro Boer, Rui Patrício, Dean Huijsen, Evan Ndicka, Angeliño, Gianluca Mancini, Rasmus Kristensen, Zeki Çelik, Marash Kumbulla, Leonardo Spinazzola, Diego Llorente, Rick Karsdorp, Chris Smalling, Mattia Mannini, Francesco D'Alessio, Matteo Plaia, Lovro Golic, Jan Oliveras, Nicola Zalewski, Niccolò Pisilli, Tommaso Baldanzi, Lorenzo Pellegrini, Houssem Aouar, Bryan Cristante, Leandro Paredes, Renato Sanches, Riccardo Pagano, Martin Vetkal, Edoardo Bove, Romelu Lukaku, Tammy Abraham, Sardar Azmoun, Paulo Dybala, João Costa, Stephan El Shaarawy, Luigi Cherubini, Ola Solbakken, Andrea Belotti, Filippo Alessio"
SS Lazio,Serie A,2023-2024,7,"Christos Mandas, Ivan Provedel, Marius Adamonis, Federico Magro, Luigi Sepe, Davide Renzetti, Alessio Furlanetto, Mario Gila, Alessio Romagnoli, Nicolò Casale, Luca Pellegrini, Adam Marusic, Manuel Lazzari, Fabio Andrea Ruggeri, Patric, Elseid Hysaj, Dimitrije Kamenovic, Matteo Duțu, Mattéo Guendouzi, Nicolò Rovella, Daichi Kamada, Luis Alberto, Danilo Cataldi, Toma Bašić, Matías Vecino, André Anderson, Luca Napolitano, Larsson Coulibaly, Taty Castellanos, Gustav Isaksen, Mattia Zaccagni, Diego González, Felipe Anderson, Ciro Immobile, Pedro, Saná Fernandes, Cristiano Lombardi"
ACF Fiorentina,Serie A,2023-2024,8,"Tommaso Martinelli, Oliver Christensen, Pietro Terracciano, Tommaso Vannucchi, Nikola Milenković, Michael Kayode, Pietro Comuzzo, Dodô, Niccolò Fortini, Luca Ranieri, Lucas Martínez Quarta, Fabiano Parisi, Niccolò Pierozzi, Yerry Mina, Cristiano Biraghi, Davide Faraoni, Christian Dalle Mura, Christian Biagetti, Sofyan Amrabat, Rolando Mandragora, Maxime Lopez, Arthur Melo, Lorenzo Amatucci, Abdelhamid Sabiri, Giacomo Bonaventura, Alfred Duncan, Antonín Barák, Gaetano Castrovilli, Gino Infantino, Nico González, Lucas Beltrán, Luka Jović, M'Bala Nzola, Jonathan Ikoné, Riccardo Sottil, Josip Brekalo, Christian Kouamé, Maat Daniel Caprini, Andrea Belotti, Aleksandr Kokorin, Fallou Sene"
SSC Napoli,Serie A,2023-2024,9,"Alex Meret, Pierluigi Gollini, Nikita Contini, Hubert Idasiak, Natan, Mathías Olivera, Amir Rrahmani, Giovanni Di Lorenzo, Leo Østigård, Alessandro Zanoli, Pasquale Mazzocchi, Juan Jesus, Mário Rui, Luigi D'Avino, Frank Anguissa, Stanislav Lobotka, Eljif Elmas, Piotr Zieliński, Jens Cajuste, Leander Dendoncker, Gianluca Gaetano, Alessio Zerbin, Diego Demme, Karim Zedadka, Francesco Gioielli, Lorenzo Russo, Khvicha Kvaratskhelia, Victor Osimhen, Giacomo Raspadori, Hamed Traoré, Hirving Lozano, Matteo Politano, Cyril Ngonge, Jesper Lindstrøm, Giovanni Simeone"
Torino FC,Serie A,2023-2024,10,"Vanja Milinković-Savić, Mihai Popa, Luca Gemello, Pietro Passador, Matteo Brezzo, Alessandro Buongiorno, Wilfried Singo, David Zima, Valentino Lazaro, Ange N'Guessan, Mërgim Vojvoda, Matteo Lovato, Alessandro Dellavalle, Ricardo Rodríguez, Adam Masina, Saba Sazonov, Perr Schuurs, Ali Dembélé, Koffi Djidji, Côme Bianay Balcot, Jacopo Antolini, Vimoj Muntu Wa Mungu, Samuele Ricci, Raoul Bellanova, Ivan Ilić, Nikola Vlašić, Gvidas Gineitis, Adrien Tamèze, Emirhan İlkhan, Karol Linetty, Brandon Soppy, Aaron Ciammaglichella, Simone Verdi, Jonathan Silva, Brian Bayeye, Duván Zapata, Alieu Njie, Antonio Sanabria, Nemanja Radonjic, Pietro Pellegri, Yann Karamoh, David Okereke, Demba Seck, Uros Kabic, Zanos Savva"
Genoa CFC,Serie A,2023-2024,11,"Josep Martínez, Nicola Leali, Franz Stolz, Simone Calvani, Daniele Sommariva, Djed Spence, Radu Drăgușin, Koni De Winter, Johan Vásquez, Aarón Martín, Alan Matturro, Alessandro Vogliacco, Mattia Bani, Stefano Sabelli, Giorgio Cittadini, Silvan Hefti, Ridgeciano Haps, Davide Biraschi, Tommaso Pittino, Faroukou Cissé, Morten Frendrup, Morten Thorsby, Ruslan Malinovskyi, Berkan Kutlu, Emil Bohinen, Pablo Galdames, Léandre Kuavita, Filip Jagiełło, Mattia Aramu, Christos Papadopoulos, Filippo Melegoni, Riccardo Arboscello, Kevin Strootman, Milan Badelj, Mateo Retegui, Albert Gudmundsson, Vitinha, Seydou Fini, Caleb Ekuban, Junior Messias, George Pușcaș, David Ankeye, Massimo Coda, Yoan Bornosuzov"
AC Monza,Serie A,2023-2024,12,"Michele Di Gregorio, Alessandro Sorrentino, Stefano Gori, Andrea Mazza, Eugenio Lamanna, Samuele Birindelli, Pablo Marí, Andrea Carboni, Georgios Kyriakopoulos, Armando Izzo, Pedro Pereira, Franco Carboni, Giorgio Cittadini, Luca Caldirola, Davide Bettella, Giulio Donati, Danilo D'Ambrosio, Valentín Carboni, Warren Bondo, Daniel Maldini, Andrea Colpani, Matteo Pessina, Samuele Vignato, Alessio Zerbin, Matija Popović, Roberto Gagliardini, Patrick Ciurria, Jean-Daniel Akpa Akpro, Leonardo Colombo, Alessandro Berretta, Pepín Machín, Lorenzo Colombo, Dany Mota, Milan Djuric, Papu Gómez, Gianluca Caprari, Andrea Ferraris, Andrea Petagna, Mirko Marić"
Hellas Verona,Serie A,2023-2024,13,"Lorenzo Montipò, Simone Perilli, Giacomo Toniolo, Mattia Chiesa, Alessandro Berardi, Isak Hien, Jackson Tchatchoua, Diego Coppola, Juan Cabal, Josh Doig, Filippo Terracciano, Bruno Amione, Rúben Vinagre, Pawel Dawidowicz, Giangiacomo Magnani, Fabien Centonze, Christian Corradi, Koray Günter, Davide Faraoni, Nicolò Calabrese, Federico Ceccherini, Reda Belahyane, Alphadjo Cissè, Michael Folorunsho, Tomas Suslov, Suat Serdar, Ondrej Duda, Dani Silva, Martin Hongla, Charlys, Darko Lazović, Ajdin Hrustic, Joselito, Riccardo Saponara, Cyril Ngonge, Tijjani Noslin, Karol Swiderski, Federico Bonazzoli, Siren Diao, Elayis Tavsan, Thomas Henry, Stefan Mitrović, Milan Djuric, Jayden Braaf, Jordi Mboula, Yayah Kallon, Junior Ajayi, Denis Cazzadori, Nicola Patanè, Juan Manuel Cruz"
US Lecce,Serie A,2023-2024,14,"Wladimiro Falcone, Federico Brancolini, Alexandru Borbei, Jasper Samooja, Patrick Dorgu, Marin Pongracic, Valentin Gendrey, Federico Baschirotto, Antonino Gallo, Ahmed Touba, Zinedin Smajlović, Mats Lemmens, Lorenzo Venuti, Sebastian Esposito, Kastriot Dermaku, Medon Berisha, Thórir Jóhann Helgason, Ylber Ramadani, Mohamed Kaba, Rémi Oudin, Giacomo Faticanti, Youssef Maleh, Hamza Rafia, Alexis Blin, Daniel Samek, Marcin Listkowski, Joan González, Nikola Krstović, Roberto Piccoli, Gabriel Strefezza, Santiago Pierotti, Lameck Banda, Pontus Almqvist, Assan Ceesay, Federico Di Francesco, Rareș Burnete, Nicola Sansone, Joel Voelkerling Persson, Jeppe Corfitzen"
Udinese Calcio,Serie A,2023-2024,15,"Maduka Okoye, Marco Silvestri, Edoardo Piana, Daniele Padelli, Federico Mosca, Joel Malusà, Jaka Bijol, Nehuén Pérez, Thomas Kristensen, Matteo Palma, Festy Ebosele, Jordan Zemura, Hassane Kamara, João Ferreira, Kingsley Ehizibue, James Abankwah, Enzo Ebosse, Lautaro Giannetti, Adam Masina, Christian Kabasele, Antonio Tikvic, Axel Guessand, Samuel John Nwachukwu, Lazar Samardžić, Sandi Lovrić, Martín Payero, Simone Pafundi, Walace, Étienne Camara, Oier Zarraga, Domingos Quina, David Pejičić, Roberto Pereyra, Marco Ballarini, Bor Zunec, Lorenzo Lucca, Beto, Florian Thauvin, Keinan Davis, Brenner, Marley Aké, Vivaldo Semedo, Isaac Success, Gerard Deulofeu, Sekou Diawara"
FC Empoli,Serie A,2023-2024,16,"Elia Caprile, Jacopo Seghetti, Samuele Perisan, Lovro Stubljar, Etrit Berisha, Filippo Vertua, Luca Marianucci, Ardian Ismajli, Saba Goglichidze, Sebastian Walukiewicz, Sebastiano Luperto, Liberato Cacace, Giuseppe Pezzella, Gabriele Guarino, Tyronne Ebuehi, Petar Stojanović, Bartosz Bereszyński, Gabriele Indragoli, Lorenzo Tonelli, Tommaso Baldanzi, Jacopo Fazzini, Daniel Maldini, Răzvan Marin, Filippo Ranocchia, Lorenzo Ignacchiti, Alberto Grassi, Liam Henderson, Emmanuel Gyasi, Youssef Maleh, Viktor Kovalenko, Nicolas Haas, Luca Belardinelli, Simone Bastoni, Iwo Kaczmarski, Szymon Żurkowski, Giovanni Crociata, Andrea Sodero, Roberto Piccoli, Nicolò Cambiaghi, Matteo Cancellieri, Stiven Shpendi, M'Baye Niang, Alberto Cerri, Emmanuel Ekong, Giacomo Corona, Mattia Destro, Francesco Caputo"
Cagliari Calcio,Serie A,2023-2024,17,"Simone Scuffet, Boris Radunović, Velizar-Iliya Iliev, Simone Aresti, Alberto Dossena, Gabriele Zappa, Adam Obert, Pantelis Hatzidiakos, Yerry Mina, Edoardo Goldaniga, Mateusz Wieteska, Tommaso Augello, Giorgio Altare, Alessandro Di Pardo, Elio Capradossi, Matteo Prati, Gaetano Oristanio, Ibrahim Sulemana, Nahitan Nández, Antoine Makoumbou, Gianluca Gaetano, Alessandro Deiola, Paulo Azzi, Nunzio Lella, Marko Rog, Nicolas Viola, Christos Kourfalidis, Gastón Pereiro, Marco Mancosu, Jakub Jankto, Eldor Shomurodov, Zito Luvumbo, Kingstone Mutandwa, Leonardo Pavoletti, Gianluca Lapadula, Andrea Petagna, Alessandro Vinciguerra, Jacopo Desogus"
Frosinone Calcio,Serie A,2023-2024,18,"Stefano Turati, Lorenzo Palmisani, Michele Cerofolini, Michele Avella, Pierluigi Frattali, Caleb Okoli, Nadir Zortea, Emanuele Valeri, Pol Lirola, Ilario Monterisi, Anthony Oyono, Riccardo Marchizza, Mateus Lusuardi, Karlo Lulic, Kevin Bonifazi, Simone Romagnoli, Przemyslaw Szyminski, Sergio Kalaj, Matjaz Kamensek-Pahic, Daniel Macej, Enzo Barrenechea, Marco Brescianini, İsak Vural, Arijon Ibrahimovic, Abdou Harroui, Reinier, Luca Mazzitelli, Giuseppe Caso, Matteo Cichella, Lukas Klitten, Francesco Gelli, Mehdi Bourabia, Luca Garritano, Kalifa Kujabi, Hamza Haoudi, Matías Soulé, Kaio Jorge, Gennaro Borrelli, Walid Cheddira, Giorgi Kvernadze, Farès Ghedjemis, Demba Seck, Marvin Cuni, Jaime Báez, Luigi Canotto, Alejandro Cichero, Alessandro Selvini, Soufiane Bidaoui"
US Sassuolo,Serie A,2023-2024,19,"Alessio Cragno, Andrea Consigli, Daniel Theiner, Alessandro Scacchetti, Gianluca Pegolo, Marash Kumbulla, Josh Doig, Martin Erlić, Matías Viña, Mattia Viti, Marcus Pedersen, Jeremy Toljan, Ruan, Filippo Missori, Yeferson Paz, Kevin Miranda, Matteo Falasca, Seb Loeffen, Gian Marco Ferrari, Cristian Volpato, Kristian Thorstvedt, Maxime Lopez, Daniel Boloca, Matheus Henrique, Luca Lipani, Uros Racic, Nedim Bajrami, Justin Kumi, Pedro Obiang, Salim Abubakar, Andrea Pinamonti, Armand Laurienté, Domenico Berardi, Samuele Mulattieri, Agustín Álvarez, Emil Konradsen Ceide, Samu Castillejo, Grégoire Defrel"
US Salernitana 1919,Serie A,2023-2024,20,"Guillermo Ochoa, Gregorio Salvati, Vincenzo Fiorillo, Pasquale Allocca, Benoît Costil, Lorenzo Pirola, Alessandro Zanoli, Marco Pellegrino, Niccolò Pierozzi, Matteo Lovato, Flavius Daniliuc, Domagoj Bradarić, Pasquale Mazzocchi, Dylan Bronn, Norbert Gyömbér, Junior Sambia, Triantafyllos Pasalidis, Andrei Motoc, Tommaso Ferrari, Niccolò Guccione, Emanuele Elia, Jérôme Boateng, Federico Fazio, Konstantinos Manolas, Lassana Coulibaly, Toma Bašić, Mateusz Legowski, Grigoris Kastanos, Emil Bohinen, Iron Gomis, Giulio Maggiore, Mamadou Coulibaly, Agustín Martegani, Rocco Di Vico, Antonio Pio Iervolino, Ciro Borrelli, Loum Tchaouna, Boulaye Dia, Erik Botheim, Trivante Stewart, Chukwubuikem Ikwuemesi, Mikael, Jovane Cabral, Shon Weissman, Emanuel Vignato, Andres Sfait, Simy, Gerardo Fusco, Luca Boncori, Antonio Candreva"
SSC Napoli,Serie A,2024-2025,1,"Elia Caprile, Alex Meret, Simone Scuffet, Nikita Contini, Claudio Turi, Alessandro Buongiorno, Natan, Mathías Olivera, Amir Rrahmani, Rafa Marín, Giovanni Di Lorenzo, Leonardo Spinazzola, Pasquale Mazzocchi, Juan Jesus, Mattia Esposito, Scott McTominay, Frank Anguissa, Billy Gilmour, Stanislav Lobotka, Philip Billing, Michael Folorunsho, Gianluca Gaetano, Alessio Zerbin, Luis Hasa, Francesco Mezzoni, Coli Saco, Gennaro Iaccarino, Francesco Gioielli, Khvicha Kvaratskhelia, David Neres, Giacomo Raspadori, Noah Okafor, Romelu Lukaku, Matteo Politano, Cyril Ngonge, Giovanni Simeone, Walid Cheddira"
Inter Milan,Serie A,2024-2025,2,"Josep Martínez, Yann Sommer, Alessandro Calligaris, Raffaele Di Gennaro, Alain Taho, Alessandro Bastoni, Federico Dimarco, Yann Bisseck, Carlos Augusto, Denzel Dumfries, Benjamin Pavard, Stefan de Vrij, Tomás Palacios, Francesco Acerbi, Matteo Cocchi, Matteo Darmian, Alessandro Fontanarosa, Christos Alexiou, Gabriele Re Cecconi, Mike Aidoo, Matteo Motta, Nicolò Barella, Petar Sučić, Davide Frattesi, Luis Henrique, Hakan Çalhanoğlu, Nicola Zalewski, Kristjan Asllani, Piotr Zieliński, Valentín Carboni, Henrikh Mkhitaryan, Luka Topalović, Thomas Berenbruch, Mattia Zanchetta, Daniele Quieto, Lautaro Martínez, Marcus Thuram, Pio Esposito, Tajon Buchanan, Sebastiano Esposito, Joaquín Correa, Marko Arnautovic, Mehdi Taremi, Giacomo De Pieri, Matteo Spinaccè, Matteo Lavelli"
Atalanta BC,Serie A,2024-2025,3,"Marco Carnesecchi, Juan Musso, Paolo Vismara, Matevz Dajcar, Francesco Rossi, Rui Patrício, Isak Hien, Marco Palestra, Giorgio Scalvini, Odilon Kossounou, Matteo Ruggeri, Sead Kolasinac, Ben Godfrey, Stefan Posch, Berat Djimsiti, Rafael Tolói, Relja Obric, Tommaso Del Lungo, Pietro Comi, Pietro Tornaghi, Éderson, Charles De Ketelaere, Raoul Bellanova, Lazar Samardžić, Nicolò Zaniolo, Daniel Maldini, Marco Brescianini, Mario Pašalić, Ibrahim Sulemana, Mitchel Bakker, Lorenzo Bernasconi, Marten de Roon, Davide Zappacosta, Juan Cuadrado, Alberto Manzoni, Lorenzo Riccio, Javison Idele, Federico Steffanoni, Federico Cassa, Mateo Retegui, Ademola Lookman, Gianluca Scamacca, Vanja Vlahović, Dominic Vavassori"
AS Roma,Serie A,2024-2025,5,"Mile Svilar, Mathew Ryan, Pierluigi Gollini, Renato Marin, Giorgio De Marzi, Alessio Marcaccini, Evan Ndicka, Angeliño, Gianluca Mancini, Zeki Çelik, Anass Salah-Eddine, Samuel Dahl, Devyne Rensch, Victor Nelsson, Mario Hermoso, Saud Abdulhamid, Chris Smalling, Buba Sangaré, Mats Hummels, Federico Nardin, Manu Koné, Alexis Saelemaekers, Enzo Le Fée, Nicola Zalewski, Niccolò Pisilli, Tommaso Baldanzi, Lorenzo Pellegrini, Bryan Cristante, Leandro Paredes, Lucas Gourna-Douath, Alessandro Romano, Edoardo Bove, Matías Soulé, Artem Dovbyk, Tammy Abraham, Eldor Shomurodov, Paulo Dybala, João Costa, Stephan El Shaarawy"
ACF Fiorentina,Serie A,2024-2025,6,"David de Gea, Tommaso Martinelli, Pietro Terracciano, Pietro Leonardelli, Michael Kayode, Pietro Comuzzo, Dodô, Niccolò Fortini, Marin Pongracic, Luca Ranieri, Robin Gosens, Nicolás Valentini, Lucas Martínez Quarta, Fabiano Parisi, Matías Moreno, Eddy Kouadio, Pablo Marí, Cristiano Biraghi, Lorenzo Romani, Leonardo Baroncelli, Nicolò Fagioli, Nicolò Zaniolo, Sofyan Amrabat, Rolando Mandragora, Yacine Adli, Andrea Colpani, Michael Folorunsho, Cher Ndour, Alessandro Bianco, Amir Richardson, Danilo Cataldi, Tommaso Rubino, Jonas Harder, Antonín Barák, Gino Infantino, Edoardo Bove, Moise Kean, Albert Gudmundsson, Lucas Beltrán, Jonathan Ikoné, Riccardo Sottil, Josip Brekalo, Christian Kouamé, Maat Daniel Caprini"
SS Lazio,Serie A,2024-2025,7,"Christos Mandas, Ivan Provedel, Davide Renzetti, Alessio Furlanetto, Mario Gila, Nuno Tavares, Alessio Romagnoli, Nicolò Casale, Oliver Provstgaard, Luca Pellegrini, Adam Marusic, Manuel Lazzari, Samuel Gigot, Patric, Elseid Hysaj, Filipe Bordon, Alessandro Milani, Matteo Zazza, Nicolò Rovella, Mattéo Guendouzi, Reda Belahyane, Fisayo Dele-Bashiru, Arijon Ibrahimovic, Danilo Cataldi, Toma Bašić, Matías Vecino, Gaetano Castrovilli, Jean-Daniel Akpa Akpro, Cristo Muñoz, Leonardo Di Tommaso, Marco Nazzaro, André Anderson, Taty Castellanos, Gustav Isaksen, Mattia Zaccagni, Loum Tchaouna, Boulaye Dia, Tijjani Noslin, Pedro, Federico Serra, Mahamadou Baldé"
AC Milan,Serie A,2024-2025,8,"Mike Maignan, Noah Raveyre, Marco Sportiello, Lorenzo Torriani, Lapo Nava, Malick Thiaw, Theo Hernández, Strahinja Pavlović, Fikayo Tomori, Matteo Gabbia, Davide Bartesaghi, Álex Jiménez, Emerson Royal, Davide Calabria, Filippo Terracciano, Kyle Walker, Alessandro Florenzi, Tijjani Reijnders, Youssouf Fofana, Alexis Saelemaekers, Yunus Musah, Ruben Loftus-Cheek, Ismaël Bennacer, Warren Bondo, Kevin Zeroli, Mattia Liberali, Silvano Vos, Hugo Cuenca, Rafael Leão, Christian Pulisic, João Félix, Santiago Gimenez, Noah Okafor, Francesco Camarda, Tammy Abraham, Samuel Chukwueze, Álvaro Morata, Luka Jović, Riccardo Sottil, Chaka Traorè, Bob Murphy Omoregbe"
Bologna FC 1909,Serie A,2024-2025,9,"Lukasz Skorupski, Federico Ravaglia, Massimo Pessina, Nicola Bagnolini, Sam Beukema, Jhon Lucumí, Juan Miranda, Emil Holm, Samuel Iling-Junior, Stefan Posch, Nicolò Casale, Davide Calabria, Martin Erlić, Mihajlo Ilić, Tommaso Corazza, Charalampos Lykogiannis, Lorenzo De Silvestri, Lewis Ferguson, Jens Odgaard, Giovanni Fabbian, Tommaso Pobega, Nikola Moro, Michel Aebischer, Remo Freuler, Kacper Urbański, Oussama El Azzouzi, Andri Fannar Baldursson, Naïm Byar, Dan Ndoye, Santiago Castro, Riccardo Orsolini, Nicolò Cambiaghi, Thijs Dallinga, Benja Domínguez, Jesper Karlsson, Estanis Pedrola, Tommaso Ravaglioli, Flavio Ferrari"
Como 1907,Serie A,2024-2025,10,"Jean Butez, Emil Audero, Mauro Vigorito, Pierre Bolchini, Pepe Reina, Álex Valle, Alberto Dossena, Ignace Van der Brempt, Marc Oliver Kempf, Mërgim Vojvoda, Edoardo Goldaniga, Ivan Smolcic, Fellipe Jack, Alberto Moreno, Tommaso Cassandro, Federico Barba, Marco Sala, William Feola, Alessio Chiesa, Raphaël Varane, Nico Paz, Máximo Perrone, Lucas Da Cunha, Maxence Caqueret, Yannik Engelhardt, Dele Alli, Sergi Roberto, Luca Mazzitelli, Matthias Braunöder, Simone Verdi, Oliver Abildgaard, Ben Lhassine Kone, Naj Razi, Daniele Baselli, Giuseppe Mazzaglia, Alessio Iovine, Francesco Andrealli, Assane Diao, Anastasios Douvikas, Gabriel Strefezza, Patrick Cutrone, Jonathan Ikoné, Alieu Fadera, Iván Azón, Andrea Belotti, Nicholas Gioacchini, Alberto Cerri, Ali Jasim, Alessandro Gabrielloni, Federico Chinetti"
Torino FC,Serie A,2024-2025,11,"Vanja Milinković-Savić, Alberto Paleari, Mihai Popa, Francesco Plaia, Antonio Donnarumma, Saúl Coco, Sebastian Walukiewicz, Guillermo Maripán, Valentino Lazaro, Borna Sosa, Marcus Pedersen, Mërgim Vojvoda, Alessandro Dellavalle, Adam Masina, Cristiano Biraghi, Saba Sazonov, Perr Schuurs, Ali Dembélé, Senan Mullen, Côme Bianay Balcot, Samuele Ricci, Raoul Bellanova, Eljif Elmas, Cesare Casadei, Ivan Ilić, Nikola Vlašić, Gvidas Gineitis, Adrien Tamèze, Emirhan İlkhan, Karol Linetty, Sergiu Perciun, Krisztofer Horváth, Aaron Ciammaglichella, Marco Dalla Vecchia, Brian Bayeye, Edoardo Zaia, Demyan Yesin, Ché Adams, Duván Zapata, Antonio Sanabria, Alieu Njie, Pietro Pellegri, Alessio Cacciamani, Yann Karamoh, Amine Salama, Tommaso Gabellini, Zanos Savva, Alessio Raballo"
Udinese Calcio,Serie A,2024-2025,12,"Maduka Okoye, Răzvan Sava, Egil Selvik, Marco Silvestri, Edoardo Piana, Daniele Padelli, Marco Cassin, Oumar Solet, Jaka Bijol, Nehuén Pérez, Thomas Kristensen, Matteo Palma, Festy Ebosele, Jordan Zemura, Hassane Kamara, Isaak Touré, Kingsley Ehizibue, Rui Modesto, Enzo Ebosse, James Abankwah, Lautaro Giannetti, Christian Kabasele, Gonçalo Esteves, Axel Guessand, Lazar Samardžić, Arthur Atta, Jurgen Ekkelenkamp, Martín Payero, Sandi Lovrić, Simone Pafundi, Jesper Karlström, Oier Zarraga, David Pejičić, Lorenzo Lucca, Florian Thauvin, Iker Bravo, Keinan Davis, Brenner, Damián Pizarro, Alexis Sánchez"
Genoa CFC,Serie A,2024-2025,13,"Nicola Leali, Pierluigi Gollini, Benjamin Siegrist, Franz Stolz, Daniele Sommariva, Honest Ahanor, Koni De Winter, Brooke Norton-Cuffy, Johan Vásquez, Aarón Martín, Alessandro Zanoli, Alan Matturro, Alessandro Vogliacco, Alessandro Marcandalli, Sebastian Otoa, Mattia Bani, Stefano Sabelli, Matteo Barbini, Tommaso Pittino, Morten Frendrup, Fabio Miretti, Patrizio Masini, Morten Thorsby, Ruslan Malinovskyi, Emil Bohinen, Jean Onana, Lior Kassa, Christos Papadopoulos, Filippo Melegoni, Hugo Cuenca, Gastón Pereiro, Filippo Carbone, Milan Badelj, Roberto Scaglione, Andrea Pinamonti, Vitinha, Jeff Ekhator, Maxwel Cornet, Seydou Fini, Lorenzo Venturino, Caleb Ekuban, Junior Messias, David Ankeye, Federico Accornero, Mario Balotelli, Ifenna Dorgu, Lysandros Papastylianou, Joi Nuredini"
Hellas Verona,Serie A,2024-2025,14,"Lorenzo Montipò, Simone Perilli, Federico Magro, Alessandro Berardi, Jackson Tchatchoua, Diego Coppola, Daniele Ghilardi, Nicolás Valentini, Flavius Daniliuc, Martin Frese, Domagoj Bradarić, Tobias Slotsager, Pawel Dawidowicz, Giangiacomo Magnani, Yllan Okou, Luan Patrick, Christian Corradi, Davide Faraoni, Daniel Oyegoke, Federico Ceccherini, Karlson Nwanege, Reda Belahyane, Alphadjo Cissè, Tomas Suslov, Suat Serdar, Antoine Bernede, Ondrej Duda, Dani Silva, Cheikh Niasse, Abdou Harroui, Grigoris Kastanos, Ayanda Sishuba, Darko Lazović, Casper Tengstedt, Amin Sarr, Daniel Mosquera, Elayis Tavsan, Faride Alidou, Stefan Mitrović, Mathis Lambourde, Dailon Livramento, Junior Ajayi"
Parma Calcio 1913,Serie A,2024-2025,15,"Zion Suzuki, Edoardo Corvi, Leandro Chichizola, Richard Marcone, Manuel Moretta, Giovanni Leoni, Alessandro Circati, Enrico Delprato, Mathias Løvik, Emanuele Valeri, Botond Balogh, Alessandro Vogliacco, Woyo Coulibaly, Antoine Hainaut, Lautaro Valenti, Yordan Osorio, Nicolas Trabucchi, Gianluca Di Chiara, Adrián Bernabé, Mandela Keita, Simon Sohm, Drissa Camara, Nahuel Estévez, Hernani, Elia Plicco, Wylan Cyprien, Ange-Yoan Bonny, Dennis Man, Mateo Pellegrino, Jacob Ondrejka, Matteo Cancellieri, Valentin Mihăilă, Adrian Benedyczak, Pontus Almqvist, Milan Djuric, Gabriel Charpentier, Anas Haj Mohamed, Daniel Mikolajewski, Anthony Partipilo, Mateusz Kowalski"
Cagliari Calcio,Serie A,2024-2025,16,"Elia Caprile, Simone Scuffet, Alen Sherri, Velizar-Iliya Iliev, Giuseppe Ciocci, Henrijs Auseklis, Nadir Zortea, Sebastiano Luperto, Gabriele Zappa, Adam Obert, Pantelis Hatzidiakos, Yerry Mina, Mateusz Wieteska, Tommaso Augello, Alessandro Di Pardo, José Luis Palomino, Nicola Pintus, Andrea Cogoni, Michel Adopo, Matteo Prati, Antoine Makoumbou, Gianluca Gaetano, Răzvan Marin, Alessandro Deiola, Paulo Azzi, Nicolas Viola, Gastón Pereiro, Jakub Jankto, Roberto Piccoli, Florinel Coman, Zito Luvumbo, Mattia Felici, Kingstone Mutandwa, Leonardo Pavoletti, Gianluca Lapadula, Alessandro Vinciguerra"
US Lecce,Serie A,2024-2025,17,"Wladimiro Falcone, Christian Früchtl, Alexandru Borbei, Jasper Samooja, Patrick Dorgu, Tiago Gabriel, Valentin Gendrey, Federico Baschirotto, Antonino Gallo, Gaspar, Andy Pelmard, Danilo Veiga, Gaby Jean, Frédéric Guilbert, Marco Sala, Kevin Bonifazi, Elijah Scott, Cristian Pehlivanov, Sebastian Esposito, Vernon Addo, Medon Berisha, Lassana Coulibaly, Filip Marchwinski, Thórir Jóhann Helgason, Luis Hasa, Ylber Ramadani, Mohamed Kaba, Balthazar Pierret, Rémi Oudin, Hamza Rafia, Ed McJannet, Joan González, Nikola Krstović, Jesper Karlsson, Santiago Pierotti, Lameck Banda, Tete Morente, Konan N’Dri, Ante Rebić, Rareș Burnete, Nicola Sansone, Joel Voelkerling Persson, Jeppe Corfitzen, Dario Daka"
FC Empoli,Serie A,2024-2025,18,"Devis Vásquez, Jacopo Seghetti, Marco Silvestri, Samuele Perisan, Niccolò Chiorra, Federico Brancolini, Luca Marianucci, Ardian Ismajli, Sebastian Walukiewicz, Saba Goglichidze, Mattia Viti, Liberato Cacace, Gabriele Guarino, Giuseppe Pezzella, Saba Sazonov, Lorenzo Tosto, Junior Sambia, Tyronne Ebuehi, Petar Stojanović, Mattia De Sciglio, Francesco Donati, Darius Fălcușan, Dawid Bembnista, Jacopo Fazzini, Tino Anjorin, Alberto Grassi, Liam Henderson, Emmanuel Gyasi, Youssef Maleh, Viktor Kovalenko, Jacopo Bacci, Luca Belardinelli, Nicolas Haas, Szymon Żurkowski, Noah El Biache, Andrea Sodero, Ank Bølling Asmussen, Vincenzo Di Leva, Sebastiano Esposito, Lorenzo Colombo, Bogdan Popov, Stiven Shpendi, Christian Kouamé, Pietro Pellegri, Ola Solbakken, Thomas Campaniello, Ismaël Konaté, Emmanuel Ekong, Brayan, Francesco Caputo"
Venezia FC,Serie A,2024-2025,19,"Ionuț Radu, Filip Stanković, Jesse Joronen, Matteo Grandi, Bruno Bertinato, Jay Idzes, Fali Candé, Joël Schingtienne, Lorenzo Lucchesi, Alessandro Marcandalli, Michael Svoboda, Richie Sagrado, Marin Šverko, Antonio Candela, Franco Carboni, Giorgio Altare, Ridgeciano Haps, Hans Nicolussi Caviglia, Issa Doumbia, Gaetano Oristanio, Gianluca Busio, Mikael Egill Ellertsson, John Yeboah, Alessio Zerbin, Kike Pérez, Cheick Condé, Magnus Kofod Andersen, Alfred Duncan, Francesco Zampano, Bjarki Bjarkason, Nunzio Lella, Saad El Haddad, Domen Crnigoj, Alberto Chiesurin, Joel Pohjanpalo, Antonio Raimondo, Nicholas Pierini, Daniel Fila, Mirko Marić, Christian Gytkjaer, Marco Ladisa"
AC Monza,Serie A,2024-2025,20,"Stefano Turati, Semuel Pizzignacco, Alessandro Sorrentino, Andrea Mazza, Davide Bifulco, Andrea Vailati, Tomás Palacios, Pablo Marí, Stefan Lekovic, Samuele Birindelli, Andrea Carboni, Georgios Kyriakopoulos, Armando Izzo, Pedro Pereira, Arvid Brorsson, Nicolò Postiglione, Luca Caldirola, Davide Bettella, Danilo D'Ambrosio, Warren Bondo, Daniel Maldini, Matteo Pessina, Alessandro Bianco, Kevin Zeroli, Kacper Urbański, Samuele Vignato, Roberto Gagliardini, Stefano Sensi, Patrick Ciurria, Gaetano Castrovilli, Mattia Valoti, Jean-Daniel Akpa Akpro, Leonardo Colombo, Alessandro Berretta, Pepín Machín, Endris Scaramelli, Dany Mota, Omari Forson, Silvere Ganvoula, Milan Djuric, Keita Baldé, Gianluca Caprari, Kevin Martins, Mirko Marić, Andrea Petagna, Marco D'Alessandro"
Bayern Munich,Bundesliga,2014-2015,1,"Manuel Neuer, Ivan Lucic, Leopold Zingerle, Tom Starke, Pepe Reina, David Alaba, Mitchell Weiser, Juan Bernat, Javi Martínez, Dante, Medhi Benatia, Rafinha, Jérôme Boateng, Philipp Lahm, Holger Badstuber, Pierre-Emile Højbjerg, Mario Götze, Xherdan Shaqiri, Lukas Görtler, Julian Green, Gianluca Gaudino, Lucas Scholl, Xabi Alonso, Thiago Alcántara, Sebastian Rode, Bastian Schweinsteiger, Rico Strieder, Robert Lewandowski, Thomas Müller, Franck Ribéry, Arjen Robben, Claudio Pizarro, Sinan Kurt"
VfL Wolfsburg,Bundesliga,2014-2015,2,"Patrick Drewes, Max Grün, Diego Benaglio, Ricardo Rodríguez, Robin Knoche, Sebastian Jung, Patrick Ochs, Marcel Schäfer, Timm Klose, Vieirinha, Naldo, Felipe Lopes, Moritz Sprenger, Kevin De Bruyne, Maximilian Arnold, Paul Seguin, Mateusz Klich, Josuha Guilavogui, Luiz Gustavo, Slobodan Medojevic, Xizhe Zhang, Junior Malanda, Aaron Hunt, Christian Träsch, Ivan Perišić, Ivica Olic, Nicklas Bendtner, Daniel Caligiuri, Bas Dost, André Schürrle"
Borussia Mönchengladbach,Bundesliga,2014-2015,3,"Yann Sommer, Janis Blaswich, Christofer Heimeroth, Julian Korb, Filip Daems, Roel Brouwers, Álvaro Domínguez, Oscar Wendt, Tony Jantschke, Martin Stranzl, Granit Xhaka, Thorgan Hazard, Mahmoud Dahoud, Marlon Ritter, Marvin Schulz, Branimir Hrgota, Thorben Marx, Håvard Nordtveit, Fabian Johnson, Nico Brandenburger, Christoph Kramer, Bilal Sezer, Patrick Herrmann, Ibrahima Traoré, Max Kruse, Raffael, André Hahn"
Bayer 04 Leverkusen,Bundesliga,2014-2015,4,"Bernd Leno, David Yelldell, Dario Kresic, Tin Jedvaj, Wendell, Lukas Boeder, Giulio Donati, Emir Spahic, Roberto Hilbert, Kyriakos Papadopoulos, Sebastian Boenisch, Ömer Toprak, Hakan Çalhanoğlu, Julian Brandt, Vladlen Yurchenko, Marlon Frey, Stefan Reinartz, Simon Rolfes, Lars Bender, Gonzalo Castro, Heung-min Son, Josip Drmic, Levin Öztunali, Stefan Kießling, Robbie Kruse, Karim Bellarabi"
FC Augsburg,Bundesliga,2014-2015,5,"Ioannis Gelios, Marwin Hitz, Alexander Manninger, Abdul Rahman Baba, Dominik Kohr, Jeong-ho Hong, Max Reinthaler, Arif Ekin, Marcel de Jong, Ronny Philp, Paul Verhaegh, Dominik Reinhardt, Ragnar Klavan, Christoph Janker, Jan-Ingwer Callsen-Bracker, Raphael Framberger, Pierre-Emile Højbjerg, Erik Thommy, Marco Schuster, Tim Rieder, Bastian Kurz, Halil Altıntop, Markus Feulner, Daniel Baier, Jan Moravek, Dong-won Ji, Raúl Bobadilla, Tim Matavz, Shawn Parker, Alexander Esswein, Tobias Werner, Caiuby, Sascha Mölders, Nikola Djurdjic, Maik Uhde"
FC Schalke 04,Bundesliga,2014-2015,6,"Timon Wellenreuther, Ralf Fährmann, Christian Wetklo, Fabian Giefer, Thilo Kehrer, Sead Kolasinac, Marvin Friedrich, Matija Nastasić, Roman Neustädter, Felipe Santana, Benedikt Höwedes, Dennis Aogo, Atsuto Uchida, Christian Fuchs, Joël Matip, Pascal Itter, Leon Goretzka, Kaan Ayhan, Max Meyer, Marcel Sobottka, Axel Borgmann, Jan Kirchhoff, Kevin-Prince Boateng, Marco Höger, Tranquillo Barnetta, Leroy Sané, Julian Draxler, Eric-Maxim Choupo-Moting, Donis Avdijaj, Felix Platte, Maurice Multhaup, Christian Clemens, Jefferson Farfán, Sidney Sam, Chinedu Obasi, Klaas-Jan Huntelaar"
Borussia Dortmund,Bundesliga,2014-2015,7,"Dominik Reimann, Hendrik Bonmann, Zlatan Alomerovic, Roman Weidenfeller, Mitchell Langerak, Matthias Ginter, Marc Hornschuh, Marian Sarr, Jannik Bandowski, Neven Subotic, Mats Hummels, Kevin Großkreutz, Sokratis, Lukasz Piszczek, Marcel Schmelzer, Erik Durm, Jon Gorenc Stankovic, İlkay Gündoğan, Henrikh Mkhitaryan, Jonas Hofmann, Kevin Kampl, Marco Reus, Jeremy Dudziak, Milos Jojic, Shinji Kagawa, Mustafa Amini, Mitsuru Maruoka, Sebastian Kehl, Sven Bender, Nuri Şahin, Oliver Kirch, Pierre-Emerick Aubameyang, Khaled Narey, Ciro Immobile, Joe Gyau, Adrián Ramos, Jakub Blaszczykowski"
TSG 1899 Hoffenheim,Bundesliga,2014-2015,8,"Oliver Baumann, Marvin Schwäbe, Jens Grahl, Alexander Stolz, Niklas Süle, Jeremy Toljan, Kevin Akpoguma, Jannik Vestergaard, Jin-su Kim, Ermin Bicakcic, Andreas Beck, David Abraham, Nadiem Amiri, Grischa Prömel, Janik Haberer, Nicolai Rapp, Steven Zuber, Kevin Volland, Jiloan Hamad, Sejad Salihovic, Sebastian Rudy, Eugen Polanski, Tobias Strobl, Pirmin Schwegler, Roberto Firmino, Anthony Modeste, Sven Schipplock, Tarik Elyounoussi, Ádám Szalai, Kai Herdling"
Eintracht Frankfurt,Bundesliga,2014-2015,9,"Kevin Trapp, Emil Balayev, Timo Hildebrand, Felix Wiedwald, Yannick Zummack, David Kinsombi, Timothy Chandler, Carlos Zambrano, Marco Russ, Bastian Oczipka, Constant Djakpa, Alexander Madlung, Bamba Anderson, Marc Stendera, Lucas Piazón, Sonny Kittel, Slobodan Medojevic, Martin Lanig, Johannes Flum, Makoto Hasebe, Aleksandar Ignjovski, Joel Gerezgiher, Luca Waldschmidt, Takashi Inui, Vaclav Kadlec, Yaffa Yusupha, Haris Seferovic, Nelson Haedo Valdez, Alexander Meier, Stefan Aigner"
SV Werder Bremen,Bundesliga,2014-2015,10,"Michael Zetterer, Koen Casteels, Richard Strebinger, Raphael Wolf, Raif Husic, Jannik Vestergaard, Marnon Busch, Luca Caldirola, Luca Zander, Oliver Hüsing, Santiago García, Alejandro Gálvez, Assani Lukimya, Clemens Fritz, Sebastian Prödl, Theodor Gebre Selassie, Janek Sternberg, Maximilian Eggestein, Lukas Fröde, Martin Kobylanski, Özkan Yıldırım, Ludovic Obraniak, Cédric Makiadi, Levent Ayçiçek, Zlatko Junuzovic, Felix Kroos, Julian von Haacke, Philipp Bargfrede, Davie Selke, Melvyn Lorenzen, Levin Öztunali, Eljero Elia, Nils Petersen, Franco Di Santo, Izet Hajrovic, Fin Bartels"
Hannover 96,Bundesliga,2014-2015,13,"Ron-Robert Zieler, Timo Königsmann, Markus Miller, Robert Almer, Hiroki Sakai, Andre Hoffmann, Florian Ballas, Marcelo, Stefan Thesker, Miiko Albornoz, Salif Sané, João Pereira, Marius Stankevicius, Christian Schulz, Felipe Trevizan, Christian Pander, Niklas Teichgräber, Kenan Karaman, Leonardo Bittencourt, Sebastian Ernst, Hiroshi Kiyotake, Tim Dierßen, Fabian Pietler, Leon Andreasen, Ceyhun Gülselam, Edgar Prib, Manuel Schmiedebach, Lars Stindl, Yannik Schulze, Maurice Hirsch, Joselu, Artur Sobiech, Jan Schlaudraff, Jimmy Briand, Didier Ya Konan"
VfB Stuttgart,Bundesliga,2014-2015,14,"Odysseas Vlachodimos, Sven Ulreich, Thorsten Kirschbaum, Antonio Rüdiger, Timo Baumgartl, Robin Yalçın, Tim Leibold, Gotoku Sakai, Daniel Schwaab, Karim Haggui, Georg Niedermeier, Florian Klein, Adam Hlousek, Konstantin Rausch, Filip Kostić, Carlos Gruezo, Marvin Wanitzek, Oriol Romeu, Alexandru Maxim, Moritz Leitner, Daniel Didavi, Christian Gentner, Geoffroy Serey Dié, Timo Werner, Sercan Sararer, Martin Harnik, Vedad Ibisevic, Mohammed Abdellaoue, Daniel Ginczek, Jerome Kiesewetter"
Hertha BSC,Bundesliga,2014-2015,15,"Marius Gersbeck, Thomas Kraft, Rune Jarstein, Sascha Burchert, Maximilian Mittelstädt, John Brooks, Nico Schulz, Peter Pekarík, John Heitinga, Sebastian Langkamp, Marvin Plattenhardt, Johannes van den Bergh, Fabian Lustenberger, Hany Mukhtar, Genki Haraguchi, Tolga Ciğerci, Per Ciljan Skjelbred, Hajime Hosogai, Marcel Ndjeng, Alexander Baumjohann, Ronny, Jens Hegeler, Peter Niemeyer, Änis Ben-Hatira, Sami Allagui, Salomon Kalou, Valentin Stocker, Julian Schieber, Roy Beerens, Sandro Wagner"
Hamburger SV,Bundesliga,2014-2015,16,"Alexander Brunst, Jaroslav Drobný, René Adler, Jonathan Tah, Gideon Jung, Ronny Marcos, Dennis Diekmeier, Cléber Reis, Heiko Westermann, Johan Djourou, Marcell Jansen, Slobodan Rajković, Julian Green, Tolgay Arslan, Tolcay Cigerci, Lewis Holtby, Matti Steinmann, Matthias Ostrzolek, Marcelo Díaz, Per Ciljan Skjelbred, Milan Badelj, Zoltán Stieber, Petr Jiracek, Valon Behrami, Rafael van der Vaart, Mohamed Gouaida, Nicolai Müller, Sven Mende, Gojko Kacar, Valmir Nafiu, Jacques Zoua, Ivica Olic, Maximilian Beister, Pierre-Michel Lasogga, Ivo Ilicevic, Artjoms Rudnevs, Philipp Müller, Ashton Götz"
SC Freiburg,Bundesliga,2014-2015,17,"Roman Bürki, Daniel Batz, Sebastian Mielitz, Marc Oliver Kempf, Christian Günter, Christopher Jullien, Stefan Mitrovic, Pavel Krmas, Marc Torrejón, Sascha Riether, Mensur Mujdza, Oliver Sorg, Immanuel Höhn, Mats Møller Dæhli, Felix Klaus, Nicolas Höfler, Vladimír Darida, Sebastian Kerk, Jonathan Schmid, Mike Frantz, Julian Schuster, Caleb Stanko, Maximilian Philipp, Sebastian Freis, Philipp Zulechner, Dani Schahin, Admir Mehmedi, Nils Petersen, Karim Guédé, Florian Kath"
SC Paderborn 07,Bundesliga,2014-2015,18,"Alexander Nübel, Lukas Kruse, Nico Burchert, Daniel Lück, Florian Hartherz, Uwe Hünemeier, Rafa López, Patrick Ziegler, Jens Wemmer, Christian Strohdiek, Thomas Bertels, Daniel Brückner, Michael Heinloth, Tim Welker, Mirnes Pepic, Lukas Rupp, Moritz Stoppelkamp, Marvin Bakalorz, Mario Vrancic, Alban Meha, Marvin Ducksch, Stefan Kutschke, Elias Kachunga, Mahir Saglik, Marc Vucinovic, Idir Ouali, Srdjan Lakic, Süleyman Koç"
Bayern Munich,Bundesliga,2015-2016,1,"Manuel Neuer, Ivan Lucic, Sven Ulreich, Tom Starke, David Alaba, Juan Bernat, Javi Martínez, Dante, Phillipp Steinhart, Serdar Taşçı, Medhi Benatia, Rafinha, Jérôme Boateng, Philipp Lahm, Holger Badstuber, Joshua Kimmich, Pierre-Emile Højbjerg, Mario Götze, Julian Green, Milos Pantovic, Gianluca Gaudino, Arturo Vidal, Patrick Weihrauch, Jan Kirchhoff, Thiago Alcántara, Xabi Alonso, Sebastian Rode, Kingsley Coman, Robert Lewandowski, Thomas Müller, Douglas Costa, Fabian Benko, Franck Ribéry, Arjen Robben"
Borussia Dortmund,Bundesliga,2015-2016,2,"Roman Bürki, Hendrik Bonmann, Roman Weidenfeller, Matthias Ginter, Pascal Stenzel, Felix Passlack, Patrick Fritsch, Ju-ho Park, Neven Subotic, Mats Hummels, Sokratis, Lukasz Piszczek, Marcel Schmelzer, Erik Durm, Julian Weigl, Jon Gorenc Stankovic, İlkay Gündoğan, Henrikh Mkhitaryan, Jonas Hofmann, Kevin Kampl, Marco Reus, Shinji Kagawa, Sven Bender, Moritz Leitner, Nuri Şahin, Gonzalo Castro, Christian Pulisic, Pierre-Emerick Aubameyang, Adnan Januzaj, Adrián Ramos"
Bayer 04 Leverkusen,Bundesliga,2015-2016,3,"Bernd Leno, David Yelldell, Dario Kresic, Jonathan Tah, Benjamin Henrichs, Tin Jedvaj, Wendell, André Ramalho, Konstantinos Stafylidis, Lukas Boeder, Joel Abu Hanna, Giulio Donati, Kyriakos Papadopoulos, Roberto Hilbert, Sebastian Boenisch, Ömer Toprak, Robin Becker, Hakan Çalhanoğlu, Julian Brandt, Kevin Kampl, Charles Aránguiz, Vladlen Yurchenko, Seung-woo Ryu, Marlon Frey, Patrik Dzalto, Lars Bender, Christoph Kramer, Heung-min Son, Chicharito, Stefan Kießling, Admir Mehmedi, Robbie Kruse, Karim Bellarabi"
Borussia Mönchengladbach,Bundesliga,2015-2016,4,"Yann Sommer, Tobias Sippel, Christofer Heimeroth, Andreas Christensen, Nico Elvedi, Nico Schulz, Julian Korb, Roel Brouwers, Martin Hinteregger, Álvaro Domínguez, Oscar Wendt, Tony Jantschke, Martin Stranzl, Granit Xhaka, Djibril Sow, Thorgan Hazard, Mahmoud Dahoud, Jonas Hofmann, Marlon Ritter, Marvin Schulz, Branimir Hrgota, Håvard Nordtveit, Lars Stindl, Fabian Johnson, Josip Drmic, Patrick Herrmann, Raffael, Ibrahima Traoré, André Hahn"
FC Schalke 04,Bundesliga,2015-2016,5,"Alexander Nübel, Ralf Fährmann, Christian Wetklo, Michael Gspurning, Fabian Giefer, Thilo Kehrer, Sead Kolasinac, Marvin Friedrich, Matija Nastasić, Roman Neustädter, Júnior Caiçara, Benedikt Höwedes, Dennis Aogo, Atsuto Uchida, Sascha Riether, Joël Matip, Pierre-Emile Højbjerg, Leon Goretzka, Kaan Ayhan, Max Meyer, Younès Belhanda, Alessandro Schöpf, Johannes Geis, Marco Höger, Leroy Sané, Fabian Reese, Julian Draxler, Eric-Maxim Choupo-Moting, Felix Platte, Franco Di Santo, Sidney Sam, Klaas-Jan Huntelaar"
Hertha BSC,Bundesliga,2015-2016,7,"Marius Gersbeck, Nils Körber, Thomas Kraft, Rune Jarstein, Sascha Burchert, Maximilian Mittelstädt, Niklas Stark, Mitchell Weiser, John Brooks, Nico Schulz, Peter Pekarík, Yanni Regäsel, Sebastian Langkamp, Marvin Plattenhardt, Johannes van den Bergh, Fabian Lustenberger, Shawn Kauter, Nico Beyer, Vladimír Darida, Genki Haraguchi, Tolga Ciğerci, Per Ciljan Skjelbred, Alexander Baumjohann, Ronny, Jens Hegeler, Florian Kohls, Änis Ben-Hatira, Salomon Kalou, Sami Allagui, Valentin Stocker, Julian Schieber, Sinan Kurt, Vedad Ibisevic, Roy Beerens"
VfL Wolfsburg,Bundesliga,2015-2016,8,"Koen Casteels, Max Grün, Diego Benaglio, Niklas Klinger, Ricardo Rodríguez, Jannes Horn, Dante, Robin Knoche, Sebastian Jung, Sebastian Stolze, Carlos Ascues, Marcel Schäfer, Timm Klose, Vieirinha, Naldo, Felipe Lopes, Moritz Sprenger, Kevin De Bruyne, Maximilian Arnold, Paul Seguin, Josuha Guilavogui, Luiz Gustavo, Ismail Azzaoui, Aaron Hunt, Christian Träsch, Francisco Rodríguez, Julian Draxler, Ivan Perišić, Bruno Henrique, Leandro Putaro, Nicklas Bendtner, Daniel Caligiuri, Max Kruse, Bas Dost, André Schürrle"
Hamburger SV,Bundesliga,2015-2016,10,"Andreas Hirzel, Tom Mickel, Tino Dehmelt, Jaroslav Drobný, René Adler, Gideon Jung, Gotoku Sakai, Dennis Diekmeier, Cléber Reis, Emir Spahic, Johan Djourou, Kerim Carolus, Kerem Demirbay, Finn Porath, Lewis Holtby, Ahmet Arslan, Matthias Ostrzolek, Marcelo Díaz, Zoltán Stieber, Aaron Hunt, Dren Feka, Albin Ekdal, Nicolai Müller, Gojko Kacar, Michael Gregoritsch, Josip Drmic, Nabil Bahoui, Batuhan Altıntaş, Ivo Ilicevic, Sven Schipplock, Pierre-Michel Lasogga, Ivica Olic, Artjoms Rudnevs, Philipp Müller, Ashton Götz"
FC Augsburg,Bundesliga,2015-2016,12,"Ioannis Gelios, Marwin Hitz, Yannik Oettl, Alexander Manninger, Abdul Rahman Baba, Dominik Kohr, Jeffrey Gouweleeuw, Philipp Max, Konstantinos Stafylidis, Jeong-ho Hong, Max Reinthaler, Arif Ekin, Paul Verhaegh, Daniel Opare, Ragnar Klavan, Christoph Janker, Jan-Ingwer Callsen-Bracker, Raphael Framberger, Erik Thommy, Marco Schuster, Tim Rieder, Bastian Kurz, Halil Altıntop, Markus Feulner, Daniel Baier, Jan Moravek, Piotr Trochowski, Ja-cheol Koo, Albian Ajeti, Dong-won Ji, Raúl Bobadilla, Tim Matavz, Sascha Mölders, Shawn Parker, Alexander Esswein, Tobias Werner, Alfred Finnbogason, Caiuby, Maik Uhde"
SV Werder Bremen,Bundesliga,2015-2016,13,"Michael Zetterer, Eric Oelschlägel, Raphael Wolf, Gerhard Tremmel, Felix Wiedwald, Ulisses Garcia, Milos Veljkovic, Jannik Vestergaard, Marnon Busch, Leon Guwara, Luca Zander, Papy Djilobodji, Assani Lukimya, Santiago García, Alejandro Gálvez, Clemens Fritz, Mateo Pavlovic, Theodor Gebre Selassie, Oliver Hüsing, Janek Sternberg, Maximilian Eggestein, Florian Grillitsch, Lukas Fröde, László Kleinheisler, Özkan Yıldırım, Felix Kroos, Levent Ayçiçek, Marcel Hilßner, Sambou Yatabaré, Zlatko Junuzovic, Julian von Haacke, Philipp Bargfrede, Melvyn Lorenzen, Aron Jóhannsson, Levin Öztunali, Izet Hajrovic, Claudio Pizarro, Anthony Ujah, Fin Bartels"
SV Darmstadt 98,Bundesliga,2015-2016,14,"Christian Mathenia, Patrick Platins, Lukasz Zaluska, Luca Caldirola, Fabian Holland, Michael Stegmayer, Aytac Sulu, Benjamin Gorka, György Garics, Júnior Díaz, Sandro Sirigu, Florian Jungwirth, Konstantin Rausch, Slobodan Rajković, Jan Finger, Tobias Kempe, Yannick Stark, Mario Vrancic, Jérôme Gondorf, Peter Niemeyer, Marcel Heller, Milan Ivana, Ali Kazimi, Nick Volk, Noel Wembacher, Felix Platte, Marco Sailer, Dominik Stroh-Engel, Jan Rosenthal, Sandro Wagner"
TSG 1899 Hoffenheim,Bundesliga,2015-2016,15,"Oliver Baumann, Jens Grahl, Alexander Stolz, Fabian Schär, Niklas Süle, Benedikt Gimber, Jeremy Toljan, Pavel Kaderabek, Jin-su Kim, Ermin Bicakcic, Joelinton, Nadiem Amiri, Andrej Kramaric, Steven Zuber, Kevin Volland, Jiloan Hamad, Jonathan Schmid, Sebastian Rudy, Eugen Polanski, Tobias Strobl, Pirmin Schwegler, Russell Canouse, Baris Atik, Eduardo Vargas, Philipp Ochs, Ádám Szalai, Tarik Elyounoussi, Mark Uth, Kevin Kuranyi, Kai Herdling"
Eintracht Frankfurt,Bundesliga,2015-2016,16,"Lukas Hradecky, Heinz Lindner, Emil Balayev, Yannick Zummack, David Kinsombi, Timothy Chandler, Carlos Zambrano, Yanni Regäsel, Marco Russ, Bastian Oczipka, Constant Djakpa, David Abraham, Bamba Anderson, Kaan Ayhan, Mijat Gacinovic, Marc Stendera, Sonny Kittel, Slobodan Medojevic, Stefan Reinartz, Joel Gerezgiher, Szabolcs Huszti, Marco Fabián, Johannes Flum, Makoto Hasebe, Aleksandar Ignjovski, Nico Rinderknecht, Luca Waldschmidt, Takashi Inui, Änis Ben-Hatira, Vaclav Kadlec, Haris Seferovic, Alexander Meier, Stefan Aigner, Luc Castaignos, Enis Bunjaki"
VfB Stuttgart,Bundesliga,2015-2016,17,"Odysseas Vlachodimos, Benjamin Uphoff, Przemyslaw Tyton, Mitchell Langerak, Timo Baumgartl, Federico Barba, Matthias Zimmermann, Philip Heise, Emiliano Insúa, Daniel Schwaab, Toni Sunjic, Georg Niedermeier, Kevin Großkreutz, Florian Klein, Adam Hlousek, Stephen Sama, Filip Kostić, Kevin Stöger, Carlos Gruezo, Marvin Wanitzek, Alexandru Maxim, Boris Tashchy, Mart Ristl, Lukas Rupp, Daniel Didavi, Christian Gentner, Geoffroy Serey Dié, Timo Werner, Jan Kliment, Arianit Ferati, Martin Harnik, Robbie Kruse, Artem Kravets, Daniel Ginczek"
Hannover 96,Bundesliga,2015-2016,18,"Ron-Robert Zieler, Samuel Sahin-Radlinger, Timo Königsmann, Philipp Tschauner, Waldemar Anton, Marius Wolf, Hiroki Sakai, Andre Hoffmann, Marcelo, Alexander Milosevic, Fynn Arkenberg, Miiko Albornoz, Salif Sané, Christian Schulz, Felipe Trevizan, Vladimir Rankovic, Oliver Sorg, Kenan Karaman, Felix Klaus, Iver Fossum, Mike-Steven Bähre, Hotaru Yamaguchi, Hiroshi Kiyotake, Tim Dierßen, Maurice Hirsch, Niklas Feierabend, Leon Andreasen, Ceyhun Gülselam, Edgar Prib, Manuel Schmiedebach, Allan Saint-Maximin, Noah Sarenren Bazee, Valmir Sulejmani, Charlison Benschop, Mevlüt Erdinç, Artur Sobiech, Uffe Bech, Hugo Almeida, Ádám Szalai"
Bayern Munich,Bundesliga,2016-2017,1,"Manuel Neuer, Sven Ulreich, Leo Weinkauf, Tom Starke, Marco Friedl, David Alaba, Felix Götze, Juan Bernat, Javi Martínez, Medhi Benatia, Mats Hummels, Rafinha, Jérôme Boateng, Philipp Lahm, Holger Badstuber, Joshua Kimmich, Niklas Dorsch, Renato Sanches, Raphael Obermair, Julian Green, Gianluca Gaudino, Arturo Vidal, Thiago Alcántara, Xabi Alonso, Erdal Öztürk, Nicolas Feldhahn, Kingsley Coman, Robert Lewandowski, Thomas Müller, Douglas Costa, Franck Ribéry, Arjen Robben, Fabian Benko"
RB Leipzig,Bundesliga,2016-2017,2,"Péter Gulácsi, Marius Müller, Benjamin Bellot, Fabio Coltorti, Dayot Upamecano, Willi Orbán, Bernardo, Lukas Klostermann, Anthony Jung, Atınç Nukan, Dominik Franke, Ken Gipson, Kyriakos Papadopoulos, Marcel Halstenberg, Marvin Compper, Marcel Sabitzer, Rani Khedira, Naby Keïta, Diego Demme, John-Patrick Strauß, Benno Schmitz, Federico Palacios, Zsolt Kalmár, Kamil Wojtkowski, Stefan Ilsanker, Dominik Kaiser, Oliver Burke, Timo Werner, Davie Selke, Emil Forsberg, Yussuf Poulsen, Massimo Bruno, Nils Quaschner"
Borussia Dortmund,Bundesliga,2016-2017,3,"Roman Bürki, Hendrik Bonmann, Roman Weidenfeller, Raphaël Guerreiro, Matthias Ginter, Marc Bartra, Felix Passlack, Ju-ho Park, Neven Subotic, Sokratis, Lukasz Piszczek, Marcel Schmelzer, Erik Durm, Mikel Merino, Julian Weigl, Mario Götze, Marco Reus, Dzenis Burnic, Shinji Kagawa, Sven Bender, Nuri Şahin, Sebastian Rode, Gonzalo Castro, Alexander Isak, Ousmane Dembélé, Christian Pulisic, Jacob Bruun Larsen, Pierre-Emerick Aubameyang, Emre Mor, Adrián Ramos, André Schürrle"
TSG 1899 Hoffenheim,Bundesliga,2016-2017,4,"Gregor Kobel, Oliver Baumann, Alexander Stolz, Fabian Schär, Stefan Posch, Niklas Süle, Benedikt Gimber, Jeremy Toljan, Kevin Akpoguma, Pavel Kaderabek, Danilo Soares, Kevin Vogt, Ermin Bicakcic, Benjamin Hübner, Nadiem Amiri, Andrej Kramaric, Kerem Demirbay, Dennis Geiger, Nicolai Rapp, Steven Zuber, Lukas Rupp, Sebastian Rudy, Eugen Polanski, Pirmin Schwegler, Baris Atik, Antonio Colak, Eduardo Vargas, In-hyeok Park, Philipp Ochs, Sandro Wagner, Mark Uth, Marco Terrazzino, Ádám Szalai"
Hertha BSC,Bundesliga,2016-2017,6,"Nils Körber, Thomas Kraft, Rune Jarstein, Maximilian Mittelstädt, Jordan Torunarigha, Niklas Stark, Mitchell Weiser, John Brooks, Peter Pekarík, Marcus Mlynikowski, Sebastian Langkamp, Marvin Plattenhardt, Fabian Lustenberger, Florian Baak, Ondrej Duda, Allan, Arne Maier, Vladimír Darida, Julius Kade, Genki Haraguchi, Tolga Ciğerci, Jens Hegeler, Per Ciljan Skjelbred, Alexander Baumjohann, Florian Kohls, Palkó Dárdai, Alexander Esswein, Salomon Kalou, Sami Allagui, Valentin Stocker, Julian Schieber, Sinan Kurt, Vedad Ibisevic"
SC Freiburg,Bundesliga,2016-2017,7,"Alexander Schwolow, Rafał Gikiewicz, Patric Klandt, Çağlar Söyüncü, Marc Oliver Kempf, Christian Günter, Lukas Kübler, Jonas Föhrenbach, Pascal Stenzel, Onur Bulut, Fabian Menig, Marc Torrejón, Manuel Gulde, Georg Niedermeier, Vincent Sierro, Janik Haberer, Mats Møller Dæhli, Jonas Meffert, Nicolas Höfler, Sebastian Kerk, Amir Abrashi, Lucas Hufnagel, Caleb Stanko, Aleksandar Ignjovski, Mike Frantz, Julian Schuster, Tim Kleindienst, Vincenzo Grifo, Maximilian Philipp, Fabian Schleusener, Havard Nielsen, Florian Niederlechner, Florian Kath, Nils Petersen, Karim Guédé, Amir Falahen"
SV Werder Bremen,Bundesliga,2016-2017,8,"Michael Zetterer, Eric Oelschlägel, Raphael Wolf, Jaroslav Drobný, Felix Wiedwald, Ulisses Garcia, Milos Veljkovic, Marnon Busch, Robert Bauer, Luca Caldirola, Leon Guwara, Luca Zander, Fallou Diagne, Janek Sternberg, Santiago García, Clemens Fritz, Niklas Moisander, Theodor Gebre Selassie, Lamine Sané, Maximilian Eggestein, Florian Grillitsch, Florian Kainz, Niklas Schmidt, Thomas Delaney, Lukas Fröde, Thanos Petsos, Levent Ayçiçek, Sambou Yatabaré, Zlatko Junuzovic, Philipp Bargfrede, Serge Gnabry, Johannes Eggestein, Lennart Thy, Melvyn Lorenzen, Aron Jóhannsson, Max Kruse, Claudio Pizarro, Izet Hajrovic, Justin Eilers, Fin Bartels, Ousman Manneh"
Borussia Mönchengladbach,Bundesliga,2016-2017,9,"Moritz Nicolas, Yann Sommer, Tobias Sippel, Christofer Heimeroth, Andreas Christensen, Nico Elvedi, Jannik Vestergaard, Nico Schulz, Timothée Kolodziejczak, Julian Korb, Oscar Wendt, Tony Jantschke, Mamadou Doucouré, Djibril Sow, László Bénes, Thorgan Hazard, Mahmoud Dahoud, Jonas Hofmann, Tsiy Ndenge, Marvin Schulz, Nils Rütten, Tobias Strobl, Christoph Kramer, Lars Stindl, Fabian Johnson, Ba-Muaka Simakala, Josip Drmic, Mike Feigenspan, Julio Villalba, Patrick Herrmann, Raffael, Ibrahima Traoré, André Hahn"
FC Schalke 04,Bundesliga,2016-2017,10,"Alexander Nübel, Timon Wellenreuther, Ralf Fährmann, Fabian Giefer, Thilo Kehrer, Sead Kolasinac, Phil Neumann, Abdul Rahman Baba, Matija Nastasić, Joshua Bitter, Holger Badstuber, Júnior Caiçara, Benedikt Höwedes, Dennis Aogo, Atsuto Uchida, Coke, Sascha Riether, Naldo, Weston McKennie, Leon Goretzka, Nabil Bentaleb, Kaan Ayhan, Max Meyer, Alessandro Schöpf, Benjamin Stambouli, Johannes Geis, Haji Wright, Breel Embolo, Fabian Reese, Bernard Tekpetey, Eric-Maxim Choupo-Moting, Donis Avdijaj, Felix Platte, Sidney Sam, Yevgen Konoplyanka, Franco Di Santo, Daniel Caligiuri, Guido Burgstaller, Klaas-Jan Huntelaar"
Eintracht Frankfurt,Bundesliga,2016-2017,11,"Lukas Hradecky, Heinz Lindner, Leon Bätge, Marius Wolf, Guillermo Varela, Jesús Vallejo, Timothy Chandler, Michael Hector, Noel Knothe, Deji Beyreuther, Yanni Regäsel, Marco Russ, Bastian Oczipka, David Abraham, Andersson Ordóñez, Taleb Tawatha, Furkan Zorba, Mijat Gacinovic, Omar Mascarell, Max Besuschkow, Branimir Hrgota, Aymen Barkok, Marc Stendera, Slobodan Medojevic, Szabolcs Huszti, Marco Fabián, Makoto Hasebe, Miguel Blanco-Lopez, Ante Rebić, Luc Castaignos, Shani Tarashaj, Enis Bunjaki, Danny Blum, Haris Seferovic, Alexander Meier"
Bayer 04 Leverkusen,Bundesliga,2016-2017,12,"Bernd Leno, Niklas Lomb, Ramazan Özcan, Jonathan Tah, Benjamin Henrichs, Tin Jedvaj, Wendell, André Ramalho, Danny da Costa, Aleksandar Dragovic, Andrejs Ciganiks, Lukas Boeder, Joel Abu Hanna, Robin Becker, Kyriakos Papadopoulos, Roberto Hilbert, Ömer Toprak, Hakan Çalhanoğlu, Julian Brandt, Kevin Kampl, Charles Aránguiz, Kevin Volland, Vladlen Yurchenko, Atakan Akkaynak, Seung-woo Ryu, Paterson Chato, Marlon Frey, Patrik Dzalto, Lars Bender, Julian Baumgartlinger, Kai Havertz, Leon Bailey, Joel Pohjanpalo, Chicharito, Marc Brasnic, Stefan Kießling, Admir Mehmedi, Robbie Kruse, Karim Bellarabi"
FC Augsburg,Bundesliga,2016-2017,13,"Ioannis Gelios, Marwin Hitz, Andreas Luthe, Kevin Danso, Dominik Kohr, Marvin Friedrich, Jeffrey Gouweleeuw, Philipp Max, Konstantinos Stafylidis, Daniel Opare, Paul Verhaegh, Christoph Janker, Jan-Ingwer Callsen-Bracker, Georg Teigl, Raphael Framberger, Martin Hinteregger, Erik Thommy, Marco Schuster, Julian Günther-Schmidt, Tim Rieder, Jonathan Schmid, Moritz Leitner, Halil Altıntop, Markus Feulner, Daniel Baier, Jan Moravek, Ja-cheol Koo, Gojko Kacar, Albian Ajeti, Takashi Usami, Dong-won Ji, Raúl Bobadilla, Tim Matavz, Alexander Esswein, Shawn Parker, Alfred Finnbogason, Caiuby"
Hamburger SV,Bundesliga,2016-2017,14,"Christian Mathenia, Andreas Hirzel, René Adler, Tom Mickel, Douglas Santos, Mats Köhlert, Gideon Jung, Frank Ronstadt, Gotoku Sakai, Emir Spahic, Kyriakos Papadopoulos, Cléber Reis, Dennis Diekmeier, Johan Djourou, Mergim Mavraj, Oliver Oschkenat, Walace, Filip Kostić, Finn Porath, Alen Halilovic, Lewis Holtby, Vasilije Janjicic, Matthias Ostrzolek, Mohamed Gouaida, Aaron Hunt, Dren Feka, Albin Ekdal, Nicolai Müller, Luca Waldschmidt, Michael Gregoritsch, Bakery Jatta, Arianit Ferati, Bobby Wood, Nabil Bahoui, Batuhan Altıntaş, Sven Schipplock, Pierre-Michel Lasogga, Ashton Götz"
VfL Wolfsburg,Bundesliga,2016-2017,16,"Koen Casteels, Phillip Menzel, Patrick Drewes, Max Grün, Diego Benaglio, Riechedly Bazoer, Ricardo Rodríguez, Luca Itter, Jannes Horn, Robin Knoche, Sebastian Jung, Robin Ziegele, Carlos Ascues, Marcel Schäfer, Philipp Wollscheid, Moritz Sprenger, Jeffrey Bruma, Vieirinha, Hendrik Hansen, Maximilian Arnold, Yannick Gerhardt, Amara Condé, Paul Seguin, Josuha Guilavogui, Luiz Gustavo, Ismail Azzaoui, Yunus Mallı, Francisco Rodríguez, Daniel Didavi, Christian Träsch, Justin Möbius, Victor Osimhen, Borja Mayoral, Julian Draxler, Josip Brekalo, Bruno Henrique, Leandro Putaro, Daniel Caligiuri, Bas Dost, Paul-Georges Ntep, Jakub Blaszczykowski, Ashkan Dejagah, Mario Gómez"
SV Darmstadt 98,Bundesliga,2016-2017,18,"Daniel Heuer Fernandes, Igor Berezovskyi, Michael Esser, Leon Guwara, Fabian Holland, Alexander Milosevic, Wilson Kamavuaka, Florian Jungwirth, Júnior Díaz, Aytac Sulu, Benjamin Gorka, Artem Fedetskyi, Markus Steinhöfer, Sandro Sirigu, Immanuel Höhn, Patrick Banggaard, Can Luka Aydogan, Johannes Wolff, Silas Zehnder, László Kleinheisler, Yannick Stark, Mario Vrancic, Jérôme Gondorf, Peter Niemeyer, Marcel Heller, Hamit Altıntop, Liam Fisch, Daniel Thur, Antonio Colak, Felix Platte, Terrence Boyd, Änis Ben-Hatira, Victor Obinna, Sidney Sam, Sven Schipplock, Roman Bezjak, Dominik Stroh-Engel, Jan Rosenthal, Denys Oliynyk"
Bayern Munich,Bundesliga,2017-2018,1,"Manuel Neuer, Ron-Thorben Hoffmann, Christian Früchtl, Sven Ulreich, Leo Weinkauf, Tom Starke, Marco Friedl, Niklas Süle, David Alaba, Lukas Mai, Felix Götze, Juan Bernat, Javi Martínez, Jonathan Meier, Mats Hummels, Rafinha, Jérôme Boateng, Joshua Kimmich, Corentin Tolisso, Timothy Tillman, Niklas Dorsch, Renato Sanches, James Rodríguez, Milos Pantovic, Arturo Vidal, Meritan Shabani, Thiago Alcántara, Sebastian Rudy, Kingsley Coman, Robert Lewandowski, Thomas Müller, Franck Evina, Manuel Wintzheimer, Kwasi Wriedt, Sandro Wagner, Franck Ribéry, Arjen Robben, Fabian Benko"
FC Schalke 04,Bundesliga,2017-2018,2,"Alexander Nübel, Ralf Fährmann, Michael Langer, Thilo Kehrer, Abdul Rahman Baba, Matija Nastasić, Pablo Insua, Benedikt Höwedes, Coke, Sascha Riether, Bastian Oczipka, Naldo, Weston McKennie, Leon Goretzka, Amine Harit, Nabil Bentaleb, Max Meyer, Alessandro Schöpf, Benjamin Stambouli, Johannes Geis, Breel Embolo, Fabian Reese, Bernard Tekpetey, Marko Pjaca, Cedric Teuchert, Franco Di Santo, Yevgen Konoplyanka, Daniel Caligiuri, Guido Burgstaller"
TSG 1899 Hoffenheim,Bundesliga,2017-2018,3,"Gregor Kobel, Oliver Baumann, Alexander Stolz, Stefan Posch, Jeremy Toljan, Kevin Akpoguma, Pavel Kaderabek, Felix Passlack, Alexander Rossipal, Justin Hoogma, Simon Lorenz, Kevin Vogt, Ermin Bicakcic, Nico Schulz, Benjamin Hübner, Nadiem Amiri, Andrej Kramaric, Florian Grillitsch, Kerem Demirbay, Dennis Geiger, Steven Zuber, Robert Zulj, Maximilian Waack, Lukas Rupp, Johannes Bühler, Håvard Nordtveit, Eugen Polanski, Serge Gnabry, Robin Hack, David Otto, Philipp Ochs, Nicolas Wähling, Meris Skenderovic, Sandro Wagner, Mark Uth, Ádám Szalai"
Borussia Dortmund,Bundesliga,2017-2018,4,"Roman Bürki, Dominik Reimann, Roman Weidenfeller, Manuel Akanji, Sergio Gómez, Raphaël Guerreiro, Jeremy Toljan, Dan-Axel Zagadou, Marc Bartra, Felix Passlack, Neven Subotic, Sokratis, Lukasz Piszczek, Marcel Schmelzer, Ömer Toprak, Erik Durm, Julian Weigl, Mario Götze, Mahmoud Dahoud, Marco Reus, Shinji Kagawa, Nuri Şahin, Sebastian Rode, Gonzalo Castro, Alexander Isak, Ousmane Dembélé, Christian Pulisic, Jadon Sancho, Niklas Beste, Jacob Bruun Larsen, Pierre-Emerick Aubameyang, Michy Batshuayi, Andriy Yarmolenko, Maximilian Philipp, André Schürrle"
Bayer 04 Leverkusen,Bundesliga,2017-2018,5,"Bernd Leno, Niklas Lomb, Ramazan Özcan, Jonathan Tah, Benjamin Henrichs, Panagiotis Retsos, Tin Jedvaj, Wendell, Dominik Kohr, André Ramalho, Aleksandar Dragovic, Julian Brandt, Kevin Kampl, Charles Aránguiz, Kevin Volland, Vladlen Yurchenko, Marlon Frey, Sven Bender, Lars Bender, Julian Baumgartlinger, Kai Havertz, Leon Bailey, Joel Pohjanpalo, Lucas Alario, Admir Mehmedi, Stefan Kießling, Karim Bellarabi"
RB Leipzig,Bundesliga,2017-2018,6,"Philipp Köhn, Yvon Mvogo, Péter Gulácsi, Fabio Coltorti, Dayot Upamecano, Ibrahima Konaté, Konrad Laimer, Willi Orbán, Bernardo, Lukas Klostermann, Marvin Compper, Marcel Halstenberg, Marcel Sabitzer, Kevin Kampl, Naby Keïta, Diego Demme, Benno Schmitz, Niclas Stierlin, Federico Palacios, Stefan Ilsanker, Dominik Kaiser, Ademola Lookman, Bruma, Oliver Burke, Timo Werner, Emil Forsberg, Yussuf Poulsen, Jean-Kévin Augustin"
VfB Stuttgart,Bundesliga,2017-2018,7,"Alexander Meyer, Ron-Robert Zieler, Jens Grahl, Mitchell Langerak, Benjamin Pavard, Timo Baumgartl, Matthias Zimmermann, Marcin Kaminski, Alexander Groiß, Emiliano Insúa, Dennis Aogo, Holger Badstuber, Aílton, Andreas Beck, Orel Mangala, Santiago Ascacíbar, Berkay Özcan, Anto Grgic, Erik Thommy, Dzenis Burnic, Julian Green, Nicolas Sessa, Ebenezer Ofori, Christian Gentner, Jacob Bruun Larsen, Josip Brekalo, Takuma Asano, Carlos Mané, Chadrac Akolo, Anastasios Donis, Simon Terodde, Mario Gómez, Daniel Ginczek, Pascal Breier"
Eintracht Frankfurt,Bundesliga,2017-2018,8,"Lukas Hradecky, Leon Bätge, Jan Zimmermann, Marius Wolf, Carlos Salcedo, Danny da Costa, Timothy Chandler, Jetro Willems, Simon Falette, Noel Knothe, David Abraham, Marco Russ, Deji Beyreuther, Taleb Tawatha, Daichi Kamada, Mijat Gacinovic, Omar Mascarell, Max Besuschkow, Branimir Hrgota, Aymen Barkok, Marijan Cavar, Marc Stendera, Şahverdi Çetin, Slobodan Medojevic, Jonathan de Guzmán, Gelson Fernandes, Marco Fabián, Kevin-Prince Boateng, Makoto Hasebe, Nelson Mandela Mbouhom, Luka Jović, Sébastien Haller, Ante Rebić, Renat Dadashov, Danny Blum, Alexander Meier"
Borussia Mönchengladbach,Bundesliga,2017-2018,9,"Moritz Nicolas, Yann Sommer, Tobias Sippel, Christofer Heimeroth, Nico Elvedi, Matthias Ginter, Jordan Beyer, Jannik Vestergaard, Reece Oxford, Mandela Egbo, Florian Mayer, Justin Hoffmanns, Oscar Wendt, Tony Jantschke, Mamadou Doucouré, Denis Zakaria, Michaël Cuisance, László Bénes, Thorgan Hazard, Jonas Hofmann, Marcel Benger, Aaron Herzog, Tobias Strobl, Christoph Kramer, Lars Stindl, Fabian Johnson, Vincenzo Grifo, Ba-Muaka Simakala, Josip Drmic, Raúl Bobadilla, Kwame Yeboah, Patrick Herrmann, Raffael, Ibrahima Traoré, Julio Villalba"
Hertha BSC,Bundesliga,2017-2018,10,"Jonathan Klinsmann, Dennis Smarsch, Thomas Kraft, Rune Jarstein, Maximilian Mittelstädt, Valentino Lazaro, Jordan Torunarigha, Niklas Stark, Mitchell Weiser, Karim Rekik, Peter Pekarík, Sebastian Langkamp, Marvin Plattenhardt, Fabian Lustenberger, Florian Baak, Ondrej Duda, Arne Maier, Vladimír Darida, Julius Kade, Genki Haraguchi, Maurice Covic, Per Ciljan Skjelbred, Sidney Friede, Davie Selke, Palkó Dárdai, Mathew Leckie, Valentin Stocker, Alexander Esswein, Salomon Kalou, Julian Schieber, Sinan Kurt, Vedad Ibisevic"
SV Werder Bremen,Bundesliga,2017-2018,11,"Michael Zetterer, Jiri Pavlenka, Luca Plogmann, Jaroslav Drobný, Marco Friedl, Ulisses Garcia, Milos Veljkovic, Ludwig Augustinsson, Robert Bauer, Luca Caldirola, Jesper Verlaat, Lamine Sané, Sebastian Langkamp, Niklas Moisander, Theodor Gebre Selassie, Maximilian Eggestein, Florian Kainz, Niklas Schmidt, Thomas Delaney, Thore Jacobsen, Ole Käuper, Jérôme Gondorf, Zlatko Junuzovic, Philipp Bargfrede, Milot Rashica, Johannes Eggestein, Yuning Zhang, Ishak Belfodil, Aron Jóhannsson, Izet Hajrovic, Max Kruse, Justin Eilers, Fin Bartels"
FC Augsburg,Bundesliga,2017-2018,12,"Ioannis Gelios, Marwin Hitz, Andreas Luthe, Fabian Giefer, Kevin Danso, Jeffrey Gouweleeuw, Simon Asta, Philipp Max, Konstantinos Stafylidis, Kilian Jakob, Jan-Ingwer Callsen-Bracker, Daniel Opare, Christoph Janker, Raphael Framberger, Martin Hinteregger, Rani Khedira, Marco Richter, Erik Thommy, Efkan Bekiroğlu, Romario Rösch, Jonathan Schmid, Marcel Heller, Daniel Baier, Jan Moravek, Ja-cheol Koo, Gojko Kacar, Maurice Malone, Sergio Córdova, Michael Gregoritsch, Dong-won Ji, Shawn Parker, Alfred Finnbogason, Caiuby"
Hannover 96,Bundesliga,2017-2018,13,"Samuel Sahin-Radlinger, Philipp Tschauner, Michael Esser, Marlon Sündermann, Waldemar Anton, Timo Hübers, Josip Elez, Florian Hübner, Julian Korb, Miiko Albornoz, Felipe Trevizan, Salif Sané, Oliver Sorg, Kenan Karaman, Felix Klaus, Iver Fossum, Mike-Steven Bähre, Matthias Ostrzolek, Marvin Bakalorz, Edgar Prib, Manuel Schmiedebach, Sebastian Maier, Pirmin Schwegler, Niclas Füllkrug, Linton Maina, Ihlas Bebou, Noah Sarenren Bazee, Charlison Benschop, Jonathas, Martin Harnik"
SC Freiburg,Bundesliga,2017-2018,15,"Alexander Schwolow, Rafał Gikiewicz, Patric Klandt, Robin Koch, Philipp Lienhart, Çağlar Söyüncü, Marc Oliver Kempf, Christian Günter, Lukas Kübler, Pascal Stenzel, Chima Okoroji, Onur Bulut, Patrick Kammerbauer, Mohamed Dräger, Manuel Gulde, Georg Niedermeier, Gaëtan Bussmann, Vincent Sierro, Janik Haberer, Bartosz Kapustka, Jonas Meffert, Nicolas Höfler, Amir Abrashi, Aleksandar Ignjovski, Mike Frantz, Julian Schuster, Caleb Stanko, Tim Kleindienst, Lucas Höler, Ryan Kent, Florian Niederlechner, Marco Terrazzino, Yoric Ravet, Nils Petersen, Karim Guédé, Florian Kath"
VfL Wolfsburg,Bundesliga,2017-2018,16,"Koen Casteels, Phillip Menzel, Max Grün, Felix Uduokhai, William, Riechedly Bazoer, Marcel Tisserand, Luca Itter, Paul Jaeckel, Robin Knoche, Sebastian Jung, John Brooks, Dominik Franke, Paul Verhaegh, Jeffrey Bruma, Maximilian Arnold, Elvis Rexhbecaj, Yannick Gerhardt, Josuha Guilavogui, Yunus Mallı, Ignacio Camacho, Daniel Didavi, Justin Möbius, Victor Osimhen, Josip Brekalo, Landry Dimata, Renato Steffen, Divock Origi, Mario Gómez, Paul-Georges Ntep, Kaylen Hinds, Jakub Blaszczykowski, Admir Mehmedi"
Hamburger SV,Bundesliga,2017-2018,17,"Christian Mathenia, Julian Pollersbeck, Andreas Hirzel, Tom Mickel, Josha Vagnoman, Douglas Santos, Rick van Drongelen, Mats Köhlert, Stephan Ambrosius, Gideon Jung, Gotoku Sakai, Dennis Diekmeier, Mergim Mavraj, Kyriakos Papadopoulos, Bjarne Thoelke, Young-jae Seo, Walace, Filip Kostić, Lewis Holtby, Vasilije Janjicic, Matti Steinmann, Mohamed Gouaida, Aaron Hunt, Albin Ekdal, Sejad Salihovic, Nicolai Müller, Luca Waldschmidt, Fiete Arp, Tatsuya Ito, Bakery Jatta, Törles Knöll, Bobby Wood, André Hahn, Sven Schipplock"
Bayern Munich,Bundesliga,2018-2019,1,"Manuel Neuer, Christian Früchtl, Ron-Thorben Hoffmann, Sven Ulreich, Alphonso Davies, Marco Friedl, Niklas Süle, David Alaba, Lukas Mai, Juan Bernat, Javi Martínez, Jonathan Meier, Mats Hummels, Rafinha, Jérôme Boateng, Joshua Kimmich, Leon Goretzka, Corentin Tolisso, Woo-yeong Jeong, Renato Sanches, James Rodríguez, Paul Will, Meritan Shabani, Sebastian Rudy, Thiago Alcántara, Kingsley Coman, Serge Gnabry, Robert Lewandowski, Thomas Müller, Sandro Wagner, Franck Ribéry, Arjen Robben"
Borussia Dortmund,Bundesliga,2018-2019,2,"Roman Bürki, Luca Unbehaun, Eric Oelschlägel, Marwin Hitz, Achraf Hakimi, Manuel Akanji, Leonardo Balerdi, Sergio Gómez, Raphaël Guerreiro, Abdou Diallo, Amos Pieper, Marius Wolf, Jeremy Toljan, Dan-Axel Zagadou, Felix Passlack, Lukasz Piszczek, Marcel Schmelzer, Ömer Toprak, Julian Weigl, Mario Götze, Mahmoud Dahoud, Marco Reus, Axel Witsel, Dzenis Burnic, Thomas Delaney, Shinji Kagawa, Sebastian Rode, Alexander Isak, Christian Pulisic, Jadon Sancho, Jacob Bruun Larsen, Paco Alcácer, Maximilian Philipp, André Schürrle"
RB Leipzig,Bundesliga,2018-2019,3,"Yvon Mvogo, Péter Gulácsi, Marius Müller, Julian Krahl, Dayot Upamecano, Ibrahima Konaté, Konrad Laimer, Nordi Mukiele, Willi Orbán, Lukas Klostermann, Marcelo Saracchi, Erik Majetschak, Atınç Nukan, Marcel Halstenberg, Tyler Adams, Emile Smith Rowe, Marcel Sabitzer, Amadou Haidara, Tom Krauß, Kevin Kampl, Diego Demme, Niclas Stierlin, Max Winter, Stefan Ilsanker, Matheus Cunha, Bruma, Timo Werner, Emil Forsberg, Yussuf Poulsen, Massimo Bruno, Jean-Kévin Augustin, Fabrice Hartmann, Oliver Bias, Lukas Krüger"
Bayer 04 Leverkusen,Bundesliga,2018-2019,4,"Lukas Hradecky, Niklas Lomb, Tomasz Kucz, Thorsten Kirschbaum, Ramazan Özcan, Jonathan Tah, Benjamin Henrichs, Panagiotis Retsos, Mitchell Weiser, Tin Jedvaj, Wendell, Dominik Kohr, Aleksandar Dragovic, Jan Boller, Jakub Bednarczyk, Julian Brandt, Charles Aránguiz, Kevin Volland, Sam Schreck, Adrian Stanilewicz, Sven Bender, Lars Bender, Julian Baumgartlinger, Kai Havertz, Leon Bailey, Paulinho, Joel Pohjanpalo, Isaac Kiese Thelin, Lucas Alario, Herdi Bukusu, Karim Bellarabi"
Borussia Mönchengladbach,Bundesliga,2018-2019,5,"Moritz Nicolas, Yann Sommer, Tobias Sippel, Nico Elvedi, Matthias Ginter, Jordan Beyer, Andreas Poulsen, Florian Mayer, Michael Lang, Oscar Wendt, Tony Jantschke, Mamadou Doucouré, Denis Zakaria, Michaël Cuisance, Florian Neuhaus, László Bénes, Thorgan Hazard, Jonas Hofmann, Torben Müsel, Keanan Bennetts, Tobias Strobl, Christoph Kramer, Lars Stindl, Fabian Johnson, Alassane Pléa, Josip Drmic, Patrick Herrmann, Raffael, Ibrahima Traoré, Julio Villalba"
VfL Wolfsburg,Bundesliga,2018-2019,6,"Koen Casteels, Phillip Menzel, Pavao Pervan, Felix Uduokhai, William, Riechedly Bazoer, Marcel Tisserand, Luca Itter, Jérôme Roussillon, Robin Knoche, Sebastian Jung, John Brooks, Robin Ziegele, Dominik Franke, Paul Verhaegh, Jeffrey Bruma, Maximilian Arnold, Elvis Rexhbecaj, John Yeboah, Yannick Gerhardt, Paul Seguin, Felix Klaus, Josuha Guilavogui, Ismail Azzaoui, Yunus Mallı, Ignacio Camacho, Victor Osimhen, Wout Weghorst, Josip Brekalo, Landry Dimata, Renato Steffen, Marvin Stefaniak, Jakub Blaszczykowski, Admir Mehmedi, Paul-Georges Ntep, Daniel Ginczek"
Eintracht Frankfurt,Bundesliga,2018-2019,7,"Frederik Rönnow, Kevin Trapp, Felix Wiedwald, Jan Zimmermann, Tobias Stirl, Evan Ndicka, Tuta, Carlos Salcedo, Danny da Costa, Almamy Touré, Timothy Chandler, Jetro Willems, Simon Falette, Noel Knothe, Martin Hinteregger, Andersson Ordóñez, Deji Beyreuther, David Abraham, Marco Russ, Taleb Tawatha, Daichi Kamada, Filip Kostić, Allan, Lucas Torró, Mijat Gacinovic, Chico Geraldes, Max Besuschkow, Branimir Hrgota, Marijan Cavar, Marc Stendera, Şahverdi Çetin, Jonathan de Guzmán, Nicolai Müller, Sebastian Rode, Marco Fabián, Gelson Fernandes, Makoto Hasebe, Nils Stendera, Nelson Mandela Mbouhom, Patrick Finger, Luka Jović, Sébastien Haller, Ante Rebić, Gonçalo Paciência, Danny Blum, Patrice Kabuya, Mischa Häuser"
SV Werder Bremen,Bundesliga,2018-2019,8,"Michael Zetterer, Jiri Pavlenka, Stefanos Kapino, Luca Plogmann, Marco Friedl, Milos Veljkovic, Ludwig Augustinsson, Jean Manuel Mbom, Robert Bauer, Sebastian Langkamp, Niklas Moisander, Theodor Gebre Selassie, Maximilian Eggestein, Felix Beijmo, Davy Klaassen, Florian Kainz, Niklas Schmidt, Thore Jacobsen, Kevin Möhwald, Ole Käuper, Thanos Petsos, Nuri Şahin, Philipp Bargfrede, Josh Sargent, Niklas Beste, Milot Rashica, Johannes Eggestein, Yuya Osako, Aron Jóhannsson, Martin Harnik, Max Kruse, Claudio Pizarro, Fin Bartels"
TSG 1899 Hoffenheim,Bundesliga,2018-2019,9,"Gregor Kobel, Oliver Baumann, Alexander Stolz, Stefan Posch, Kevin Akpoguma, Joshua Brenet, Pavel Kaderabek, Lucas Ribeiro, Justin Hoogma, Kasim Adams, Kevin Vogt, Ermin Bicakcic, Nico Schulz, Moody Chana, Benjamin Hübner, Joelinton, Christoph Baumgartner, Nadiem Amiri, Andrej Kramaric, Florian Grillitsch, Dennis Geiger, Kerem Demirbay, Leonardo Bittencourt, Steven Zuber, Robert Zulj, Felipe Pires, Alfonso Amade, Lukas Rupp, Håvard Nordtveit, Reiss Nelson, Robin Hack, Vincenzo Grifo, Antonio Colak, David Otto, Ishak Belfodil, Philipp Ochs, Nicolas Wähling, Ádám Szalai"
Fortuna Düsseldorf,Bundesliga,2018-2019,10,"Jannick Theißen, Michael Rensing, Jaroslav Drobný, Raphael Wolf, Tim Wiesner, Robin Bormuth, Marcin Kaminski, Andre Hoffmann, Matthias Zimmermann, Niko Gießelmann, Markus Suttner, Georgios Siadas, Diego Contento, Jean Zimmer, Kaan Ayhan, Kevin Stöger, Kenan Karaman, Aymen Barkok, Marcel Sobottka, Kianz Froese, Alfredo Morales, Johannes Bühler, Oliver Fink, Adam Bodzek, Dodi Lukébakio, Dawid Kownacki, Marvin Ducksch, Benito Raman, Emmanuel Iyoha, Takashi Usami, Havard Nielsen, Davor Lovren, Emir Kujovic, Rouwen Hennings"
Hertha BSC,Bundesliga,2018-2019,11,"Jonathan Klinsmann, Marius Gersbeck, Dennis Smarsch, Thomas Kraft, Rune Jarstein, Maximilian Mittelstädt, Valentino Lazaro, Jordan Torunarigha, Niklas Stark, Derrick Luckassen, Karim Rekik, Lukas Klünter, Peter Pekarík, Panzu Ernesto, Marvin Plattenhardt, Fabian Lustenberger, Florian Baak, Ondrej Duda, Marko Grujić, Arne Maier, Vladimír Darida, Julius Kade, Maurice Covic, Sidney Friede, Per Ciljan Skjelbred, Davie Selke, Javairô Dilrosun, Palkó Dárdai, Mathew Leckie, Muhammed Kiprit, Maximilian Pronichev, Dennis Jastrzembski, Alexander Esswein, Salomon Kalou, Pascal Köpke, Vedad Ibisevic"
SC Freiburg,Bundesliga,2018-2019,13,"Mark Flekken, Alexander Schwolow, Constantin Frommann, Nico Schlotterbeck, Robin Koch, Philipp Lienhart, Roland Sallai, Keven Schlotterbeck, Christian Günter, Jonas Föhrenbach, Lukas Kübler, Pascal Stenzel, Chima Okoroji, Dominique Heintz, Patrick Kammerbauer, Manuel Gulde, Vincent Sierro, Janik Haberer, Nicolas Höfler, Amir Abrashi, Mike Frantz, Jérôme Gondorf, Tim Kleindienst, Vincenzo Grifo, Lucas Höler, Luca Waldschmidt, Brandon Borrello, Christoph Daferner, Fabian Schleusener, Florian Niederlechner, Yoric Ravet, Marco Terrazzino, Nils Petersen, Florian Kath"
FC Schalke 04,Bundesliga,2018-2019,14,"Alexander Nübel, Ralf Fährmann, Michael Langer, Yannic Lenze, Abdul Rahman Baba, Hamza Mendyl, Matija Nastasić, Pablo Insua, Niklas Wiemann, Jonas Carls, Naldo, Jeffrey Bruma, Sascha Riether, Bastian Oczipka, Salif Sané, George Timotheou, Weston McKennie, Amine Harit, Nabil Bentaleb, Suat Serdar, Alessandro Schöpf, Omar Mascarell, Benjamin Stambouli, Nassim Boujellab, Philip Fontein, Sebastian Rudy, Breel Embolo, Haji Wright, Fabian Reese, Ahmed Kutucu, Cedric Teuchert, Rabbi Matondo, Steven Skrzybski, Benjamin Goller, Franco Di Santo, Mark Uth, Yevgen Konoplyanka, Daniel Caligiuri, Guido Burgstaller"
FC Augsburg,Bundesliga,2018-2019,15,"Gregor Kobel, Andreas Luthe, Fabian Giefer, Benjamin Leneis, Kevin Danso, Felix Götze, Jeffrey Gouweleeuw, Jozo Stanic, Simon Asta, Philipp Max, Reece Oxford, Konstantinos Stafylidis, Kilian Jakob, Martin Hinteregger, Christoph Janker, Jan-Ingwer Callsen-Bracker, Raphael Framberger, Georg Teigl, Fredrik Jensen, Rani Khedira, Marco Richter, Stefano Russo, Romario Rösch, Tim Rieder, Julian Günther-Schmidt, Jonathan Schmid, Felix Schwarzholz, Daniel Baier, Jan Moravek, Ja-cheol Koo, Maurice Malone, Sergio Córdova, Michael Gregoritsch, Takashi Usami, Seong-hoon Cheon, Dong-won Ji, Caiuby, Julian Schieber, Alfred Finnbogason, André Hahn"
VfB Stuttgart,Bundesliga,2018-2019,16,"Alexander Meyer, Ron-Robert Zieler, Jens Grahl, Benjamin Pavard, Pablo Maffeo, Ozan Kabak, Borna Sosa, Marc Oliver Kempf, Timo Baumgartl, Marcin Kaminski, Antonis Aidonis, Aílton, Emiliano Insúa, Dennis Aogo, Holger Badstuber, Andreas Beck, Orel Mangala, Santiago Ascacíbar, Berkay Özcan, Anto Grgic, Erik Thommy, Steven Zuber, David Kopacz, Nunoo Sarpei, Gonzalo Castro, Daniel Didavi, Christian Gentner, Nico González, Chadrac Akolo, Anastasios Donis, Leon Dajaku, Roberto Massimo, Alexander Esswein, Mario Gómez"
Hannover 96,Bundesliga,2018-2019,17,"Samuel Sahin-Radlinger, Leo Weinkauf, Philipp Tschauner, Michael Esser, Waldemar Anton, Timo Hübers, Kevin Akpoguma, Kevin Wimmer, Josip Elez, Julian Korb, Fabian Senninger, Miiko Albornoz, Felipe Trevizan, Oliver Sorg, Walace, Iver Fossum, Mike-Steven Bähre, Genki Haraguchi, Matthias Ostrzolek, Tim Dierßen, Nicolai Müller, Manuel Schmiedebach, Marvin Bakalorz, Edgar Prib, Pirmin Schwegler, Niclas Füllkrug, Linton Maina, Takuma Asano, Florent Muslija, Ihlas Bebou, Noah Sarenren Bazee, Bobby Wood, Sebastian Soto, Benjamin Hadzic, Jonathas, Hendrik Weydandt, Uffe Bech"
Bayern Munich,Bundesliga,2019-2020,1,"Manuel Neuer, Christian Früchtl, Ron-Thorben Hoffmann, Sven Ulreich, Alphonso Davies, Chris Richards, Benjamin Pavard, Lucas Hernández, Bright Arrey-Mbi, Niklas Süle, David Alaba, Lukas Mai, Álvaro Odriozola, Javi Martínez, Jérôme Boateng, Jamal Musiala, Joshua Kimmich, Malik Tillman, Leon Goretzka, Corentin Tolisso, Philippe Coutinho, Michaël Cuisance, Woo-yeong Jeong, Renato Sanches, Oliver Batista Meier, Sarpreet Singh, Paul Will, Ryan Johansson, Thiago Alcántara, Joshua Zirkzee, Kingsley Coman, Serge Gnabry, Robert Lewandowski, Thomas Müller, Ivan Perišić, Fiete Arp, Leon Dajaku, Kwasi Wriedt"
Borussia Dortmund,Bundesliga,2019-2020,2,"Roman Bürki, Luca Unbehaun, Eric Oelschlägel, Marwin Hitz, Jonas Hupe, Achraf Hakimi, Manuel Akanji, Leonardo Balerdi, Raphaël Guerreiro, Emre Can, Marius Wolf, Dan-Axel Zagadou, Mateu Morey, Marco Rente, Nico Schulz, Mats Hummels, Lukasz Piszczek, Marcel Schmelzer, Ömer Toprak, Julian Brandt, Giovanni Reyna, Julian Weigl, Mario Götze, Thorgan Hazard, Mahmoud Dahoud, Marco Reus, Immanuel Pherai, Axel Witsel, Thomas Delaney, Tobias Raschl, Taylan Duman, Alaa Bakir, Erling Haaland, Jadon Sancho, Chris Führich, Jacob Bruun Larsen, Paco Alcácer"
RB Leipzig,Bundesliga,2019-2020,3,"Yvon Mvogo, Péter Gulácsi, Tim Schreiber, Philipp Tschauner, Dayot Upamecano, Ibrahima Konaté, Konrad Laimer, Angeliño, Nordi Mukiele, Willi Orbán, Lukas Klostermann, Marcelo Saracchi, Hugo Novoa, Frederik Jäkel, Malik Talabidi, Marcel Halstenberg, Dani Olmo, Tyler Adams, Ethan Ampadu, Mads Bidstrup, Marcel Sabitzer, Amadou Haidara, Tom Krauß, Kevin Kampl, Diego Demme, Joscha Wosz, Stefan Ilsanker, Matheus Cunha, Ademola Lookman, Christopher Nkunku, Patrik Schick, Hannes Wolf, Timo Werner, Emil Forsberg, Yussuf Poulsen, Dennis Borkowski, Jean-Kévin Augustin, Fabrice Hartmann"
Borussia Mönchengladbach,Bundesliga,2019-2020,4,"Yann Sommer, Tobias Sippel, Max Grün, Nico Elvedi, Ramy Bensebaini, Matthias Ginter, Jordan Beyer, Stefan Lainer, Andreas Poulsen, Michael Lang, Mamadou Doucouré, Oscar Wendt, Tony Jantschke, Denis Zakaria, Florian Neuhaus, László Bénes, Jonas Hofmann, Torben Müsel, Keanan Bennetts, Famana Quizera, Kaan Kurt, Aaron Herzog, Tobias Strobl, Christoph Kramer, Lars Stindl, Fabian Johnson, Marcus Thuram, Breel Embolo, Alassane Pléa, Charalambos Makridis, Conor Noß, Patrick Herrmann, Raffael, Ibrahima Traoré"
Bayer 04 Leverkusen,Bundesliga,2019-2020,5,"Lukas Hradecky, Niklas Lomb, Ramazan Özcan, Edmond Tapsoba, Jonathan Tah, Panagiotis Retsos, Mitchell Weiser, Tin Jedvaj, Wendell, Aleksandar Dragovic, Daley Sinkgraven, Florian Wirtz, Exequiel Palacios, Nadiem Amiri, Kerem Demirbay, Charles Aránguiz, Kevin Volland, Ayman Azhil, Adrian Stanilewicz, Sven Bender, Lars Bender, Julian Baumgartlinger, Kai Havertz, Moussa Diaby, Leon Bailey, Paulinho, Joel Pohjanpalo, Lucas Alario, Karim Bellarabi"
TSG 1899 Hoffenheim,Bundesliga,2019-2020,6,"Oliver Baumann, Philipp Pentke, Michael Esser, Alexander Stolz, Stefan Posch, Kevin Akpoguma, Joshua Brenet, Pavel Kaderabek, Lucas Ribeiro, Kevin Vogt, Konstantinos Stafylidis, Ermin Bicakcic, Benjamin Hübner, Christoph Baumgartner, Andrej Kramaric, Robert Skov, Florian Grillitsch, Dennis Geiger, Leonardo Bittencourt, Diadié Samassékou, Melayro Bogarde, Robert Zulj, Steven Zuber, Ilay Elmkies, Lukas Rupp, Håvard Nordtveit, Sebastian Rudy, Maximilian Beier, Vincenzo Grifo, Jacob Bruun Larsen, Munas Dabbur, Ihlas Bebou, Ishak Belfodil, Sargis Adamyan, Jürgen Locadia, Ádám Szalai, Chinedu Ekene"
VfL Wolfsburg,Bundesliga,2019-2020,7,"Koen Casteels, Phillip Menzel, Pavao Pervan, Lino Kasten, Niklas Klinger, Marin Pongracic, Felix Uduokhai, William, Paulo Otávio, Kevin Mbabu, Tim Siersleben, Marcel Tisserand, Jérôme Roussillon, Robin Knoche, John Brooks, Jeffrey Bruma, Xaver Schlager, Maximilian Arnold, Elvis Rexhbecaj, Julian Justvan, Yannick Gerhardt, Felix Klaus, Josuha Guilavogui, Ismail Azzaoui, Yunus Mallı, Luca Horn, Iba May, Ignacio Camacho, Omar Marmoush, Lukas Nmecha, Wout Weghorst, Victor Sá, Josip Brekalo, Renato Steffen, Mamoudou Karamoko, Ulysses Llanez, Admir Mehmedi, Daniel Ginczek"
SC Freiburg,Bundesliga,2019-2020,8,"Mark Flekken, Alexander Schwolow, Niclas Thiede, Nico Schlotterbeck, Robin Koch, Philipp Lienhart, Roland Sallai, Christian Günter, Lukas Kübler, Luca Itter, Dominique Heintz, Manuel Gulde, Woo-yeong Jeong, Janik Haberer, Yannik Keitel, Lino Tempelmann, Nicolas Höfler, Amir Abrashi, Jonathan Schmid, Jérôme Gondorf, Mike Frantz, Tim Kleindienst, Vincenzo Grifo, Lucas Höler, Luca Waldschmidt, Brandon Borrello, Chang-hoon Kwon, Yoric Ravet, Nils Petersen, Florian Kath"
Eintracht Frankfurt,Bundesliga,2019-2020,9,"Frederik Rönnow, Kevin Trapp, Elias Bördner, Felix Wiedwald, Jan Zimmermann, Evan Ndicka, Dominik Kohr, Danny da Costa, Almamy Touré, Timothy Chandler, Simon Falette, Martin Hinteregger, David Abraham, Marco Russ, Erik Durm, Rodrigo Zalazar, Daichi Kamada, Djibril Sow, Filip Kostić, Lucas Torró, Mijat Gacinovic, Marijan Cavar, Şahverdi Çetin, Jonathan de Guzmán, Stefan Ilsanker, Gelson Fernandes, Sebastian Rode, Makoto Hasebe, Nils Stendera, Patrick Finger, Dejan Joveljić, André Silva, Ante Rebić, Gonçalo Paciência, Bas Dost"
Hertha BSC,Bundesliga,2019-2020,10,"Luis Klatte, Dennis Smarsch, Thomas Kraft, Rune Jarstein, Maximilian Mittelstädt, Luca Netz, Jordan Torunarigha, Niklas Stark, Márton Dárdai, Marius Wolf, Karim Rekik, Omar Rekik, Lukas Klünter, Peter Pekarík, Dedryck Boyata, Marvin Plattenhardt, Florian Baak, Lazar Samardžić, Santiago Ascacíbar, Eduard Löwen, Ondrej Duda, Marko Grujić, Arne Maier, Vladimír Darida, Maurice Covic, Julian Albrecht, Sidney Friede, Per Ciljan Skjelbred, Matheus Cunha, Dodi Lukébakio, Krzysztof Piatek, Davie Selke, Javairô Dilrosun, Jessic Ngankam, Palkó Dárdai, Mathew Leckie, Muhammed Kiprit, Daishawn Redan, Salomon Kalou, Alexander Esswein, Pascal Köpke, Vedad Ibisevic"
FC Schalke 04,Bundesliga,2019-2020,12,"Alexander Nübel, Markus Schubert, Michael Langer, Malick Thiaw, Jean-Clair Todibo, Juan Miranda, Ozan Kabak, Levent Mercan, Jonjoe Kenny, Timo Becker, Matija Nastasić, Jonas Carls, Bastian Oczipka, Salif Sané, Weston McKennie, Amine Harit, Suat Serdar, Can Bozdogan, Alessandro Schöpf, Omar Mascarell, Benjamin Stambouli, Nassim Boujellab, Jonas Hofmann, Marcel Langer, Fabian Reese, Ahmed Kutucu, Benito Raman, Michael Gregoritsch, Rabbi Matondo, Steven Skrzybski, Mark Uth, Daniel Caligiuri, Guido Burgstaller"
FC Augsburg,Bundesliga,2019-2020,15,"Tomas Koubek, Andreas Luthe, Fabian Giefer, Benjamin Leneis, Felix Uduokhai, Iago, Tin Jedvaj, Felix Götze, Mads Pedersen, Jeffrey Gouweleeuw, Jozo Stanic, Simon Asta, Philipp Max, Reece Oxford, Marek Suchy, Stephan Lichtsteiner, Raphael Framberger, Georg Teigl, Eduard Löwen, Fredrik Jensen, Rani Khedira, Marco Richter, Carlos Gruezo, Stefano Russo, Tim Rieder, Daniel Baier, Jan Moravek, Rubén Vargas, Maurice Malone, Sergio Córdova, Michael Gregoritsch, Noah Sarenren Bazee, Florian Niederlechner, Seong-hoon Cheon, Julian Schieber, Alfred Finnbogason, André Hahn"
SV Werder Bremen,Bundesliga,2019-2020,16,"Jiri Pavlenka, Stefanos Kapino, Luca Plogmann, Marco Friedl, Milos Veljkovic, Ludwig Augustinsson, Kevin Vogt, Simon Straudi, Niklas Wiemann, Julian Rieckmann, Michael Lang, Sebastian Langkamp, Niklas Moisander, Ömer Toprak, Theodor Gebre Selassie, Maximilian Eggestein, Ilia Gruev, Davy Klaassen, Leonardo Bittencourt, David Philipp, Kevin Möhwald, Nuri Şahin, Christian Groß, Philipp Bargfrede, Nick Woltemade, Josh Sargent, Niclas Füllkrug, Milot Rashica, Davie Selke, Johannes Eggestein, Yuya Osako, Benjamin Goller, Luc Ihorst, Martin Harnik, Claudio Pizarro, Fin Bartels"
Fortuna Düsseldorf,Bundesliga,2019-2020,17,"Maduka Okoye, Zack Steffen, Florian Kastenmeier, Jannick Theißen, Michael Rensing, Raphael Wolf, Tim Wiesner, Kasim Adams, Robin Bormuth, Andre Hoffmann, Matthias Zimmermann, Zanka, Niko Gießelmann, Michel Stöcker, Diego Contento, Markus Suttner, Jean Zimmer, Kaan Ayhan, Kevin Stöger, Kenan Karaman, Shinta Appelkamp, Lewis Baker, Erik Thommy, Valon Berisha, Aymen Barkok, Marcel Sobottka, Alfredo Morales, Thomas Pledl, Oliver Fink, Adam Bodzek, Johannes Bühler, Bernard Tekpetey, Dawid Kownacki, Kelvin Ofori, Steven Skrzybski, Nana Ampomah, Rouwen Hennings"
SC Paderborn 07,Bundesliga,2019-2020,18,"Leopold Zingerle, Jannik Huth, Michael Ratajczak, Leon Brüggemeier, Sebastian Schonlau, Laurent Jans, Mohamed Dräger, Jamilu Collins, Jan-Luca Rumpf, Luca Kilian, Uwe Hünemeier, Christian Strohdiek, Cauly, Abdelhamid Sabiri, Marlon Ritter, Rifet Kapic, Antony Evans, Sebastian Vasiliadis, Samúel Fridjónsson, Klaus Gjasula, Dominik Bilogrevic, Adrian Oeynhausen, Gerrit Holtmann, Christopher Antwi-Adjei, Khiry Shelton, Sven Michel, Dennis Srbeny, Kai Pröger, Dennis Jastrzembski, Streli Mamba, Babacar Gueye, Ben Zolinski"
Bayern Munich,Bundesliga,2020-2021,1,"Alexander Nübel, Manuel Neuer, Ron-Thorben Hoffmann, Sven Ulreich, Lukas Schneller, Alphonso Davies, Josip Stanisic, Chris Richards, Benjamin Pavard, Lucas Hernández, Bright Arrey-Mbi, Niklas Süle, David Alaba, Tanguy Nianzou, Javi Martínez, Bouna Sarr, Rémy Vita, Kilian Senkbeil, Jérôme Boateng, Alexander Lungwitz, Jamal Musiala, Angelo Stiller, Joshua Kimmich, Malik Tillman, Leon Goretzka, Corentin Tolisso, Marc Roca, Michaël Cuisance, Tiago Dantas, Christopher Scott, Adrian Fein, Maximilian Zaiser, Joshua Zirkzee, Leroy Sané, Kingsley Coman, Serge Gnabry, Robert Lewandowski, Thomas Müller, Armindo Sieb, Eric-Maxim Choupo-Moting, Fiete Arp, Leon Dajaku, Douglas Costa, Dimitri Oberlin, Daniels Ontuzans"
RB Leipzig,Bundesliga,2020-2021,2,"Josep Martínez, Péter Gulácsi, Philipp Tschauner, Dayot Upamecano, Ibrahima Konaté, Konrad Laimer, Angeliño, Nordi Mukiele, Benjamin Henrichs, Willi Orbán, Lukas Klostermann, Hugo Novoa, Marcel Halstenberg, Dominik Szoboszlai, Dani Olmo, Justin Kluivert, Tyler Adams, Lazar Samardžić, Eric Martel, Marcel Sabitzer, Amadou Haidara, Kevin Kampl, Sidney Raebiger, Joscha Wosz, Ademola Lookman, Christopher Nkunku, Alexander Sørloth, Hee-chan Hwang, Emil Forsberg, Yussuf Poulsen, Dennis Borkowski, Fabrice Hartmann"
Borussia Dortmund,Bundesliga,2020-2021,3,"Roman Bürki, Luca Unbehaun, Stefan Drljaca, Marwin Hitz, Manuel Akanji, Raphaël Guerreiro, Emre Can, Marius Wolf, Dan-Axel Zagadou, Thomas Meunier, Mateu Morey, Felix Passlack, Nico Schulz, Dominik Wanner, Mats Hummels, Lukasz Piszczek, Marcel Schmelzer, Jude Bellingham, Julian Brandt, Giovanni Reyna, Thorgan Hazard, Mahmoud Dahoud, Marco Reus, Reinier, Axel Witsel, Thomas Delaney, Tobias Raschl, Erling Haaland, Jadon Sancho, Ansgar Knauff, Youssoufa Moukoko, Steffen Tigges"
VfL Wolfsburg,Bundesliga,2020-2021,4,"Koen Casteels, Pavao Pervan, Lino Kasten, Niklas Klinger, Maxence Lacroix, Ridle Baku, Marin Pongracic, William, Kevin Mbabu, Paulo Otávio, Tim Siersleben, Jérôme Roussillon, John Brooks, Jeffrey Bruma, Xaver Schlager, Maximilian Arnold, Yannick Gerhardt, Felix Klaus, Josuha Guilavogui, Yunus Mallı, Luca Horn, Omar Marmoush, Wout Weghorst, Victor Sá, Josip Brekalo, Renato Steffen, Maximilian Philipp, Bartosz Bialek, Admir Mehmedi, Daniel Ginczek"
Eintracht Frankfurt,Bundesliga,2020-2021,5,"Frederik Rönnow, Kevin Trapp, Markus Schubert, Elias Bördner, Evan Ndicka, Tuta, Dominik Kohr, Danny da Costa, Almamy Touré, Fynn Otto, Timothy Chandler, Jetro Willems, Simon Falette, Felix Irorere, Martin Hinteregger, David Abraham, Erik Durm, Yannick Brugger, Daichi Kamada, Djibril Sow, Filip Kostić, Steven Zuber, Ajdin Hrustic, Aymen Barkok, Stefan Ilsanker, Sebastian Rode, Makoto Hasebe, Jabez Makanda, Lukas Fahrnberger, Ragnar Ache, Luka Jović, André Silva, Gonçalo Paciência, Ali Akman, Amin Younes, Bas Dost"
Bayer 04 Leverkusen,Bundesliga,2020-2021,6,"Lukas Hradecky, Lennart Grill, Niklas Lomb, Marcel Johnen, Jeremie Frimpong, Edmond Tapsoba, Jonathan Tah, Mitchell Weiser, Tin Jedvaj, Wendell, Santiago Arias, Aleksandar Dragovic, Daley Sinkgraven, Timothy Fosu-Mensah, Florian Wirtz, Exequiel Palacios, Nadiem Amiri, Kerem Demirbay, Charles Aránguiz, Samed Onur, Cem Türkmen, Sven Bender, Lars Bender, Julian Baumgartlinger, Moussa Diaby, Patrik Schick, Leon Bailey, Paulinho, Joel Pohjanpalo, Demarai Gray, Lucas Alario, Emrehan Gedikli, Karim Bellarabi"
Borussia Mönchengladbach,Bundesliga,2020-2021,8,"Yann Sommer, Jan Olschowsky, Tobias Sippel, Max Grün, Nico Elvedi, Ramy Bensebaini, Joe Scally, Matthias Ginter, Jordan Beyer, Valentino Lazaro, Stefan Lainer, Andreas Poulsen, Michael Lang, Mamadou Doucouré, Oscar Wendt, Tony Jantschke, Denis Zakaria, Rocco Reitz, Florian Neuhaus, László Bénes, Jonas Hofmann, Torben Müsel, Famana Quizera, Kaan Kurt, Christoph Kramer, Lars Stindl, Marcus Thuram, Breel Embolo, Hannes Wolf, Alassane Pléa, Patrick Herrmann, Ibrahima Traoré, Julio Villalba"
VfB Stuttgart,Bundesliga,2020-2021,9,"Gregor Kobel, Fabian Bredlow, Jens Grahl, Waldemar Anton, Konstantinos Mavropanos, Borna Sosa, Marc Oliver Kempf, Pascal Stenzel, Marcin Kaminski, Clinton Mola, Antonis Aidonis, Orel Mangala, Atakan Karazor, Wataru Endo, Naouirou Ahamada, Mateo Klimowicz, Lilian Egloff, Erik Thommy, Philipp Förster, Luca Mack, Gonzalo Castro, Daniel Didavi, Philipp Klement, Nico González, Silas, Sasa Kalajdzic, Tanguy Coulibaly, Darko Churlinov, Mohamed Sankoh, Roberto Massimo, Hamadi Al-Ghaddioui, Momo Cissé"
SC Freiburg,Bundesliga,2020-2021,10,"Mark Flekken, Florian Müller, Niclas Thiede, Benjamin Uphoff, Philipp Lienhart, Roland Sallai, Kiliann Sildillia, Keven Schlotterbeck, Christian Günter, Lukas Kübler, Luca Itter, Dominique Heintz, Manuel Gulde, Guus Til, Baptiste Santamaria, Woo-yeong Jeong, Janik Haberer, Yannik Keitel, Carlo Boukhalfa, Lino Tempelmann, Nicolas Höfler, Amir Abrashi, Jonathan Schmid, Kevin Schade, Ermedin Demirovic, Vincenzo Grifo, Lucas Höler, Nishan Burkart, Chang-hoon Kwon, Nils Petersen"
TSG 1899 Hoffenheim,Bundesliga,2020-2021,11,"Oliver Baumann, Nahuel Noll, Luca Philipp, Philipp Pentke, Chris Richards, Ryan Sessegnon, Stefan Posch, Kevin Akpoguma, Joshua Brenet, Pavel Kaderabek, Max Geschwill, Kasim Adams, Konstantinos Stafylidis, Kevin Vogt, Gabriel Haider, Ermin Bicakcic, Benjamin Hübner, Christoph Baumgartner, Andrej Kramaric, Robert Skov, Florian Grillitsch, Mijat Gacinovic, Dennis Geiger, Diadié Samassékou, Marco John, Melayro Bogarde, Alfonso Amade, Håvard Nordtveit, Sebastian Rudy, Georginio Rutter, Maximilian Beier, Jacob Bruun Larsen, João Klauss, Munas Dabbur, Ihlas Bebou, Ishak Belfodil, Sargis Adamyan"
FC Augsburg,Bundesliga,2020-2021,13,"Tomas Koubek, Rafał Gikiewicz, Benjamin Leneis, Felix Uduokhai, Iago, Felix Götze, Robert Gumny, Mads Pedersen, Jeffrey Gouweleeuw, Reece Oxford, Marek Suchy, Raphael Framberger, László Bénes, Fredrik Jensen, Rani Khedira, Marco Richter, Carlos Gruezo, Tim Civeja, Jan Moravek, Tobias Strobl, Rubén Vargas, Lukas Petkov, Michael Gregoritsch, Noah Sarenren Bazee, Florian Niederlechner, Dion Berisha, Seong-hoon Cheon, Julian Schieber, Daniel Caligiuri, Alfred Finnbogason, André Hahn"
Hertha BSC,Bundesliga,2020-2021,14,"Marcel Lotka, Alexander Schwolow, Nils Körber, Rune Jarstein, Maximilian Mittelstädt, Omar Alderete, Luca Netz, Jordan Torunarigha, Niklas Stark, Márton Dárdai, Karim Rekik, Deyovaisio Zeefuik, Lukas Klünter, Peter Pekarík, Dedryck Boyata, Marvin Plattenhardt, Mattéo Guendouzi, Santiago Ascacíbar, Eduard Löwen, Ondrej Duda, Arne Maier, Lucas Tousart, Vladimír Darida, Jonas Dirkner, Jonas Michelbrink, Julian Albrecht, Sami Khedira, Matheus Cunha, Dodi Lukébakio, Jhon Córdoba, Krzysztof Piatek, Nemanja Radonjic, Javairô Dilrosun, Marten Winkler, Jessic Ngankam, Mathew Leckie, Daishawn Redan, Ruwen Werthmüller"
Arminia Bielefeld,Bundesliga,2020-2021,15,"Stefan Ortega, Oscar Linnér, Nikolai Rehnen, Arne Schulz, Amos Pieper, Joakim Nilsson, Mike van der Hoorn, Anderson Lucoqui, Jacob Barrett Laursen, Brian Behrendt, Nathan de Medina, Cédric Brunner, Michel Vlap, Marcel Hartel, Arne Maier, Fabian Kunze, Jomaine Consbruch, Nils Seufert, Noel Niemann, Vladislav Cherny, Reinhold Yabo, Manuel Prietl, Julian Frommann, Ritsu Doan, Sergio Córdova, Masaya Okugawa, Andreas Voglsammer, Christian Gebauer, Cebio Soukou, Sebastian Müller, Jóan Símun Edmundsson, Fabian Klos, Sven Schipplock"
SV Werder Bremen,Bundesliga,2020-2021,17,"Michael Zetterer, Jiri Pavlenka, Stefanos Kapino, Luca Plogmann, Dudu, Marco Friedl, Felix Agu, Milos Veljkovic, Ludwig Augustinsson, Jean Manuel Mbom, Patrick Erras, Oscar Schönfelder, Julian Rieckmann, Niklas Moisander, Ömer Toprak, Theodor Gebre Selassie, Romano Schmid, Maximilian Eggestein, Ilia Gruev, Tahith Chong, Davy Klaassen, Leonardo Bittencourt, Kevin Möhwald, Christian Groß, Philipp Bargfrede, Nick Woltemade, Josh Sargent, Niclas Füllkrug, Eren Dinkçi, Milot Rashica, Davie Selke, Johannes Eggestein, Yuya Osako"
FC Schalke 04,Bundesliga,2020-2021,18,"Frederik Rönnow, Markus Schubert, Ralf Fährmann, Sören Ahlers, Michael Langer, Malick Thiaw, Sead Kolasinac, Ozan Kabak, William, Levent Mercan, Timo Becker, Hamza Mendyl, Matija Nastasić, Henning Matriciani, Kerim Calhanoglu, Brooklyn Ezeh, Vasilios Pavlidis, Kilian Ludewig, Bastian Oczipka, Salif Sané, Shkodran Mustafi, Amine Harit, Nabil Bentaleb, Suat Serdar, Can Bozdogan, Mehmet Aydin, Alessandro Schöpf, Omar Mascarell, Florian Flick, Benjamin Stambouli, Mikail Maden, Nassim Boujellab, Blendi Idrizi, Jimmy Kaparos, Sebastian Rudy, Ahmed Kutucu, Benito Raman, Rabbi Matondo, Gonçalo Paciência, Matthew Hoppe, Steven Skrzybski, Luca Schuler, Vedad Ibisevic, Mark Uth, Klaas-Jan Huntelaar"
Bayern Munich,Bundesliga,2021-2022,1,"Manuel Neuer, Christian Früchtl, Ron-Thorben Hoffmann, Sven Ulreich, Dayot Upamecano, Alphonso Davies, Josip Stanisic, Chris Richards, Benjamin Pavard, Lucas Hernández, Bright Arrey-Mbi, Niklas Süle, Omar Richards, Tanguy Nianzou, Jamie Lawrence, Bouna Sarr, Jamal Musiala, Joshua Kimmich, Malik Tillman, Leon Goretzka, Paul Wanner, Corentin Tolisso, Marcel Sabitzer, Arijon Ibrahimovic, Marc Roca, Michaël Cuisance, Nemanja Motika, Nicolas Feldhahn, Timo Kern, Leroy Sané, Kingsley Coman, Serge Gnabry, Robert Lewandowski, Thomas Müller, Gabriel Vidovic, Taylor Booth, Eric-Maxim Choupo-Moting, Lucas Copado"
Borussia Dortmund,Bundesliga,2021-2022,2,"Gregor Kobel, Roman Bürki, Luca Unbehaun, Stefan Drljaca, Silas Ostrzinski, Marwin Hitz, Manuel Akanji, Tom Rothe, Marin Pongracic, Soumaïla Coulibaly, Raphaël Guerreiro, Emre Can, Antonios Papadopoulos, Marius Wolf, Dan-Axel Zagadou, Thomas Meunier, Mateu Morey, Felix Passlack, Nico Schulz, Lion Semic, Mats Hummels, Marcel Schmelzer, Jude Bellingham, Julian Brandt, Giovanni Reyna, Lennard Maloney, Thorgan Hazard, Mahmoud Dahoud, Marco Reus, Immanuel Pherai, Reinier, Axel Witsel, Thomas Delaney, Abdoulaye Kamara, Tobias Raschl, Erling Haaland, Jamie Gittens, Donyell Malen, Ansgar Knauff, Youssoufa Moukoko, Justin Njinmah, Marco Pašalić, Göktan Gürpüz, Steffen Tigges"
Bayer 04 Leverkusen,Bundesliga,2021-2022,3,"Lukas Hradecky, Andrey Lunev, Lennart Grill, Niklas Lomb, Maximilian Neutgens, Piero Hincapié, Jeremie Frimpong, Edmond Tapsoba, Jonathan Tah, Odilon Kossounou, Panagiotis Retsos, Mitchell Weiser, Wendell, Daley Sinkgraven, Timothy Fosu-Mensah, Florian Wirtz, Exequiel Palacios, Nadiem Amiri, Robert Andrich, Mitchel Bakker, Zidan Sertdemir, Kerem Demirbay, Sadik Fofana, Charles Aránguiz, Julian Baumgartlinger, Moussa Diaby, Patrik Schick, Amine Adli, Paulinho, Sardar Azmoun, Iker Bravo, Joel Pohjanpalo, Lucas Alario, Emrehan Gedikli, Karim Bellarabi"
RB Leipzig,Bundesliga,2021-2022,4,"Josep Martínez, Péter Gulácsi, Fabian Eutinger, Philipp Tschauner, Josko Gvardiol, Konrad Laimer, Mohamed Simakan, Angeliño, Nordi Mukiele, Benjamin Henrichs, Willi Orbán, Lukas Klostermann, Hugo Novoa, Solomon Bonnah, David Lelle, Marcel Halstenberg, Dominik Szoboszlai, Dani Olmo, Tyler Adams, Ilaix Moriba, Marcel Sabitzer, Amadou Haidara, Kevin Kampl, Sidney Raebiger, Joscha Wosz, Ben Klefisch, Christopher Nkunku, Brian Brobbey, Hee-chan Hwang, André Silva, Emil Forsberg, Yussuf Poulsen, Fabrice Hartmann, Mehmet Ibrahimi"
SC Freiburg,Bundesliga,2021-2022,6,"Noah Atubolu, Mark Flekken, Benjamin Uphoff, Nico Schlotterbeck, Philipp Lienhart, Roland Sallai, Kiliann Sildillia, Keven Schlotterbeck, Hugo Siquet, Christian Günter, Lukas Kübler, Kenneth Schmidt, Dominique Heintz, Kimberly Ezekwem, Manuel Gulde, Maximilian Eggestein, Yannik Engelhardt, Baptiste Santamaria, Woo-yeong Jeong, Janik Haberer, Robert Wagner, Yannik Keitel, Nicolas Höfler, Jonathan Schmid, Kevin Schade, Ermedin Demirovic, Vincenzo Grifo, Noah Weißhaupt, Lucas Höler, Nishan Burkart, Vincent Vermeij, Nils Petersen"
TSG 1899 Hoffenheim,Bundesliga,2021-2022,9,"Oliver Baumann, Nahuel Noll, Luca Philipp, Philipp Pentke, Chris Richards, David Raum, Stefan Posch, Kevin Akpoguma, Pavel Kaderabek, Justin Che, Kasim Adams, Noah König, Kevin Vogt, Gabriel Haider, Ermin Bicakcic, Fabian Rüth, Benjamin Hübner, Angelo Stiller, Tom Bischof, Christoph Baumgartner, Umut Tohumcu, Andrej Kramaric, Robert Skov, Bambasé Conté, Florian Grillitsch, Mijat Gacinovic, Dennis Geiger, Melayro Bogarde, Diadié Samassékou, Marco John, Håvard Nordtveit, Sebastian Rudy, Georginio Rutter, Maximilian Beier, Fisnik Asllani, Jacob Bruun Larsen, Munas Dabbur, Ihlas Bebou, Sargis Adamyan, Nick Proschwitz"
Borussia Mönchengladbach,Bundesliga,2021-2022,10,"Yann Sommer, Jonas Kersken, Jan Olschowsky, Tobias Sippel, Nico Elvedi, Ramy Bensebaini, Joe Scally, Luca Netz, Matthias Ginter, Jordan Beyer, Marvin Friedrich, Stefan Lainer, Tom Gaal, Mamadou Doucouré, Tony Jantschke, Manu Koné, Denis Zakaria, Florian Neuhaus, László Bénes, Jonas Hofmann, Torben Müsel, Mika Schroers, Keanan Bennetts, Christoph Kramer, Lars Stindl, Marcus Thuram, Breel Embolo, Hannes Wolf, Alassane Pléa, Conor Noß, Patrick Herrmann"
Eintracht Frankfurt,Bundesliga,2021-2022,11,"Diant Ramaj, Kevin Trapp, Matteo Bignetti, Jens Grahl, Jannik Horz, Evan Ndicka, Tuta, Danny da Costa, Almamy Touré, Christopher Lenz, Timothy Chandler, Martin Hinteregger, Erik Durm, Jan Schröder, Daichi Kamada, Djibril Sow, Kristijan Jakic, Filip Kostić, Steven Zuber, Ajdin Hrustic, Aymen Barkok, Antonio Foti, Stefan Ilsanker, Sebastian Rode, Makoto Hasebe, Ansgar Knauff, Jesper Lindstrøm, Ragnar Ache, Jens Petter Hauge, Rafael Borré, Sam Lammers, Fabio Blanco, Gonçalo Paciência, Amin Younes, Enrique Herrero, Gianluca Schäfer"
VfL Wolfsburg,Bundesliga,2021-2022,12,"Koen Casteels, Philipp Schulze, Pavao Pervan, Niklas Klinger, Micky van de Ven, Maxence Lacroix, Ridle Baku, Marin Pongracic, Sebastiaan Bornauw, William, Paulo Otávio, Kevin Mbabu, Anselmo García MacNulty, Jérôme Roussillon, John Brooks, Jannis Lang, Felix Nmecha, Xaver Schlager, Aster Vranckx, Kevin Paredes, Maximilian Arnold, Yannick Gerhardt, Josuha Guilavogui, Gil-Linnart Walther, Omar Marmoush, Dodi Lukébakio, Lukas Nmecha, Jonas Wind, Wout Weghorst, Josip Brekalo, Luca Waldschmidt, Renato Steffen, Maximilian Philipp, Bartosz Bialek, Admir Mehmedi, Daniel Ginczek, Max Kruse"
VfL Bochum,Bundesliga,2021-2022,13,"Tjark Ernst, Manuel Riemann, Paul Grave, Michael Esser, Armel Bella-Kotchap, Erhan Masovic, Maxim Leitsch, Herbert Bockhorn, Danilo Soares, Konstantinos Stafylidis, Vasilios Lampropoulos, Moritz Römling, Saulo Decarli, Cristian Gamboa, Patrick Osterhage, Elvis Rexhbecaj, Eduard Löwen, Milos Pantovic, Robert Tesche, Raman Chibsah, Anthony Losilla, Tom Weilandt, Takuma Asano, Silvere Ganvoula, Gerrit Holtmann, Christopher Antwi-Adjei, Sebastian Polter, Soma Novothny, Jürgen Locadia, Tarsis Bonga, Luis Hartwig, Danny Blum, Simon Zoller"
FC Augsburg,Bundesliga,2021-2022,14,"Tomas Koubek, Rafał Gikiewicz, Daniel Klein, Felix Uduokhai, Iago, Lasse Günther, Robert Gumny, Mads Pedersen, Jeffrey Gouweleeuw, Frederik Winther, Reece Oxford, Raphael Framberger, Fredrik Jensen, Niklas Dorsch, Arne Maier, Carlos Gruezo, Dikeni Salifou, Tim Civeja, Dominic Schmidt, Tobias Strobl, Jan Moravek, Ricardo Pepi, Rubén Vargas, Andi Zeqiri, Maurice Malone, Sergio Córdova, Michael Gregoritsch, Noah Sarenren Bazee, Florian Niederlechner, Daniel Caligiuri, Alfred Finnbogason, André Hahn"
VfB Stuttgart,Bundesliga,2021-2022,15,"Florian Müller, Fabian Bredlow, Florian Schock, Waldemar Anton, Hiroki Ito, Konstantinos Mavropanos, Borna Sosa, Marc Oliver Kempf, Pascal Stenzel, Matej Maglica, Clinton Mola, Enzo Millot, Orel Mangala, Atakan Karazor, Wataru Endo, Naouirou Ahamada, Mateo Klimowicz, Nikolas Nartey, Lilian Egloff, Erik Thommy, Falko Michel, Philipp Förster, Ömer Beyaz, Luca Bazzoli, Alexis Tibidi, Richard Weil, Philipp Klement, Daniel Didavi, Omar Marmoush, Tiago Tomás, Chris Führich, Silas, Sasa Kalajdzic, Darko Churlinov, Tanguy Coulibaly, Wahid Faghir, Mohamed Sankoh, Roberto Massimo, Hamadi Al-Ghaddioui"
Hertha BSC,Bundesliga,2021-2022,16,"Oliver Christensen, Marcel Lotka, Alexander Schwolow, Nils Körber, Rune Jarstein, Maximilian Mittelstädt, Jordan Torunarigha, Niklas Stark, Linus Gechter, Marc Oliver Kempf, Fredrik Bjørkan, Márton Dárdai, Deyovaisio Zeefuik, Julian Eitschberger, Lukas Klünter, Christalino Atemona, Marlon Morgenstern, Peter Pekarík, Dedryck Boyata, Marvin Plattenhardt, Anton Kade, Jurgen Ekkelenkamp, Santiago Ascacíbar, Suat Serdar, Lucas Tousart, Marco Richter, Vladimír Darida, Jonas Dirkner, Jonas Michelbrink, Cimo Röcker, Julian Albrecht, Kevin-Prince Boateng, Matheus Cunha, Dodi Lukébakio, Krzysztof Piatek, Davie Selke, Javairô Dilrosun, Marten Winkler, Myziane Maolida, Kelian Nsona, Dong-jun Lee, Ishak Belfodil, Stevan Jovetić, Dennis Jastrzembski, Luca Wollschläger"
Arminia Bielefeld,Bundesliga,2021-2022,17,"Stefan Ortega, Stefanos Kapino, Oscar Linnér, Arne Schulz, Amos Pieper, George Bello, Andrés Andrade, Joakim Nilsson, Mike van der Hoorn, Gui Ramos, Jacob Barrett Laursen, Nathan de Medina, Cédric Brunner, Kenson Pierre Bauer, Marcel Hartel, Edimilson Fernandes, Fabian Kunze, Alessandro Schöpf, Sebastian Vasiliadis, Lennart Czyborra, Vladislav Cherny, Julian Frommann, Gonzalo Castro, Manuel Prietl, Patrick Wimmer, Robin Hack, Masaya Okugawa, Bryan Lasme, Florian Krüger, Burak İnce, Janni Serra, Christian Gebauer, Fabian Klos, Cem-Ali Dogan"
SpVgg Greuther Fürth,Bundesliga,2021-2022,18,"Leon Schaffran, Andreas Linde, Marius Funk, Sascha Burchert, Lasse Schulz, Maximilian Bauer, Luca Itter, Simon Asta, Justin Hoogma, Marco Meyerhöfer, Gideon Jung, Nick Viergever, Jetro Willems, Sebastian Griesbeck, Abdourahmane Barry, Oliver Fobassam, Timothy Tillman, Julian Green, Paul Seguin, Branimir Hrgota, Tobias Raschl, Max Christiansen, Jeremy Dudziak, Adrian Fein, Nunoo Sarpei, Nils Seufert, Mert Yusuf Torlak, Jamie Leweling, Afimico Pululu, Cedric Itten, Jessic Ngankam, Havard Nielsen, Dickson Abiama, Robin Kehr"
Bayern Munich,Bundesliga,2022-2023,1,"Manuel Neuer, Yann Sommer, Johannes Schenk, Sven Ulreich, Dayot Upamecano, Alphonso Davies, Matthijs de Ligt, Josip Stanisic, Noussair Mazraoui, Benjamin Pavard, Lucas Hernández, João Cancelo, Daley Blind, Tanguy Nianzou, Liam Morrison, Bouna Sarr, Justin Janitzek, Gabriel Marusic, Jamal Musiala, Ryan Gravenberch, Aleksandar Pavlovic, Joshua Kimmich, Leon Goretzka, Paul Wanner, Marcel Sabitzer, Arijon Ibrahimovic, Mathys Tel, Joshua Zirkzee, Leroy Sané, Kingsley Coman, Serge Gnabry, Sadio Mané, Thomas Müller, Gabriel Vidovic, Eric-Maxim Choupo-Moting"
Borussia Dortmund,Bundesliga,2022-2023,2,"Gregor Kobel, Alexander Meyer, Marcel Lotka, Luca Unbehaun, Silas Ostrzinski, Nico Schlotterbeck, Julian Ryerson, Tom Rothe, Soumaïla Coulibaly, Raphaël Guerreiro, Emre Can, Niklas Süle, Antonios Papadopoulos, Marius Wolf, Thomas Meunier, Mateu Morey, Felix Passlack, Nico Schulz, Mats Hummels, Jude Bellingham, Julian Brandt, Giovanni Reyna, Salih Özcan, Thorgan Hazard, Mahmoud Dahoud, Marco Reus, Abdoulaye Kamara, Karim Adeyemi, Jamie Gittens, Donyell Malen, Julien Duranville, Youssoufa Moukoko, Justin Njinmah, Marco Pašalić, Sébastien Haller, Göktan Gürpüz, Anthony Modeste"
RB Leipzig,Bundesliga,2022-2023,3,"Péter Gulácsi, Ørjan Nyland, Janis Blaswich, Timo Schlieck, Jonas Nickisch, Oskar Preil, Josko Gvardiol, Konrad Laimer, Mohamed Simakan, David Raum, Benjamin Henrichs, Willi Orbán, Abdou Diallo, Lukas Klostermann, Hugo Novoa, Sanoussy Ba, Marcel Halstenberg, Dominik Szoboszlai, Dani Olmo, Xaver Schlager, Amadou Haidara, Kevin Kampl, Caden Clark, Christopher Nkunku, Alexander Sørloth, Timo Werner, André Silva, Emil Forsberg, Yussuf Poulsen"
SC Freiburg,Bundesliga,2022-2023,5,"Noah Atubolu, Mark Flekken, Benjamin Uphoff, Philipp Lienhart, Roland Sallai, Kiliann Sildillia, Keven Schlotterbeck, Matthias Ginter, Hugo Siquet, Christian Günter, Lukas Kübler, Kenneth Schmidt, Kimberly Ezekwem, Manuel Gulde, Merlin Röhl, Maximilian Eggestein, Woo-yeong Jeong, Yannik Keitel, Robert Wagner, Nicolas Höfler, Daniel-Kofi Kyereh, Jonathan Schmid, Kevin Schade, Ritsu Doan, Vincenzo Grifo, Noah Weißhaupt, Lucas Höler, Michael Gregoritsch, Nils Petersen"
Bayer 04 Leverkusen,Bundesliga,2022-2023,6,"Patrick Pentz, Lukas Hradecky, Andrey Lunev, Niklas Lomb, Maximilian Neutgens, Piero Hincapié, Jeremie Frimpong, Edmond Tapsoba, Jonathan Tah, Odilon Kossounou, Madi Monamay, Daley Sinkgraven, Timothy Fosu-Mensah, Florian Wirtz, Exequiel Palacios, Nadiem Amiri, Robert Andrich, Mitchel Bakker, Zidan Sertdemir, Kerem Demirbay, Noah Mbamba, Charles Aránguiz, Ayman Azhil, Joshua Eze, Ayman Aourir, Leon Köhl, Callum Hudson-Odoi, Moussa Diaby, Patrik Schick, Amine Adli, Adam Hlozek, Paulinho, Sardar Azmoun, Joel Pohjanpalo, Karim Bellarabi"
Eintracht Frankfurt,Bundesliga,2022-2023,7,"Diant Ramaj, Kevin Trapp, Simon Simoni, Jens Grahl, Jannik Horz, Evan Ndicka, Tuta, Luca Pellegrini, Aurélio Buta, Hrvoje Smolcic, Philipp Max, Almamy Touré, Christopher Lenz, Timothy Chandler, Dario Gebuhr, Jérôme Onguéné, Jan Schröder, Daichi Kamada, Djibril Sow, Paxten Aaronson, Kristijan Jakic, Junior Dina Ebimbe, Filip Kostić, Mario Götze, Marcel Wenig, Mehdi Loune, Sebastian Rode, Makoto Hasebe, Randal Kolo Muani, Ansgar Knauff, Jesper Lindstrøm, Jens Petter Hauge, Rafael Borré, Nacho Ferri, Faride Alidou, Lucas Alario"
VfL Wolfsburg,Bundesliga,2022-2023,8,"Koen Casteels, Philipp Schulze, Pavao Pervan, Niklas Klinger, Micky van de Ven, Maxence Lacroix, Ridle Baku, Kilian Fischer, David Odogu, Sebastiaan Bornauw, Paulo Otávio, Nicolas Cozza, Bartol Franjic, Jérôme Roussillon, Felix Nmecha, Mattias Svanberg, Aster Vranckx, Kevin Paredes, Maximilian Arnold, Lukas Ambros, Yannick Gerhardt, Josuha Guilavogui, Omar Marmoush, Patrick Wimmer, Jakub Kaminski, Lukas Nmecha, Jonas Wind, Dzenan Pejcinovic, Josip Brekalo, Luca Waldschmidt, Maximilian Philipp, Bartosz Bialek, Max Kruse"
Borussia Mönchengladbach,Bundesliga,2022-2023,10,"Moritz Nicolas, Yann Sommer, Jonas Omlin, Jan Olschowsky, Tobias Sippel, Maximilian Brüll, Florian Dimmer, Ko Itakura, Nico Elvedi, Ramy Bensebaini, Joe Scally, Luca Netz, Jordan Beyer, Marvin Friedrich, Stefan Lainer, Simon Walde, Mamadou Doucouré, Tony Jantschke, Manu Koné, Rocco Reitz, Julian Weigl, Florian Neuhaus, Oscar Fraulo, Jonas Hofmann, Torben Müsel, Christoph Kramer, Lars Stindl, Marcus Thuram, Hannes Wolf, Nathan Ngoumou, Alassane Pléa, Semir Telalovic, Yvandro Borges Sanches, Conor Noß, Patrick Herrmann"
TSG 1899 Hoffenheim,Bundesliga,2022-2023,12,"Oliver Baumann, Nahuel Noll, Luca Philipp, Philipp Pentke, Angeliño, Eduardo Quaresma, Stefan Posch, Ozan Kabak, Joshua Quarshie, Kevin Akpoguma, Stanley Nsoki, Pavel Kaderabek, Justin Che, Kevin Vogt, Ermin Bicakcic, John Brooks, Benjamin Hübner, Angelo Stiller, Tom Bischof, Christoph Baumgartner, Muhammed Damar, Umut Tohumcu, Grischa Prömel, Andrej Kramaric, Robert Skov, Dennis Geiger, Finn Becker, Diadié Samassékou, Melayro Bogarde, Thomas Delaney, Sebastian Rudy, Georginio Rutter, Fisnik Asllani, Kasper Dolberg, Jacob Bruun Larsen, Munas Dabbur, Ihlas Bebou"
SV Werder Bremen,Bundesliga,2022-2023,13,"Mio Backhaus, Michael Zetterer, Jiri Pavlenka, Dudu, Louis Lord, Marco Friedl, Felix Agu, Amos Pieper, Niklas Stark, Mitchell Weiser, Fabio Chiarodia, Milos Veljkovic, Lee Buchanan, Jean Manuel Mbom, Anthony Jung, Tim Dietrich, Romano Schmid, Jens Stage, Ilia Gruev, Niklas Schmidt, Leonardo Bittencourt, Nicolai Rapp, Dikeni Salifou, Leon Opitz, Tom Berger, Christian Groß, Nick Woltemade, Niclas Füllkrug, Eren Dinkçi, Oliver Burke, Marvin Ducksch, Maximilian Philipp, Benjamin Goller"
VfL Bochum,Bundesliga,2022-2023,14,"Marko Johansson, Manuel Riemann, Paul Grave, Michael Esser, Keven Schlotterbeck, Tim Oermann, Erhan Masovic, Jannes Horn, Saidy Janko, Ivan Ordets, Dominique Heintz, Danilo Soares, Konstantinos Stafylidis, Jordi Osei-Tutu, Vasilios Lampropoulos, Mohammed Tolba, Cristian Gamboa, Patrick Osterhage, Kevin Stöger, Pierre Kunde, Philipp Förster, Jacek Goralski, Anthony Losilla, Takuma Asano, Moritz Broschinski, Silvere Ganvoula, Philipp Hofmann, Gerrit Holtmann, Christopher Antwi-Adjei, Tarsis Bonga, Lys Mousset, Simon Zoller"
FC Augsburg,Bundesliga,2022-2023,15,"Tomas Koubek, Rafał Gikiewicz, Daniel Klein, Benjamin Leneis, Renato Veiga, Aaron Zehnter, Felix Uduokhai, Iago, Felix Götze, Maximilian Bauer, Robert Gumny, Mads Pedersen, Jeffrey Gouweleeuw, David Colina, Frederik Winther, Reece Oxford, Daniel Katic, Raphael Framberger, Mert Kömür, Arne Engels, Elvis Rexhbecaj, Fredrik Jensen, Niklas Dorsch, Arne Maier, Carlos Gruezo, Josué Mbila, Tobias Strobl, Julian Baumgartlinger, Ermedin Demirovic, Ricardo Pepi, Rubén Vargas, Kelvin Yeboah, Dion Beljo, Mergim Berisha, Irvin Cardona, Maurice Malone, Lukas Petkov, Nathanaël Mbuku, Noah Sarenren Bazee, Florian Niederlechner, Daniel Caligiuri, André Hahn"
VfB Stuttgart,Bundesliga,2022-2023,16,"Dennis Seimen, Florian Müller, Fabian Bredlow, Nicolas Glaus, Florian Schock, Waldemar Anton, Hiroki Ito, Konstantinos Mavropanos, Josha Vagnoman, Borna Sosa, Dan-Axel Zagadou, Pascal Stenzel, Clinton Mola, Leon Reichardt, Antonis Aidonis, Mattis Hoppe, Enzo Millot, Atakan Karazor, Wataru Endo, Naouirou Ahamada, Laurin Ulrich, Mateo Klimowicz, Nikolas Nartey, Lilian Egloff, Ömer Beyaz, Luca Bazzoli, Genki Haraguchi, Serhou Guirassy, Tiago Tomás, Chris Führich, Silas, Sasa Kalajdzic, Darko Churlinov, Tanguy Coulibaly, Juan José Perea, Gil Dias, Luca Pfeiffer, Alou Kuol, Thomas Kastanaras"
FC Schalke 04,Bundesliga,2022-2023,17,"Justin Heekeren, Alexander Schwolow, Ralf Fährmann, Michael Langer, Malick Thiaw, Sepp van den Berg, Moritz Jenz, Leo Greiml, Thomas Ouwejan, Jere Uronen, Marcin Kaminski, Kerim Calhanoglu, Henning Matriciani, Ibrahima Cissé, Timothée Kolodziejczak, Maya Yoshida, Julius Schell, Cédric Brunner, Rodrigo Zalazar, Alex Král, Tom Krauß, Kenan Karaman, Mehmet Aydin, Florent Mollet, Tobias Mohr, Florian Flick, Joey Müller, Éder Balanta, Niklas Tauer, Soichiro Kozuki, Nassim Boujellab, Blendi Idrizi, Danny Latza, Dominick Drexler, Keke Topp, Jordan Larsson, Marius Bülter, Tim Skarke, Michael Frey, Sidi Sané, Sebastian Polter, Andreas Ivan, Simon Terodde"
Hertha BSC,Bundesliga,2022-2023,18,"Tjark Ernst, Oliver Christensen, Robert Kwasigroch, Rune Jarstein, Maximilian Mittelstädt, Lukas Ullrich, Linus Gechter, Marc Oliver Kempf, Filip Uremovic, Jonjoe Kenny, Márton Dárdai, Deyovaisio Zeefuik, Julian Eitschberger, Agustín Rogel, Joel da Silva Kiala, Peter Pekarík, Dedryck Boyata, Marvin Plattenhardt, Ibrahim Maza, Suat Serdar, Pascal Klemens, Lucas Tousart, Ivan Sunjic, Marco Richter, Vladimír Darida, Jean-Paul Boëtius, Tony Rölke, Veit Stange, Tolga Ciğerci, Kevin-Prince Boateng, Dodi Lukébakio, Krzysztof Piatek, Derry Scherhant, Chidera Ejuke, Davie Selke, Wilfried Kanga, Jessic Ngankam, Myziane Maolida, Kelian Nsona, Florian Niederlechner, Stevan Jovetić"
Bayer 04 Leverkusen,Bundesliga,2023-2024,1,"Matej Kovar, Patrick Pentz, Lukas Hradecky, Niklas Lomb, Piero Hincapié, Jeremie Frimpong, Edmond Tapsoba, Josip Stanisic, Jonathan Tah, Alejandro Grimaldo, Odilon Kossounou, Arthur, Reno Münz, Madi Monamay, Timothy Fosu-Mensah, Florian Wirtz, Exequiel Palacios, Nadiem Amiri, Granit Xhaka, Robert Andrich, Francis Onyeka, Gustavo Puerta, Jonas Hofmann, Noah Mbamba, Ayman Aourir, Patrik Schick, Amine Adli, Nathan Tella, Adam Hlozek, Victor Boniface, Borja Iglesias, Ken Izekor"
VfB Stuttgart,Bundesliga,2023-2024,2,"Alexander Nübel, Dennis Seimen, Fabian Bredlow, Florian Schock, Waldemar Anton, Maximilian Mittelstädt, Hiroki Ito, Konstantinos Mavropanos, Josha Vagnoman, Anthony Rouault, Borna Sosa, Leonidas Stergiou, Anrie Chase, Dan-Axel Zagadou, Pascal Stenzel, Moussa Cissé, Angelo Stiller, Enzo Millot, Atakan Karazor, Wataru Endo, Woo-yeong Jeong, Laurin Ulrich, Mahmoud Dahoud, Nikolas Nartey, Lilian Egloff, Samuele Di Benedetto, Raul Paula, Genki Haraguchi, Serhou Guirassy, Jamie Leweling, Deniz Undav, Chris Führich, Jovan Milosevic, Silas, Mohamed Sankoh, Roberto Massimo, Luca Raimund, Thomas Kastanaras"
Bayern Munich,Bundesliga,2023-2024,3,"Manuel Neuer, Daniel Peretz, Tom Ritzy Hülsmann, Max Schmitt, Sven Ulreich, Dayot Upamecano, Alphonso Davies, Matthijs de Ligt, Konrad Laimer, Min-jae Kim, Noussair Mazraoui, Benjamin Pavard, Sacha Boey, Adam Aznou, Eric Dier, Raphaël Guerreiro, Frans Krätzig, Matteo Pérez Vinlöf, Max Scholze, Bouna Sarr, Tarek Buchmann, Jamal Musiala, Ryan Gravenberch, Aleksandar Pavlovic, Joshua Kimmich, Leon Goretzka, Noel Aseko, Jonathan Asp Jensen, Taichi Fukui, Lovro Zvonarek, Luca Denk, Harry Kane, Mathys Tel, Leroy Sané, Kingsley Coman, Serge Gnabry, Bryan Zaragoza, Thomas Müller, Eric-Maxim Choupo-Moting"
RB Leipzig,Bundesliga,2023-2024,4,"Péter Gulácsi, Janis Blaswich, Leopold Zingerle, Timo Schlieck, Castello Lukeba, Mohamed Simakan, David Raum, El Chadaille Bitshiabu, Benjamin Henrichs, Willi Orbán, Lukas Klostermann, Hugo Novoa, Christopher Lenz, Jonathan Norbye, Tim Köhler, Dani Olmo, Xavi Simons, Christoph Baumgartner, Nicolas Seiwald, Eljif Elmas, Fábio Carvalho, Xaver Schlager, Ilaix Moriba, Amadou Haidara, Kevin Kampl, Nuha Jatta, Benjamin Sesko, Loïs Openda, Timo Werner, Emil Forsberg, Yussuf Poulsen, Yannick Eduardo"
Borussia Dortmund,Bundesliga,2023-2024,5,"Gregor Kobel, Alexander Meyer, Marcel Lotka, Nico Schlotterbeck, Ian Maatsen, Julian Ryerson, Ramy Bensebaini, Emre Can, Niklas Süle, Antonios Papadopoulos, Marius Wolf, Hendry Blank, Thomas Meunier, Mateu Morey, Guille Bueno, Mats Hummels, Felix Nmecha, Julian Brandt, Marcel Sabitzer, Giovanni Reyna, Salih Özcan, Kjell Wätjen, Thorgan Hazard, Marco Reus, Ole Pohlmann, Abdoulaye Kamara, Karim Adeyemi, Jamie Gittens, Donyell Malen, Jadon Sancho, Niclas Füllkrug, Julien Duranville, Youssoufa Moukoko, Sébastien Haller, Paris Brunner, Samuel Bamba"
Eintracht Frankfurt,Bundesliga,2023-2024,6,"Kauã Santos, Kevin Trapp, Simon Simoni, Nils Ramming, Jens Grahl, Luke Gauer, Willian Pacho, Robin Koch, Nnamdi Collins, Tuta, Elias Baum, Niels Nkounkou, Aurélio Buta, Hrvoje Smolcic, Philipp Max, Christopher Lenz, Timothy Chandler, Dario Gebuhr, Davis Bautista, Hugo Larsson, Farès Chaïbi, Paxten Aaronson, Kristijan Jakic, Ellyes Skhiri, Junior Dina Ebimbe, Mario Götze, Donny van de Beek, Marko Mladenovic, Sidney Raebiger, Marcel Wenig, Mehdi Loune, Sebastian Rode, Makoto Hasebe, Harpreet Ghotra, Hugo Ekitiké, Omar Marmoush, Randal Kolo Muani, Jean-Mattéo Bahoya, Ansgar Knauff, Jesper Lindstrøm, Noel Futkeu, Jens Petter Hauge, Nacho Ferri, Sasa Kalajdzic, Jessic Ngankam, Lucas Alario"
TSG 1899 Hoffenheim,Bundesliga,2023-2024,7,"Oliver Baumann, Nahuel Noll, Luca Philipp, Ozan Kabak, David Jurásek, Joshua Quarshie, Tim Drexler, Kevin Akpoguma, Attila Szalai, Stanley Nsoki, Pavel Kaderabek, Kasim Adams, Kevin Vogt, John Brooks, Angelo Stiller, Tom Bischof, Anton Stach, Umut Tohumcu, Grischa Prömel, Andrej Kramaric, Robert Skov, Bambasé Conté, Julian Justvan, Florian Grillitsch, Dennis Geiger, Finn Becker, Diadié Samassékou, Marco John, Maximilian Beier, Max Moerstedt, Wout Weghorst, Mergim Berisha, Marius Bülter, Ihlas Bebou"
SV Werder Bremen,Bundesliga,2023-2024,9,"Michael Zetterer, Jiri Pavlenka, Dudu, Spyros Angelidis, Marco Friedl, Felix Agu, Amos Pieper, Niklas Stark, Mitchell Weiser, Olivier Deman, Milos Veljkovic, Julián Malatini, Anthony Jung, Romano Schmid, Jens Stage, Senne Lynen, Ilia Gruev, Skelly Alvero, Naby Keïta, Leonardo Bittencourt, Nicolai Rapp, Isak Hansen-Aarøen, Leon Opitz, Cimo Röcker, Jakob Löpping, Christian Groß, Nick Woltemade, Niclas Füllkrug, Justin Njinmah, Rafael Borré, Oliver Burke, Dawid Kownacki, Marvin Ducksch, Kein Sato, Joel Imasuen"
SC Freiburg,Bundesliga,2023-2024,10,"Noah Atubolu, Florian Müller, Jaaso Jantunen, Benjamin Uphoff, Niklas Sauter, Philipp Lienhart, Roland Sallai, Max Rosenfelder, Kiliann Sildillia, Keven Schlotterbeck, Matthias Ginter, Jordy Makengo, Attila Szalai, Christian Günter, Lukas Kübler, Kenneth Schmidt, Manuel Gulde, Merlin Röhl, Maximilian Eggestein, Mika Baur, Yannik Keitel, Nicolas Höfler, Ryan Johansson, Daniel-Kofi Kyereh, Fabian Rüdlin, Ritsu Doan, Junior Adamu, Vincenzo Grifo, Noah Weißhaupt, Lucas Höler, Florent Muslija, Michael Gregoritsch, Maximilian Breunig, Maximilian Philipp"
FC Augsburg,Bundesliga,2023-2024,11,"Finn Dahmen, Marcel Łubik, Tomas Koubek, Aaron Zehnter, Felix Uduokhai, Iago, Kevin Mbabu, Japhet Tanganga, Patric Pfeiffer, Maximilian Bauer, Robert Gumny, Mads Pedersen, Jeffrey Gouweleeuw, David Colina, Frederik Winther, Reece Oxford, David Deger, Raphael Framberger, Mert Kömür, Arne Engels, Kristijan Jakic, Pep Biel, Elvis Rexhbecaj, Fredrik Jensen, Niklas Dorsch, Arne Maier, Tim Breithaupt, Mahmut Kücüksahin, Daniel Hausmann, Ermedin Demirovic, Rubén Vargas, Dion Beljo, Phillip Tietz, Mergim Berisha, Irvin Cardona, Nathanaël Mbuku, Masaya Okugawa, Sven Michel"
VfL Wolfsburg,Bundesliga,2023-2024,12,"Koen Casteels, Philipp Schulze, Pavao Pervan, Niklas Klinger, Maxence Lacroix, Ridle Baku, Joakim Maehle, Kilian Fischer, Sebastiaan Bornauw, Cédric Zesiger, Moritz Jenz, Nicolas Cozza, Rogério, Anders Børset, Felix Lange, Lovro Majer, Mattias Svanberg, Aster Vranckx, Kevin Paredes, Maximilian Arnold, Kofi Amoako, Yannick Gerhardt, Tiago Tomás, Patrick Wimmer, Jakub Kaminski, Vaclav Cerny, Lukas Nmecha, Jonas Wind, Dzenan Pejcinovic, Amin Sarr, Kevin Behrens, Bennit Bröger, Ulysses Llanez"
Borussia Mönchengladbach,Bundesliga,2023-2024,14,"Moritz Nicolas, Jonas Omlin, Jan Olschowsky, Tobias Sippel, Maximilian Brüll, Ko Itakura, Nico Elvedi, Lukas Ullrich, Joe Scally, Luca Netz, Maximilian Wöber, Fabio Chiarodia, Marvin Friedrich, Stefan Lainer, Simon Walde, Mamadou Doucouré, Tony Jantschke, Manu Koné, Rocco Reitz, Julian Weigl, Florian Neuhaus, Christoph Kramer, Franck Honorat, Robin Hack, Hannes Wolf, Nathan Ngoumou, Alassane Pléa, Tomas Cvancara, Jordan, Grant-Leon Ranos, Shio Fukuda, Yvandro Borges Sanches, Patrick Herrmann"
VfL Bochum,Bundesliga,2023-2024,16,"Niclas Thiede, Manuel Riemann, Hugo Rölleke, Andreas Luthe, Michael Esser, Keven Schlotterbeck, Bernardo, Tim Oermann, Erhan Masovic, Felix Passlack, Maximilian Wittek, Ivan Ordets, Noah Loosli, Danilo Soares, Jordi Osei-Tutu, Mohammed Tolba, Moritz Römling, Cristian Gamboa, Patrick Osterhage, Kevin Stöger, Mats Pannewig, Matus Bero, Moritz-Broni Kwarteng, Lukas Daschner, Agon Elezi, Philipp Förster, Anthony Losilla, Moritz Broschinski, Takuma Asano, Philipp Hofmann, Gonçalo Paciência, Christopher Antwi-Adjei, Lys Mousset, Simon Zoller"
SV Darmstadt 98,Bundesliga,2023-2024,18,"Marcel Schuhen, Alexander Brunst, Morten Behrens, Max Wendt, Christoph Klarer, Clemens Riedel, Emir Karic, Bartol Franjic, Matej Maglica, Matthias Bader, Thomas Isherwood, Jannik Müller, Frank Ronstadt, Fabian Holland, Asaf Arania, Christoph Zimmermann, Julian Justvan, Fabian Nürnberger, Marvin Mehlem, Andreas Müller, Klaus Gjasula, Tobias Kempe, Fabian Schnellhardt, Fraser Hornby, Filip Stojilkovic, Mathias Honsak, Tim Skarke, Oscar Vilhelmsson, Gerrit Holtmann, Luca Pfeiffer, Fabio Torsiello, Braydon Manu, Aaron Seydel, Sebastian Polter"
Bayern Munich,Bundesliga,2024-2025,1,"Jonas Urbig, Manuel Neuer, Daniel Peretz, Max Schmitt, Sven Ulreich, Leon Klanac, Anthony Pavlesic, Dayot Upamecano, Alphonso Davies, Konrad Laimer, Josip Stanisic, Jonathan Tah, Min-jae Kim, Hiroki Ito, Sacha Boey, Eric Dier, Adam Aznou, Raphaël Guerreiro, Cassiano Kiala, Tarek Buchmann, Jamal Musiala, Aleksandar Pavlovic, Lennart Karl, Joshua Kimmich, Tom Bischof, João Palhinha, Leon Goretzka, Noel Aseko, Arijon Ibrahimovic, Maurice Krattenmacher, Jonathan Asp Jensen, David Santos Daiber, Michael Olise, Harry Kane, Mathys Tel, Leroy Sané, Kingsley Coman, Serge Gnabry, Nestory Irankunda, Wisdom Mike, Thomas Müller, Jonah Kusi-Asare, Gabriel Vidovic"
Bayer 04 Leverkusen,Bundesliga,2024-2025,2,"Matej Kovar, Lukas Hradecky, Niklas Lomb, Simeon Rapsch, Luca Novodomsky, Piero Hincapié, Jeremie Frimpong, Edmond Tapsoba, Jonathan Tah, Alejandro Grimaldo, Odilon Kossounou, Nordi Mukiele, Jeanuël Belocian, Mario Hermoso, Arthur, Othniël Raterink, Andrea Natali, Ben Hawighorst, Florian Wirtz, Exequiel Palacios, Aleix García, Emiliano Buendía, Granit Xhaka, Robert Andrich, Francis Onyeka, Jonas Hofmann, Patrik Schick, Amine Adli, Nathan Tella, Martin Terrier, Victor Boniface, Kerim Alajbegovic, Alejo Sarco, Artem Stepanov"
Eintracht Frankfurt,Bundesliga,2024-2025,3,"Kauã Santos, Kevin Trapp, Nils Ramming, Jens Grahl, Yurij Obert, Amil Siljevic, Nathaniel Brown, Arthur Theate, Robin Koch, Nnamdi Collins, Rasmus Kristensen, Tuta, Aurèle Amenda, Niels Nkounkou, Timothy Chandler, Can Uzun, Hugo Larsson, Farès Chaïbi, Oscar Højlund, Ellyes Skhiri, Junior Dina Ebimbe, Mario Götze, Mahmoud Dahoud, Krisztián Lisztes, Eba Bekir Is, Noah Fenyö, Hugo Ekitiké, Omar Marmoush, Jean-Mattéo Bahoya, Ansgar Knauff, Elye Wahi, Igor Matanovic, Michy Batshuayi"
Borussia Dortmund,Bundesliga,2024-2025,4,"Gregor Kobel, Alexander Meyer, Marcel Lotka, Silas Ostrzinski, Robin Lisewski, Nico Schlotterbeck, Daniel Svensson, Julian Ryerson, Waldemar Anton, Ramy Bensebaini, Soumaïla Coulibaly, Emre Can, Niklas Süle, Almugera Kabar, Filippo Mane, Yannik Lührs, Niklas Jessen, David Lelle, Tyler Meiser, Elias Benkara, Felix Nmecha, Carney Chukwuemeka, Jobe Bellingham, Yan Couto, Julian Brandt, Marcel Sabitzer, Giovanni Reyna, Salih Özcan, Pascal Groß, Kjell Wätjen, Ayman Azhil, Karim Adeyemi, Serhou Guirassy, Jamie Gittens, Maximilian Beier, Donyell Malen, Julien Duranville, Cole Campbell, Sébastien Haller, Jordi Paulina, Rodney Elongo-Yombo, Samuele Inácio, Mathis Albert"
SC Freiburg,Bundesliga,2024-2025,5,"Noah Atubolu, Florian Müller, Jannik Huth, Philipp Lienhart, Roland Sallai, Max Rosenfelder, Kiliann Sildillia, Matthias Ginter, Jordy Makengo, Christian Günter, Lukas Kübler, Bruno Ogbus, Kenneth Schmidt, Manuel Gulde, Johan Manzambi, Merlin Röhl, Patrick Osterhage, Maximilian Eggestein, Nicolas Höfler, Yann Sturm, Daniel-Kofi Kyereh, Ritsu Doan, Niklas Beste, Eren Dinkçi, Junior Adamu, Vincenzo Grifo, Noah Weißhaupt, Lucas Höler, Florent Muslija, Michael Gregoritsch, Maximilian Philipp"
RB Leipzig,Bundesliga,2024-2025,7,"Maarten Vandevoordt, Péter Gulácsi, Leopold Zingerle, Fernando Dickes, Castello Lukeba, Mohamed Simakan, Lutsharel Geertruida, David Raum, El Chadaille Bitshiabu, Ridle Baku, Benjamin Henrichs, Kosta Nedeljkovic, Willi Orbán, Lukas Klostermann, Jonathan Norbye, Leon Koß, Lionel Voufack, Xavi Simons, Arthur Vermeeren, Assan Ouédraogo, Christoph Baumgartner, Nicolas Seiwald, Eljif Elmas, Xaver Schlager, Amadou Haidara, Kevin Kampl, Viggo Gebel, Nuha Jatta, Faik Sakar, Mika Walther, Benjamin Sesko, Loïs Openda, Antonio Nusa, André Silva, Tidiam Gomis, Yussuf Poulsen, Robert Ramsak"
SV Werder Bremen,Bundesliga,2024-2025,8,"Mio Backhaus, Michael Zetterer, Markus Kolke, Karim Coulibaly, Marco Friedl, Felix Agu, Amos Pieper, Derrick Köhn, Issa Kaboré, Niklas Stark, Mitchell Weiser, Olivier Deman, Milos Veljkovic, Julián Malatini, Anthony Jung, Mick Schmetgens, Romano Schmid, Jens Stage, Senne Lynen, Patrice Covic, Skelly Alvero, Leonardo Bittencourt, Isak Hansen-Aarøen, Leon Opitz, Wesley Adeh, Justin Njinmah, Marco Grüll, Keke Topp, Oliver Burke, André Silva, Marvin Ducksch, Abdenego Nankishi, Maik Lukowicz"
VfB Stuttgart,Bundesliga,2024-2025,9,"Alexander Nübel, Dennis Seimen, Fabian Bredlow, Stefan Drljaca, Finn Jeltsch, Maximilian Mittelstädt, Jeff Chabot, Josha Vagnoman, Luca Jaquez, Anthony Rouault, Ramon Hendriks, Ameen Al-Dakhil, Leonidas Stergiou, Frans Krätzig, Dan-Axel Zagadou, Anrie Chase, Pascal Stenzel, Christopher Olivier, Angelo Stiller, Enzo Millot, Atakan Karazor, Fabian Rieder, Yannik Keitel, Nikolas Nartey, Nick Woltemade, Jamie Leweling, Ermedin Demirovic, Deniz Undav, El Bilal Touré, Chris Führich, Jacob Bruun Larsen, Silas, Justin Diehl, Jarzinho Malanga, Benjamin Boakye, Eliot Bujupi, Wahid Faghir, Luca Raimund, Thomas Kastanaras"
Borussia Mönchengladbach,Bundesliga,2024-2025,10,"Moritz Nicolas, Jonas Omlin, Tiago Pereira Cardoso, Tobias Sippel, Ko Itakura, Nico Elvedi, Lukas Ullrich, Joe Scally, Luca Netz, Fabio Chiarodia, Marvin Friedrich, Stefan Lainer, Manu Koné, Rocco Reitz, Julian Weigl, Philipp Sander, Florian Neuhaus, Kevin Stöger, Niklas Swider, Veit Stange, Franck Honorat, Tim Kleindienst, Robin Hack, Nathan Ngoumou, Alassane Pléa, Tomas Cvancara, Grant-Leon Ranos, Charles Herrmann, Shio Fukuda, Noah Pesch, Yvandro Borges Sanches"
VfL Wolfsburg,Bundesliga,2024-2025,11,"Kamil Grabara, Marius Müller, Pavao Pervan, Niklas Klinger, Maxence Lacroix, Konstantinos Koulierakis, Ridle Baku, Joakim Maehle, Kilian Fischer, Denis Vavro, Mads Roerslev, Cédric Zesiger, Moritz Jenz, Sebastiaan Bornauw, David Odogu, Nicolas Cozza, Rogério, Mathys Angély, Jan Bürger, Till Neininger, Lovro Majer, Mattias Svanberg, Aster Vranckx, Bence Dárdai, Kevin Paredes, Maximilian Arnold, Salih Özcan, Yannick Gerhardt, Mohamed Amoura, Tiago Tomás, Patrick Wimmer, Jakub Kaminski, Andreas Skov Olsen, Lukas Nmecha, Jonas Wind, Bartosz Bialek, Kevin Behrens, Bennit Bröger, Jonathan Akaegbobi"
FC Augsburg,Bundesliga,2024-2025,12,"Finn Dahmen, Nediljko Labrovic, Daniel Klein, Chrislain Matsima, Noahkai Banks, Keven Schlotterbeck, Felix Uduokhai, Cédric Zesiger, Dimitrios Giannoulis, Marius Wolf, Maximilian Bauer, Henri Koudossou, Robert Gumny, Mads Pedersen, Jeffrey Gouweleeuw, Reece Oxford, Felix Meiser, David Deger, Alexis Claude-Maurice, Mert Kömür, Arne Engels, Frank Onyeka, Kristijan Jakic, Elvis Rexhbecaj, Niklas Dorsch, Fredrik Jensen, Tim Breithaupt, Arne Maier, Juan Cabrera, Mahmut Kücüksahin, Rubén Vargas, Samuel Essende, Phillip Tietz, Mergim Berisha, Steve Mounié, Yusuf Kabadayi"
TSG 1899 Hoffenheim,Bundesliga,2024-2025,15,"Oliver Baumann, Luca Philipp, Lúkas Petersson, Jakob Busk, Benjamin Lade, Tim Philipp, Leo Østigård, Robin Hranac, Valentin Gendrey, Ozan Kabak, Alexander Prass, Arthur Chaves, David Jurásek, Tim Drexler, Attila Szalai, Kevin Akpoguma, Stanley Nsoki, Pavel Kaderabek, Luca Erlein, Noah König, Hennes Behrens, Christopher Lenz, Lars Strobl, Tom Bischof, Anton Stach, Umut Tohumcu, Grischa Prömel, Andrej Kramaric, Julian Justvan, Florian Grillitsch, Dennis Geiger, Finn Becker, Diadié Samassékou, Florian Micheler, Luka Duric, Bazoumana Touré, Adam Hlozek, Gift Orban, Max Moerstedt, Jacob Bruun Larsen, Haris Tabakovic, Mergim Berisha, Marius Bülter, Erencan Yardımcı, Paul Hennrich, David Mokwa, Ihlas Bebou, Simon Kalambayi"
Holstein Kiel,Bundesliga,2024-2025,17,"Timon Weiner, Thomas Dähne, Marcel Engelhardt, David Zec, John Tolkin, Tymoteusz Puchacz, Marko Ivezic, Timo Becker, Max Geschwill, Lasse Rosenboom, Marco Komenda, Ivan Nekic, Colin Kleine-Bekel, Carl Johansson, Dominik Javorcek, Patrick Erras, Nicolai Remberg, Armin Gigovic, Magnus Knudsen, Finn Porath, Marvin Schulz, Lewis Holtby, Aurel Wagbe, Shuto Machino, Alexander Bernhardsson, Phil Harres, Benedikt Pichler, Fiete Arp, Steven Skrzybski, Andu Kelati"
VfL Bochum,Bundesliga,2024-2025,18,"Timo Horn, Patrick Drewes, Paul Grave, Bernardo, Tim Oermann, Jakov Medic, Erhan Masovic, Felix Passlack, Maximilian Wittek, Noah Loosli, Ivan Ordets, Kacper Koscierski, Mohammed Tolba, Cristian Gamboa, Tom Krauß, Ibrahima Sissoko, Dani de Wit, Mats Pannewig, Matus Bero, Koji Miyoshi, Moritz-Broni Kwarteng, Lukas Daschner, Agon Elezi, Niklas Jahn, Lennart Koerdt, Anthony Losilla, Myron Boadu, Moritz Broschinski, Georgios Masouras, Aliou Baldé, Philipp Hofmann, Gerrit Holtmann, Samuel Bamba"
Paris Saint-Germain,Ligue 1,2014-2015,1,"Mike Maignan, Mory Diaw, Salvatore Sirigu, Nicolas Douchez, Marquinhos, Lucas Digne, Presnel Kimpembe, Serge Aurier, Thiago Silva, David Luiz, Sébastien Atlan, Zoumana Camara, Maxwell, Gregory van der Wiel, Adrien Rabiot, Marco Verratti, Hervin Ongenda, Roli Pereira de Sa, Franck Bambock, Romuald Lacazette, Clément Chantôme, Yohan Cabaye, Thiago Motta, Blaise Matuidi, Javier Pastore, Lucas Moura, Edinson Cavani, Jean-Kévin Augustin, Jérémi Kimmakon, Zlatan Ibrahimović, Jean-Christophe Bahebeck, Ezequiel Lavezzi"
Olympique Lyon,Ligue 1,2014-2015,2,"Anthony Lopes, Mathieu Gorgelin, Mehdi Zeffane, Lindsay Rose, Dylan Mboumbouni, Henri Bedimo, Bakary Koné, Milan Bisevac, Christophe Jallet, Mouhamadou Dabo, Samuel Umtiti, Romaric N'Gouma, Corentin Tolisso, Nabil Fekir, Yassine Benzia, Jordan Ferri, Clément Grenier, Sidy Koné, Gueïda Fofana, Yoann Gourcuff, Steed Malbranque, Maxime Gonalons, Arnold Mvuemba, Farès Bahlouli, Zakarie Labidi, Alexandre Lacazette, Maxwel Cornet, Rachid Ghezzal, Clinton N'Jie, Mohamed Yattara, Gaël Danic"
Monaco,Ligue 1,2014-2015,3,"Manuel Vallaurio, Marc Vassallo, Grégory Campi, Renaud Connen"
Olympique Marseille,Ligue 1,2014-2015,4,"Brice Samba, Julien Fabri, Steve Mandanda, Matheus Dória, Benjamin Mendy, Lucas Mendes, Bill Tuiloma, Nicolas N'Koulou, Gaël Andonian, Alphousseyni Sané, Baptiste Aloé, Stéphane Sparagna, Jérémy Morel, Rod Fanni, Maxime Lopez, Mario Lemina, Laurent Abergel, Dimitri Payet, Alaixys Romao, Benoît Cheyrou, Momar Bangoura, Giannelli Imbula, Brice Dja Djédjé, Abdelaziz Barrada, Lucas Ocampos, Florian Thauvin, Michy Batshuayi, Bilal Boutobba, André-Pierre Gignac, André Ayew, Jeremie Porsan-Clemente, Billel Omrani, Wesley Jobello, Romain Alessandrini"
AS Saint-Étienne,Ligue 1,2014-2015,5,"Baptiste Valette, Stéphane Ruffier, Jessy Moulin, Kévin Théophile-Catherine, Maxence Chapuis, Ben Karamoko, Jérrold Nyemeck, Florentin Pogba, Jonathan Brison, Paul Baysse, Loïc Perrin, Moustapha Sall, Franck Tabanou, François Clerc, Cazim Suljic, Ismaël Diomandé, Karl Madianga, Jérémy Clément, Benjamin Corgnet, Renaud Cohade, Landry N'Guemo, Fabien Lemoine, Allan Saint-Maximin, Jonathan Bamba, Ricky van Wolfswinkel, Max Gradel, Dylan Saint-Louis, Mevlüt Erdinç, Yohan Mollo, Romain Hamouma, Kévin Monnet-Paquet"
FC Girondins Bordeaux,Ligue 1,2014-2015,6,"Azbe Jug, Jérôme Prior, Cédric Carrasso, Frédéric Guilbert, Théo Pellenard, Nicolas Pallois, Tiago Ilori, Mariano, Diego Contento, Lamine Sané, Cédric Yambéré, Julien Faubert, Marc Planus, Maxime Poundjé, Valentín Vada, Sessi D'Almeida, André Poko, Robin Maulun, Henri Saivet, Clément Badin, Abdou Traoré, Grégory Sertic, Clément Chantôme, Younès Kaabouni, Jaroslav Plasil, Nicolas Maurice-Belay, Jussiê, David Djigla, Isaac Kiese Thelin, Enzo Crivelli, David Sambissa, Kévin Soni, Emiliano Sala, Hadi Sacko, Steve Shamal, Diego Rolán, Thomas Touré, Cheick Diabaté, Wahbi Khazri"
Montpellier HSC,Ligue 1,2014-2015,7,"Dimitry Bertaud, Laurent Pionnier, Geoffrey Jourdren, Jonathan Ligali, Nicolas Saint-Ruf, Anthony Ribelin, Dylan Gissi, Yassine Jebbour, Mamadou N'Diaye, Daniel Congré, Hilton, Siaka Tiéné, Abdelhamid El Kaoutari, Mathieu Deplagne, Ellyes Skhiri, Morgan Sanson, Benjamin Stambouli, Jonas Martin, Bryan Dabo, Joris Marveaux, Paul Lasne, Sébastien Wüthrich, Jamel Saihi, Gianni Seraf, Teddy Chaouche, Steve Mounié, Florian Sotoca, Quentin Cornette, Jean Deza, Víctor Montaño, Lucas Barrios, Anthony Mounier, Kévin Bérigaud, Karim Aït-Fana, Souleymane Camara, Djamel Bakar"
LOSC Lille,Ligue 1,2014-2015,8,"Jean Butez, Vincent Enyeama, Steeve Elana, Benjamin Pavard, Djibril Sidibé, Youssouf Koné, Adama Soumaoro, Pape Souaré, Sébastien Corchia, Simon Kjaer, Franck Béria, David Rozehnal, Marko Basa, Sofiane Boufal, Soualiho Meïté, Jean-Eudes Aholou, Idrissa Gueye, Adama Traoré, Florent Balmont, Jonathan Delaplace, Marvin Martin, Rio Mavuba, Rony Lopes, Michael Frey, Divock Origi, Ryan Mendes, Abdoulay Diaby, Salomon Kalou, Ronny Rodelin, Kevin Koubemba, Nolan Roux"
Stade Rennais FC,Ligue 1,2014-2015,9,"Benoît Costil, Olivier Sorin, Christopher Dilo, Steven Moreira, Cédric Hountondji, Gjoko Zajkov, Mexer, Cheikh M'Bengue, Fallou Diagne, Ermir Lenjani, Sylvain Armand, Romain Danzé, Abdoulaye Doucouré, Benjamin André, Sanjin Prcic, Zana Allée, Vincent Pajot, Christian Brüls, Axel Ngando, Gelson Fernandes, Jean Makoun, Anders Konradsen, Wesley Saïd, Pedro Henrique, Adrien Hunou, Kamil Grosicki, Philipp Hosiner, Paul-Georges Ntep, Ola Toivonen, Habib Habibou"
EA Guingamp,Ligue 1,2014-2015,10,"Mamadou Samassa, Jonas Lössl, Hugo Guichard, Marcus Coco, Fabien Garcia, Benjamin Angoua, Lars Jacobsen, Maxime Baca, Dorian Lévêque, Jérémy Sorbon, Laurent Dos Santos, Jérémy Pied, Reynald Lemaître, Christophe Kerbrat, Karim Achahbar, Baissama Sankoh, Mustapha Diallo, Younousse Sankharé, Lionel Mathis, Sylvain Marveaux, Julien Cardy, Sambou Yatabaré, Thibault Giresse, Steeven Harrison, Mustapha Yatabaré, Ronnie Schwartz, Yannis Salibur, Claudio Beauvue, Christophe Mandanne, Ladislas Douniama, Rachid Alioui"
OGC Nice,Ligue 1,2014-2015,11,"Mouez Hassen, Simon Pouplin, Joris Delle, Yoan Cardinale, Olivier Boscagli, Gautier Lloris, Jordan Amavi, Niklas Hult, Jérémy Pied, Kévin Gomis, Grégoire Puel, Souleymane Diawara, Lloyd Palun, Romain Genevois, Moussa M'Bow, Maxime Borges, Nampalys Mendy, Eduardo, Valentin Eysseric, Albert Rafetraniaina, Vincent Koziello, Didier Digard, Julien Vercauteren, Mahamane Traoré, Mathieu Bodmer, Fabien Dao Castellana, Franck Honorat, Saïd Benrahma, Neal Maupay, Alassane Pléa, Sada Thioub, Alexy Bosetti, Darío Cvitanich, Paulin Puel, Xavier Pentecôte, Eric Bauthéac, Bryan Constant"
SC Bastia,Ligue 1,2014-2015,12,"Alphonse Areola, Thomas Vincensini, Jean-Louis Leca, Alexander Djiku, Mathieu Peybernes, Yannis Lamgahez, Romain Achilli, Florian Marange, Sébastien Squillaci, Julian Palmieri, François Modesto, Drissa Diakité, Gilles Cioni, Edgar Alexandre, Lyes Houri, Hervin Ongenda, Ryad Boudebouz, Christophe Vincent, Julien Benhaim, Romaric, El-Hadji Ba, Abdoulaye Keita, Yannick Cahuzac, Guillaume Gillet, Sacha Valéry, François Kamano, Christopher Ibayi, Vagner Gonçalves, Joao Rodríguez, Benjamin Mokulu, Junior Tallo, Juan Pablo Pino, Julien Romain, Floyd Ayité, Djibril Cissé, Famoussa Kone, Giovanni Sio, Luka Kikabidze, Christopher Maboulou, Brandão, Gaël Danic"
SM Caen,Ligue 1,2014-2015,13,"Rémy Vercoutre, Damien Perquis, Paul Reulet, Dennis Appiah, Damien Da Silva, Jean-Jacques Pierre, Alaeddine Yahia, Emmanuel Imorou, Felipe Saad, Alexandre Raineau, Jean Calvé, Yrondu Musavu-King, N'Golo Kanté, Thomas Lemar, Nicolas Seube, Jordan Adéoti, José Saez, Julien Féret, Jonathan Beaulieu, Lenny Nangis, Fodé Koita, Mathieu Duhamel, Florian Raspentino, Nicolas Benezet, Sloan Privat, Emiliano Sala, Hervé Bazile"
FC Nantes,Ligue 1,2014-2015,14,"Maxime Dupé, Rémy Riou, Erwin Zelazny, Nassim Badri, Koffi Djidji, Papy Djilobodji, Anthony Walongwa, Kian Hansen, Oswaldo Vizcarrondo, Olivier Veigneau, Vincent Bessat, Léo Dubois, Issa Cissokho, Chaker Alhadhur, Valentin Rongier, Jordan Veretout, Birama Touré, Alejandro Bedoya, Jules Iloki, Rémi Gomis, Lucas Deaux, Georges-Kevin N'Koudou, Yacine Bammou, Adama Niane, Itay Shechter, Fernando Aristeguieta, Aristote N'Dongala, Ismaël Bangoura, Serge Gakpé, Johan Audel"
Stade Reims,Ligue 1,2014-2015,15,"Johny Placide, Cyriack Garel, Kossi Agassa, Sacha Bastien, Aïssa Mandi, Antoine Conte, Chris Mavinga, Valentin Roberge, Mohamed Fofana, Franck Signorino, Grégory Bourillon, Mickaël Tacalfred, Anthony Weber, Christopher Glombard, Frank Anguissa, Nuke Mfulu, Mads Albæk, Bocundji Ca, Antoine Devaux, Prince Oniangué, Diego Rigonato, Alexi Peuget, Jordan, Grejohn Kyei, Gaëtan Courtet, Nicolas de Préville, Eliran Atar, Odaïr Fortes, Gaëtan Charbonnier, Benjamin Moukandjo, Yann Benedick, David N'Gog"
FC Lorient,Ligue 1,2014-2015,16,"Benjamin Lecomte, Fabien Audard, Florent Chaigneau, Raphaël Guerreiro, Hamadou Karamoko, Bruno Ecuele Manga, Lamine Koné, Pedrinho, Vincent Le Goff, Wesley Lautoa, Lamine Gassama, Yoann Wachter, Cheick Touré, Didier Ndong, Marvin Gakpa, Remi Mulumba, Rafidine Abdullah, Alain Traoré, Enzo Reale, Bryan Pelé, Mehdi Mostefa, François Bellugou, Sadio Diallo, Yann Jouffre, Mathieu Coutadeur, Pierre Lavenant, Fabien Robert, Walid Mesloub, Romain Philippoteaux, Mathias Autret, Maxime Barthelmé, Denis Bouanga, Jordan Ayew, Vincent Aboubakar, Gianni Bruno, Valentin Lavigne, Gilles Sunu, Benjamin Jeannot, Didier Bouanga"
FC Toulouse,Ligue 1,2014-2015,17,"Lionel Mpasi-Nzau, Zacharie Boucher, Marc Vidal, Ali Ahamada, Marcel Tisserand, Issiaga Sylla, Uros Spajic, Steeve Yago, Maxime Spano, Jean-Armel Kana-Biyik, William Matheus, Dusan Veskovac, Pavle Ninkov, Dragoș Grigore, François Moubandje, Sami Larabi, Alexis Blin, Zinédine Machach, Yann Bodiger, Jean-Daniel Akpa Akpro, Óscar Trejo, Adrien Regattin, Dominik Furman, Tongo Doumbia, Étienne Didot, Pantxi Sirieix, Abel Aguilar, Martin Braithwaite, Wissam Ben Yedder, Aleksandar Pesic, Amadou Soukouna, Djibril Dianessy, Florian David, Youssef Ben Ali, Sana Zaniou, Mihai Roman"
Thonon Évian Grand Genève FC,Ligue 1,2014-2015,18,"Benjamin Leroy, Jesper Hansen, Johann Durand, Youssouf Sabaly, Jonathan Mensah, Gaël Givet, Jordan Boy, Alioun Fall, Kassim Abdallah, Dany Nounkeu, Aldo Angoula, Cédric Mongongu, Cédric Cambon, Jesper Juelsgård, Adrien Thomasson, Daniel Wass, Yeltsin Tejeda, Milos Ninkovic, Djakaridja Koné, Fabien Camus, Cédric Barbosa, Olivier Sorlin, Gianni Bruno, Nicolás Blandi, Nicolas Benezet, Mathieu Duhamel, David Ramírez, Gilles Sunu, Modou Sougou, Nicki Bille, Clarck N'Sikulu, Nadjib Baouia, Zakariya Abarouaï"
FC Metz,Ligue 1,2014-2015,19,"Johann Carrasso, Anthony Mfa Mezui, David Oberhauser, Matthieu Udol, José Luis Palomino, Thibaut Vion, Bouna Sarr, Romain Métanire, Jonathan Riviérez, Sylvain Marchal, Guido Milán, Jérémy Choplin, Gaëtan Bussmann, Ferjani Sassi, Janis Ikaunieks, Cheick Doukouré, Ahmed Kashi, Mayoro N'Doye, Romain Rocchi, Fadil Sido, Kévin Lejeune, Guirane N'Daw, Chris Philipps, Sergey Krivets, Fakhreddine Ben Youssef, Federico Andrada, Moussa Gueye, Juan Falcón, Kwame Nsor, Florent Malouda, Modibo Maïga, Yeni Ngbakoto"
RC Lens,Ligue 1,2014-2015,20,"Samuel Atrous, Rudy Riou, Valentin Belon, Paulo Pinho, Jean-Philippe Gbamin, Taylor Moore, Dimitri Cavaré, Loïck Landre, Boubacar Sylla, Ahmed Kantari, Abdoul Ba, Patrick Fradj, Ludovic Baal, Benjamin Boulenger, Benjamin Bourigeaud, Jeff Reine-Adélaïde, Quentin Lecoeuche, Wylan Cyprien, Jérôme Le Moigne, Pierrick Valdivia, Lalaïna Nomenjanahary, Baptiste Guillaume, Pablo Chavarría, Malick Seck, Yoann Touzghar, Aristote Madiani, Adamo Coulibaly, Démé N'Diaye, Alharbi El Jadeyaoui"
Paris Saint-Germain,Ligue 1,2015-2016,1,"Kevin Trapp, Salvatore Sirigu, Nicolas Douchez, Marquinhos, Lucas Digne, Presnel Kimpembe, Youssouf Sabaly, Serge Aurier, Alec Georgen, Layvin Kurzawa, Thiago Silva, David Luiz, Kévin Rimane, Mamadou Doucouré, Maxwell, Gregory van der Wiel, Adrien Rabiot, Marco Verratti, Sessi D'Almeida, Hervin Ongenda, Benjamin Stambouli, Timothée Taufflieb, Thiago Motta, Blaise Matuidi, Javier Pastore, Christopher Nkunku, Odsonne Édouard, Lucas Moura, Ángel Di María, Yakou Méïté, Edinson Cavani, Jean-Kévin Augustin, Ezequiel Lavezzi, Jean-Christophe Bahebeck, Zlatan Ibrahimović"
Olympique Lyon,Ligue 1,2015-2016,2,"Anthony Lopes, Mathieu Gorgelin, Lucas Mocio, Lindsay Rose, Milan Bisevac, Mapou Yanga-Mbiwa, Henri Bedimo, Bakary Koné, Christophe Jallet, Jérémy Morel, Rafael, Samuel Umtiti, Corentin Tolisso, Nabil Fekir, Sergi Darder, Olivier Kemen, Lucas Tousart, Yassine Benzia, Jordan Ferri, Clément Grenier, Mathieu Valbuena, Gueïda Fofana, Steed Malbranque, Maxime Gonalons, Arnold Mvuemba, Zakarie Labidi, Romain Del Castillo, Gaëtan Perrin, Alexandre Lacazette, Maxwel Cornet, Aldo Kalulu, Rachid Ghezzal, Claudio Beauvue"
OGC Nice,Ligue 1,2015-2016,4,"Mouez Hassen, Simon Pouplin, Yoan Cardinale, Andréa Gambetta, Olivier Boscagli, Gautier Lloris, Ricardo Pereira, Niklas Hult, Paul Baysse, Kévin Gomis, Maxime Le Marchand, Romain Genevois, Jérémy Pied, Nampalys Mendy, Rémi Walter, Valentin Eysseric, Jean Michaël Seri, Albert Rafetraniaina, Jonathan Correia, Mahamane Traoré, Hatem Ben Arfa, Wallyson, Stéphan Raheriharimanana, Mathieu Bodmer, Vincent Koziello, Franck Honorat, Saïd Benrahma, Alassane Pléa, Alexandre Mendy, Valère Germain, Alexy Bosetti, Antony Ranieri, Paulin Puel, Mickaël Le Bihan, Dorian Caddy"
LOSC Lille,Ligue 1,2015-2016,5,"Mike Maignan, Jean Butez, Vincent Enyeama, Steeve Elana, Benjamin Pavard, Djibril Sidibé, Youssouf Koné, Adama Soumaoro, Stoppila Sunzu, Sébastien Corchia, Renato Civelli, Franck Béria, Marko Basa, Sofiane Boufal, Soualiho Meïté, Yassine Benzia, Ibrahim Amadou, Nolan Mbemba, Florent Balmont, Mounir Obbadi, Marvin Martin, Rio Mavuba, Morgan Amalfitano, Serhou Guirassy, Rony Lopes, Yaw Yeboah, Ryan Mendes, Baptiste Guillaume, Lenny Nangis, Junior Tallo, Ronny Rodelin, Alexis Araújo, Eric Bauthéac, Éder"
AS Saint-Étienne,Ligue 1,2015-2016,6,"Anthony Maisonnial, Stéphane Ruffier, Jessy Moulin, Ronaël Pierre-Gabriel, Léo Pétrot, Kévin Théophile-Catherine, Nathan Dekoke, Ben Karamoko, Pierre-Yves Polomat, Franck Tabanou, Florentin Pogba, Jonathan Brison, Loïc Perrin, Kévin Malcuit, Moustapha Sall, François Clerc, Benoît Assou-Ekotto, Oussama Tannane, Ole Selnæs, Valentin Eysseric, Cazim Suljic, Vincent Pajot, Ismaël Diomandé, Jérémy Clément, Benjamin Corgnet, Renaud Cohade, Cicin, Fabien Lemoine, Neal Maupay, Jonathan Bamba, Robert Beric, Max Gradel, Dylan Saint-Louis, Yohan Mollo, Hugo Roussey, Jean-Christophe Bahebeck, Nolan Roux, Romain Hamouma, Kévin Monnet-Paquet, Alexander Søderlund"
SM Caen,Ligue 1,2015-2016,7,"Rémy Vercoutre, Louis Deschateaux, Paul Reulet, Dennis Appiah, Florian Le Joncour, Damien Da Silva, Alaeddine Yahia, Vincent Bessat, Syam Ben Youssef, Emmanuel Imorou, Chaker Alhadhur, Alexandre Raineau, Jean-Victor Makengo, Jordan Leborgne, Ismaël Diomandé, Valentin Voisin, Nicolas Seube, Jonathan Delaplace, Saidi Ntibazonkiza, Jeff Louis, Jordan Adéoti, Julien Féret, Jonathan Beaulieu, Yann Karamoh, Lenny Nangis, Jordan N'Kololo, Andy Delort, Hervé Bazile, Ronny Rodelin, Christian Kouakou"
Stade Rennais FC,Ligue 1,2015-2016,8,"Edvinas Gertmonas, Benoît Costil, Olivier Sorin, Abdoulaye Diallo, Steven Moreira, Mehdi Zeffane, Séga Coulibaly, Dimitri Cavaré, Mexer, Pedro Mendes, Ermir Lenjani, Joris Gnagnon, Cheikh M'Bengue, Fallou Diagne, Sylvain Armand, Ludovic Baal, Romain Danzé, Abdoulaye Doucouré, Benjamin André, Sébastien Salles-Lamonge, Juan Fernando Quintero, Jérémy Gélin, Nicolas Janvier, Denis-Will Poha, Gelson Fernandes, Yacouba Sylla, Yoann Gourcuff, Ousmane Dembélé, Jérémie Boga, Wesley Saïd, Pedro Henrique, Adrien Hunou, Kamil Grosicki, Ola Toivonen, Habib Habibou, Paul-Georges Ntep, Kermit Erasmus, Giovanni Sio"
Angers SCO,Ligue 1,2015-2016,9,"Ludovic Butelle, Mattéo Petitgenet, Denis Petric, Alexandre Letellier, Romain Saïss, Ismaël Traoré, Romain Thomas, Bilel Mohsni, Gaël Angoula, Arnold Bouka Moutou, Grégory Bourillon, Ibrahima Diallo, Yoann Andreu, Vincent Manceau, Aïssa Laïdouni, Pierrick Capelle, Diego Gómez, Thomas Mangani, Olivier Auriac, Cheikh N'Doye, Mathias Serin, Charles Diers, Guy N'Gosso, Saïd Benrahma, Jean-Pierre Nsame, Mohamed Yattara, Abdoul Camara, Gilles Sunu, Slimane Sissoko, Billy Ketkeophomphone, Goran Karanovic, Yohan Eudeline, Férébory Doré, Younes Bnou Marzouk"
SC Bastia,Ligue 1,2015-2016,10,"Thomas Vincensini, Jesper Hansen, Jean-Louis Leca, Alexander Djiku, Ismaël Diallo, Mathieu Peybernes, Sébastien Squillaci, Julian Palmieri, François Modesto, Yassine Jebbour, Florian Marange, Gilles Cioni, Edgar Alexandre, Seko Fofana, Lassana Coulibaly, Lyes Houri, Julien Benhaim, Adama Ba, Sadio Diallo, Abdoulaye Keita, Mehdi Mostefa, Yannick Cahuzac, Axel Ngando, François Kamano, Floyd Ayité, Gaël Danic, Florian Raspentino, Brandão, Christopher Maboulou, Julien Romain, Rashade Sido"
FC Girondins Bordeaux,Ligue 1,2015-2016,11,"Paul Bernardoni, Jérôme Prior, Lucas Bobe, Simon Lefebvre, Cédric Carrasso, Jules Koundé, Milan Gajic, Frédéric Guilbert, Pablo, Nicolas Pallois, Ilias Hassani, Jean Ambrose, Baba Traoré, Diego Contento, Lamine Sané, Cédric Yambéré, Mathieu Debuchy, Maxime Poundjé, Mauro Arambarri, Valentín Vada, André Poko, Henri Saivet, Robin Maulun, Abdou Traoré, Grégory Sertic, Clément Chantôme, Jaroslav Plasil, Nicolas Maurice-Belay, Jussiê, Malcom, Gaëtan Laborde, Adam Ounas, Isaac Kiese Thelin, Enzo Crivelli, David Sambissa, Kévin Soni, Wahbi Khazri, Hazem Haj-Hassen, Diego Rolán, Thomas Touré, Cheick Diabaté, Kévin Zinga"
Montpellier HSC,Ligue 1,2015-2016,12,"Dimitry Bertaud, Laurent Pionnier, Geoffrey Jourdren, Jonathan Ligali, Ramy Bensebaini, Jérôme Roussillon, Anthony Ribelin, Dylan Gissi, Mamadou N'Diaye, Daniel Congré, Hilton, William Rémy, Mathieu Deplagne, Ellyes Skhiri, Morgan Sanson, Ryad Boudebouz, Jonas Martin, Bryan Dabo, Joris Marveaux, Paul Lasne, Sébastien Wüthrich, Jamel Saihi, Steve Mounié, Florian Sotoca, Casimir Ninga, Quentin Cornette, Jean Deza, Anthony Mounier, Mustapha Yatabaré, Souleymane Camara, Kévin Bérigaud, Djamel Bakar"
Olympique Marseille,Ligue 1,2015-2016,13,"Florian Escales, Yohann Pelé, Steve Mandanda, Matheus Dória, Karim Rekik, Benjamin Mendy, Bill Tuiloma, Bouna Sarr, Julien Dacosta, Nicolas N'Koulou, Mauricio Isla, Gaël Andonian, Baptiste Aloé, Alphousseyni Sané, Javier Manquillo, Rolando, Stéphane Sparagna, Paolo De Ceglie, Frank Anguissa, Mario Lemina, Maxime Lopez, Rémy Cabella, Lucas Silva, Alaixys Romao, Abou Diaby, Lassana Diarra, Abdelaziz Barrada, Brice Dja Djédjé, Florian Thauvin, Lucas Ocampos, Georges-Kevin N'Koudou, Michy Batshuayi, Jeremie Porsan-Clemente, Antoine Rabillard, Billel Omrani, Steven Fletcher, Romain Alessandrini, Samad Mouhammadou"
FC Nantes,Ligue 1,2015-2016,14,"Maxime Dupé, Quentin Braat, Alexandre Olliero, Rémy Riou, Youssouf Sabaly, Koffi Djidji, Enock Kwateng, Olivier Veigneau, Ermir Lenjani, Oswaldo Vizcarrondo, Wilfried Moimbé, Léo Dubois, Anthony Walongwa, Valentin Rongier, Adrien Thomasson, Abdoulaye Touré, Birama Touré, Alejandro Bedoya, Lucas Deaux, Hicham M'Laab, Lorik Cana, Rémi Gomis, Jules Iloki, Adryan, Guillaume Gillet, Thomas Henry, Alexis Alégué, Yacine Bammou, Aristote N'Dongala, Kolbeinn Sigthórsson, Johan Audel, Emiliano Sala"
FC Lorient,Ligue 1,2015-2016,15,"Benjamin Lecomte, Anthony Lamonge, Ibrahima Sy, Florent Chaigneau, Raphaël Guerreiro, Bradley Mazikou, Erwin Koffi, Hamadou Karamoko, Lindsay Rose, Lamine Koné, Yrondu Musavu-King, Vincent Le Goff, Zargo Touré, Wesley Lautoa, Lamine Gassama, Pape Paye, Didier Ndong, Marvin Gakpa, Remi Mulumba, Rafidine Abdullah, Mehdi Mostefa, Issam Ben Khemis, François Bellugou, Yann Jouffre, Alain Traoré, Walid Mesloub, Romain Philippoteaux, Jimmy Cabot, Maxime Barthelmé, Denis Bouanga, Valentin Lavigne, Majeed Waris, Moryké Fofana, Benjamin Moukandjo, Benjamin Jeannot"
EA Guingamp,Ligue 1,2015-2016,16,"Théo Guivarch, Mamadou Samassa, Jonas Lössl, Marcus Coco, Benjamin Angoua, Brian Landini, Lars Jacobsen, Maxime Baca, Dorian Lévêque, Jérémy Sorbon, Laurent Dos Santos, Jonathan Martins Pereira, Reynald Lemaître, Christophe Kerbrat, Mustapha Diallo, Julien Cardy, Younousse Sankharé, Lionel Mathis, Thibault Giresse, Franck Héry, Ludovic Blas, Jérémy Livolant, Julien Begue, Sullivan Martinet, Mana Dembélé, Nicolas Benezet, Sloan Privat, Nill De Pauw, Yannis Salibur, Jimmy Briand, Mevlüt Erdinç"
FC Toulouse,Ligue 1,2015-2016,17,"Alban Lafont, Mauro Goicoechea, Ali Ahamada, Numan Soysal, Marc Vidal, Issa Diop, Marcel Tisserand, Uros Spajic, Steeve Yago, Maxime Spano, William Matheus, Jean-Armel Kana-Biyik, Pavle Ninkov, François Moubandje, Alexis Blin, Zinédine Machach, Jean-Daniel Akpa Akpro, Yann Bodiger, Quentin Boisgard, Óscar Trejo, Adrien Regattin, Tongo Doumbia, Étienne Didot, Pantxi Sirieix, Somália, Martin Braithwaite, Wissam Ben Yedder, Aleksandar Pesic, Djibril Dianessy, Youssef Ben Ali, Sana Zaniou, Mihai Roman"
Stade Reims,Ligue 1,2015-2016,18,"Nicolas Lemaître, Johny Placide, Cyriack Garel, Johann Carrasso, Kossi Agassa, Judicaël Boizart, Hassane Kamara, Hamari Traoré, Aïssa Mandi, Antoine Conte, Atila Turan, Grégory Bourillon, Mohamed Fofana, Franck Signorino, Abdelhamid El Kaoutari, Mickaël Tacalfred, Anthony Weber, Nuke Mfulu, Aly Ndom, Jaba Kankava, Antoine Devaux, Prince Oniangué, Diego Rigonato, Alexi Peuget, Hugo Rodriguez, Jordan, Grejohn Kyei, Thievy Bifouma, Nicolas de Préville, Edwin Maanane, Odaïr Fortes, Gaëtan Charbonnier, Lass Bangoura, Frédéric Bulot, David N'Gog"
GFC Ajaccio,Ligue 1,2015-2016,19,"Paul-André Guerin, Clément Maury, Jules Goda, Charly Beber Serreri, Issiaga Sylla, Alexandre Coeff, Rodéric Filippi, Jérémie Bréchet, David Ducourtioux, Alassane Touré, Kader Mangane, Pablo Martínez, Charles Vittini, Yohann Campanini, Amos Youga, Damjan Djokovic, Jérôme Le Moigne, Mohamed Larbi, Louis Poggi, Côme Casanova, Ghjuvan Andria Piereschi, Douti Gbampok, Thomas Biancardini, Khalid Boutaïb, Issiar Dia, Kévin Mayi, Jacques Zoua, John Tshibumbu, Amine Chermiti, Grégory Pujol"
ESTAC Troyes,Ligue 1,2015-2016,20,"Paul Bernardoni, Denis Petric, Matthieu Dreyer, Franck Grandel, Victor Paillon, Carlens Arcus, Chris Mavinga, Charles Traoré, Jonathan Martins Pereira, Johan Martial, Matthieu Saunier, Rincón, Guillaume Lacour, Mahamadou N'Diaye, Mory Koné, Anele Ngcongca, Dusan Veskovac, Mouhamadou Dabo, Aloïs Confais, Lossémy Karaboué, Thomas Ayasse, Jimmy Cabot, Stéphane Darbion, Benjamin Nivet, Thiago Xavier, Karim Azamoum, Fabien Camus, Jessy Pi, Quentin Othon, Deniz Hümmet, Samuel Grandsir, Brayan Perea, Corentin Jean, Yoann Court, Babacar Gueye, Henri Bienvenu, Chaouki Ben Saada"
Paris Saint-Germain,Ligue 1,2016-2017,2,"Alphonse Areola, Kevin Trapp, Rémy Descamps, Salvatore Sirigu, Marquinhos, Presnel Kimpembe, Youssouf Sabaly, Thomas Meunier, Serge Aurier, Fodé Ballo-Touré, Alec Georgen, Layvin Kurzawa, Thiago Silva, David Luiz, Maxwell, Adrien Rabiot, Giovani Lo Celso, Marco Verratti, Benjamin Stambouli, Lorenzo Callegari, Gustavo Hebling, Grzegorz Krychowiak, Thiago Motta, Javier Pastore, Blaise Matuidi, Hatem Ben Arfa, Christopher Nkunku, Odsonne Édouard, Gonçalo Guedes, Jonathan Ikoné, Julian Draxler, Lucas Moura, Ángel Di María, Gaëtan Robail, Edinson Cavani, Jesé, Jean-Kévin Augustin, Romain Habran, Jean-Christophe Bahebeck"
OGC Nice,Ligue 1,2016-2017,3,"Walter Benítez, Mouez Hassen, Simon Pouplin, Yoan Cardinale, Olivier Boscagli, Malang Sarr, Romain Perraud, Ricardo Pereira, Gautier Lloris, Dalbert, Dante, Arnaud Souquet, Patrick Burner, Joakim Balmy, Paul Baysse, Maxime Le Marchand, Younès Belhanda, Arnaud Lusamba, Rémi Walter, Valentin Eysseric, Wylan Cyprien, Vincent Marcel, Jean Michaël Seri, Mathieu Bodmer, Julien Vercauteren, Albert Rafetraniaina, Mounir Obbadi, Vincent Koziello, Franck Honorat, Saïd Benrahma, Alassane Pléa, Hicham Mahou, Anastasios Donis, Bassem Srarfi, Mario Balotelli, Alexy Bosetti, Dorian Caddy, Mickaël Le Bihan, Bryan Constant"
Olympique Lyon,Ligue 1,2016-2017,4,"Anthony Lopes, Mathieu Gorgelin, Lucas Mocio, Mouctar Diakhaby, Emanuel Mammana, Jordy Gaspar, Nicolas N'Koulou, Louis Nganioni, Mapou Yanga-Mbiwa, Christophe Jallet, Jérémy Morel, Rafael, Maciej Rybus, Corentin Tolisso, Houssem Aouar, Nabil Fekir, Timothé Cognat, Sergi Darder, Olivier Kemen, Lucas Tousart, Jordan Ferri, Clément Grenier, Mathieu Valbuena, Maxime Gonalons, Jean-Philippe Mateta, Memphis Depay, Romain Del Castillo, Gaëtan Perrin, Alexandre Lacazette, Maxwel Cornet, Aldo Kalulu, Myziane Maolida, Rachid Ghezzal, Alan Dzabana"
Olympique Marseille,Ligue 1,2016-2017,5,"Brice Samba, Florian Escales, Yohann Pelé, Matheus Dória, Karim Rekik, Hiroki Sakai, Bouna Sarr, Bill Tuiloma, Julien Dacosta, Rolando, Henri Bedimo, Gaël Andonian, Tomas Hubocan, Patrice Evra, Rod Fanni, Boubacar Kamara, Frank Anguissa, Maxime Lopez, Morgan Sanson, Rémy Cabella, Saîf-Eddine Khaoui, Zinédine Machach, Dimitri Payet, Abou Diaby, Lassana Diarra, Grégory Sertic, William Vainqueur, Florian Thauvin, Clinton N'Jie, Aaron Leya Iseka, Antoine Rabillard, Romain Alessandrini, Bafétimbi Gomis"
FC Girondins Bordeaux,Ligue 1,2016-2017,6,"Paul Bernardoni, Jérôme Prior, Cédric Carrasso, Milan Gajic, Youssouf Sabaly, Frédéric Guilbert, Vukasin Jovanovic, Pablo, Théo Pellenard, Nicolas Pallois, Cédric Yambéré, Diego Contento, Igor Lewczuk, Maxime Poundjé, Mauro Arambarri, Zaydou Youssouf, Valentín Vada, Grégory Sertic, Younès Kaabouni, Younousse Sankharé, Jérémy Toulalan, Abdou Traoré, Jaroslav Plasil, Nicolas Maurice-Belay, Malcom, Gaëtan Laborde, François Kamano, Adam Ounas, Daniel Mancini, Isaac Kiese Thelin, Enzo Crivelli, Kévin Soni, Jorris Romil, Jérémy Ménez, Diego Rolán, Thomas Touré"
FC Nantes,Ligue 1,2016-2017,7,"Maxime Dupé, Quentin Braat, Alexandre Olliero, Rémy Riou, Diego Carlos, Koffi Djidji, Lucas Lima, Enock Kwateng, Oswaldo Vizcarrondo, Wilfried Moimbé, Léo Dubois, Anthony Walongwa, Valentin Rongier, Amine Harit, Adrien Thomasson, Abdoulaye Touré, Sérgio Oliveira, Nicolaj Thomsen, Jules Iloki, Guillaume Gillet, Randal Kolo Muani, Alexis Alégué, Mariusz Stepinski, Yacine Bammou, Felipe Pardo, Fernando Aristeguieta, Kolbeinn Sigthórsson, Emiliano Sala, Alexander Kacaniklic, Préjuce Nakoulma"
AS Saint-Étienne,Ligue 1,2016-2017,8,"Alexis Guendouz, Anthony Maisonnial, Stéphane Ruffier, Jessy Moulin, Ronaël Pierre-Gabriel, Mickaël Nadé, Kévin Théophile-Catherine, Léo Lacroix, Ben Karamoko, Jérrold Nyemeck, Pierre-Yves Polomat, Cheikh M'Bengue, Florentin Pogba, Loïc Perrin, Kévin Malcuit, Clément Cabaton, Jordan Veretout, Habib Maïga, Oussama Tannane, Ole Selnæs, Kenny Rocha Santos, Bryan Dabo, Henri Saivet, Vincent Pajot, Rayan Souici, Jérémy Clément, Benjamin Corgnet, Cicin, Fabien Lemoine, Neal Maupay, Arnaud Nordin, Jonathan Bamba, Robert Beric, Hamidou Keyta, Jorginho, Lamine Ghezali, Dylan Saint-Louis, Nolan Roux, Romain Hamouma, Kévin Monnet-Paquet, Alexander Søderlund, Benjamin Aulagnier"
Stade Rennais FC,Ligue 1,2016-2017,9,"Paul Nardi, Edvinas Gertmonas, Raïs M'Bolhi, Abdoulaye Diallo, Romain Cagnon, Benoît Costil, Ramy Bensebaini, Steven Moreira, Mehdi Zeffane, Séga Coulibaly, Anthony Ribelin, Dimitri Cavaré, Namakoro Diallo, Mexer, Pedro Mendes, Ermir Lenjani, Sylvain Armand, Ludovic Baal, Afonso Figueiredo, Romain Danzé, Joris Gnagnon, Benjamin André, Sébastien Salles-Lamonge, Nicolas Janvier, Sanjin Prcic, James Léa Siliki, Denis-Will Poha, Yacouba Sylla, Gelson Fernandes, Clément Chantôme, Morgan Amalfitano, Yoann Gourcuff, Wesley Saïd, Aldo Kalulu, Pedro Henrique, Adama Diakhaby, Adrien Hunou, Kamil Grosicki, Habib Habibou, Kermit Erasmus, Paul-Georges Ntep, Firmin Mubele, Giovanni Sio"
EA Guingamp,Ligue 1,2016-2017,10,"Théo Guivarch, Karl-Johan Johnsson, Johny Placide, Romain Salin, Marcus Coco, Jordan Ikoko, Marçal, Benjamin Angoua, Ivan Inzoudine, Dorian Lévêque, Jérémy Sorbon, Jonathan Martins Pereira, Reynald Lemaître, Christophe Kerbrat, Mattéo Ahlinvi, Karim Achahbar, Franck Héry, Alexis Mané, Jonathan Correia, Mustapha Diallo, Baissama Sankoh, Lucas Deaux, Étienne Didot, Thibault Giresse, Mathieu Bodmer, Ludovic Blas, Jérémy Livolant, Alexandre Mendy, Fousseni Diabaté, Nicolas Benezet, Sloan Privat, Nill De Pauw, Sullivan Martinet, Yannis Salibur, Jimmy Briand"
LOSC Lille,Ligue 1,2016-2017,11,"Mike Maignan, Jean Butez, Vincent Enyeama, Gabriel Magalhães, Benjamin Pavard, Júnior Alonso, Carlens Arcus, Hamza Mendyl, Youssouf Koné, Adama Soumaoro, Stoppila Sunzu, Renato Civelli, Sébastien Corchia, Julian Palmieri, Franck Béria, Marko Basa, Olivier Lesueur, Yves Bissouma, Soualiho Meïté, Xeka, Yassine Benzia, Ibrahim Amadou, Mounir Obbadi, Morgan Amalfitano, Younousse Sankharé, Marvin Martin, Emmanuel Debordeaux, Valentin Vanbaleghem, Valère Pollet, Rio Mavuba, Farès Bahlouli, Martin Terrier, Naïm Sliti, Rony Lopes, Anwar El Ghazi, Lebo Mothiba, Ryan Mendes, Baptiste Guillaume, Lenny Nangis, Nicolas de Préville, Junior Tallo, Ricardo Kishna, Alexis Araújo, Ryad Habbas, Eric Bauthéac, Éder"
Angers SCO,Ligue 1,2016-2017,12,"Anthony Mandréa, Mathieu Michel, Denis Petric, Alexandre Letellier, Gabriel Mutombo, Abdoulaye Bamba, Ismaël Traoré, Mehdi Tahrat, Romain Thomas, Kalifa Traoré, Yoann Andreu, Mateo Pavlovic, Grégory Bourillon, Pablo Martínez, Issa Cissokho, Vincent Manceau, Ronan Touzet, Baptiste Santamaria, Aïssa Laïdouni, Flavien Tait, Pierrick Capelle, Thomas Mangani, Cheikh N'Doye, Mathias Serin, Jamel Saihi, Yoane Wissa, Nicolas Pépé, Jonathan Bamba, Karl Toko Ekambi, Famara Diédhiou, Goran Karanovic, Kévin Bérigaud, Gilles Sunu, Dickson Nwakaeme, Billy Ketkeophomphone, Férébory Doré"
FC Toulouse,Ligue 1,2016-2017,13,"Alban Lafont, Mauro Goicoechea, Marc Vidal, Issa Diop, Kelvin Amian, Clément Michelin, Issiaga Sylla, Uros Spajic, Christopher Jullien, Steeve Yago, Yrondu Musavu-King, Dusan Veskovac, Pavle Ninkov, François Moubandje, Ibrahim Sangaré, Alexis Blin, Zinédine Machach, Jean-Daniel Akpa Akpro, Yann Bodiger, Quentin Boisgard, Óscar Trejo, Jordan Sebban, Dominik Furman, Tongo Doumbia, Pantxi Sirieix, Somália, Jimmy Durmaz, Jessy Pi, Dodi Lukébakio, Odsonne Édouard, Mathieu Cafaro, Martin Braithwaite, Aleksandar Pesic, Corentin Jean, Ola Toivonen, Andy Delort, Maxime Pélican, Quentin Depehi"
FC Metz,Ligue 1,2016-2017,14,"Thomas Didillon-Hödl, Eiji Kawashima, David Oberhauser, Matthieu Udol, Iván Balliu, Oumar Gonzalez, Thibaut Vion, Vahid Selimovic, Simon Falette, Médéric Deher, Lucas Toussaint, Nicolas Basin, Lemouya Goudiaby, Fallou Diagne, Jonathan Riviérez, Milan Bisevac, Guido Milán, Franck Signorino, Benoît Assou-Ekotto, Youssef Maziz, Florent Mollet, Hamza Sakhi, Cheick Doukouré, Alexis Larriere, Théodore Efouba Ayissi, Yann Jouffre, Georges Mandjeck, Kévin Lejeune, Chris Philipps, Renaud Cohade, Ismaïla Sarr, Habib Diallo, Gauthier Hein, Vincent Thill, Opa Nguette, Mevlüt Erdinç, Cheick Diabaté, Moussa Seydi, Boris Mathis"
Montpellier HSC,Ligue 1,2016-2017,15,"Dimitry Bertaud, Laurent Pionnier, Geoffrey Jourdren, Jonathan Ligali, Nordi Mukiele, Morgan Poaty, Jérôme Roussillon, Nicolas Saint-Ruf, Anthony Vanden Borre, Bryan Passi, Mamadou N'Diaye, Daniel Congré, Hilton, Lukas Pokorny, William Rémy, Mathieu Deplagne, Cédric Mongongu, Ellyes Skhiri, Morgan Sanson, Ryad Boudebouz, Alexandre Llovet, Jamel Saihi, Yacouba Sylla, Joris Marveaux, Paul Lasne, Pierrick Fito, Killian Sanson, Stéphane Sessègnon, Jonathan Ikoné, Steve Mounié, Isaac Mbenza, Keagan Dolly, Casimir Ninga, Kévin Bérigaud, Souleymane Camara"
Dijon FCO,Ligue 1,2016-2017,16,"Enzo Basilio, Benjamin Leroy, Bobby Allain, Baptiste Reynet, Valentin Rosier, Yunis Abdelhamid, Ádám Lang, Oussama Haddadi, Quentin Bernard, Vincent Rüfli, Jordan Lotiès, Arnold Bouka Moutou, Fouad Chafik, Cédric Varrault, Pierre Lees-Melou, Jessy Benet, Mehdi Abeid, Anthony Belmonte, Johan Gastien, Jordan Marié, Marvin Martin, Erwan Maury, Guillaume Sarrabayrouse, Florent Balmont, Romain Amalfitano, Dylan Bahamboula, Mamadou Thiam, Loïs Diony, Chang-hoon Kwon, Jérémie Bela, Julio Tavarès, Yohann Rivière, Frédéric Sammaritano"
SM Caen,Ligue 1,2016-2017,17,"Rémy Vercoutre, Louis Deschateaux, Paul Reulet, Matthieu Dreyer, Christopher Operi, Frédéric Guilbert, Florian Le Joncour, Damien Da Silva, Adama Mbengue, Alaeddine Yahia, Vincent Bessat, Syam Ben Youssef, Emmanuel Imorou, Chaker Alhadhur, Mouhamadou Dabo, Romain Genevois, Jean-Victor Makengo, Jordan Leborgne, Durel Avounou, Ismaël Diomandé, Nicolas Seube, Jonathan Delaplace, Steed Malbranque, Jeff Louis, Jordan Adéoti, Julien Féret, Valentin Voisin, Yann Karamoh, Jordan Tell, Jordan N'Kololo, Christian Kouakou, Exaucé Ngassaki, Ronny Rodelin, Hervé Bazile, Pape Sané, Ivan Santini"
FC Lorient,Ligue 1,2016-2017,18,"Benjamin Lecomte, Paul Delecroix, Anthony Lamonge, Steven Moreira, Bradley Mazikou, Erwin Koffi, Ibrahima Conté, Lindsay Rose, Mathieu Peybernes, Yoann Wachter, Zargo Touré, Michaël Ciani, Wesley Lautoa, Vincent Le Goff, Pape Paye, Alexandre Lavenant, Mattéo Guendouzi, Alexis Claude-Maurice, Didier Ndong, Cafú, Marvin Gakpa, Alhassan Wakaso, Pierre Lavenant, François Bellugou, Arnold Mvuemba, Sylvain Marveaux, Walid Mesloub, Romain Philippoteaux, Issam Ben Khemis, Jimmy Cabot, Maxime Barthelmé, Denis Bouanga, Faïz Selemani, Pierre-Yves Hamel, Mohamed Mara, Valentin Lavigne, Majeed Waris, Moryké Fofana, Benjamin Moukandjo, Jérémie Aliadière, Benjamin Jeannot"
AS Nancy-Lorraine,Ligue 1,2016-2017,19,"Sergey Chernik, Guy Roland Ndy Assembé, Alexandre Menay, Clément Lenglet, Faitout Maouassa, Ryan Bidounga, Erick Cabaco, Modou Diagne, Tobias Badila, Joffrey Cuffaut, Michaël Chrétien, Vincent Muratori, Julien Cétout, Amine Bassi, Vincent Marchetti, Youssef Aït Bennasser, Alou Diarra, Serge N'Guessan, Diallo Guidileye, Loïc Puyo, Benoît Pedretti, Yann Mabella, Antony Robic, Maurice Dalé, Issiar Dia, Karim Coulibaly, Christophe Mandanne, Youssouf Hadji, Anthony Koura, Alexis Busin"
SC Bastia,Ligue 1,2016-2017,20,"Thomas Vincensini, Paul Charruau, Jean-Louis Leca, Alexis Thébaux, Alexander Djiku, Ismaël Diallo, Nicolas Saint-Ruf, Mathieu Peybernes, Lindsay Rose, Pierre Neurath Bengtsson, Abdelhamid El Kaoutari, Fodé Camara, Sébastien Squillaci, Florian Marange, Gilles Cioni, Lucas Triki, Hugo Magnetti, Lassana Coulibaly, Farid Boulaya, Lyes Houri, Geoffrey Acheampong, Julien Benhaim, Prince Oniangué, Sadio Diallo, Abdoulaye Keita, Mehdi Mostefa, Yannick Cahuzac, Axel Ngando, Allan Saint-Maximin, Enzo Crivelli, Thievy Bifouma, Lenny Nangis, Jerson Cabral, Julien Romain, Sami Ben Amar, Gaël Danic, Florian Raspentino"
Paris Saint-Germain,Ligue 1,2017-2018,1,"Alphonse Areola, Rémy Descamps, Kevin Trapp, Sébastien Cibois, Marquinhos, Presnel Kimpembe, Stanley Nsoki, Thomas Meunier, Yuri Berchiche, Alec Georgen, Layvin Kurzawa, Thiago Silva, Kévin Rimane, Dani Alves, Adrien Rabiot, Giovani Lo Celso, Marco Verratti, Neymar, Yacine Adli, Antoine Bernede, Lorenzo Callegari, Blaise Matuidi, Thiago Motta, Lassana Diarra, Hatem Ben Arfa, Javier Pastore, Kylian Mbappé, Christopher Nkunku, Timothy Weah, Gonçalo Guedes, Julian Draxler, Lucas Moura, Ángel Di María, Edinson Cavani, Jesé"
Olympique Lyon,Ligue 1,2017-2018,3,"Anthony Racioppi, Anthony Lopes, Mathieu Gorgelin, Lucas Mocio, Dorian Grange, Oumar Solet, Kenny Tete, Ferland Mendy, Mouctar Diakhaby, Zachary Brault-Guillard, Marçal, Marcelo, Dylan Mboumbouni, Mapou Yanga-Mbiwa, Rafael, Jérémy Morel, Louis Nganioni, Houssem Aouar, Nabil Fekir, Christopher Martins, Sergi Darder, Elisha Owusu, Tanguy Ndombélé, Lucas Tousart, Jordan Ferri, Clément Grenier, Pape Cheikh, Amine Gouiri, Memphis Depay, Willem Geubbels, Bertrand Traoré, Maxwel Cornet, Mariano Díaz, Myziane Maolida"
Olympique Marseille,Ligue 1,2017-2018,4,"Florian Escales, Romain Cagnon, Yohann Pelé, Steve Mandanda, Matheus Dória, Jordan Amavi, Hiroki Sakai, Bouna Sarr, Christopher Rocchia, Patrice Evra, Tomas Hubocan, Rolando, Henri Bedimo, Aymen Abdennour, Adil Rami, Boubacar Kamara, Frank Anguissa, Maxime Lopez, Morgan Sanson, Rémy Cabella, Dimitri Payet, Luiz Gustavo, Grégory Sertic, Lucas Ocampos, Florian Thauvin, Yusuf Sarı, Valère Germain, Clinton N'Jie, Konstantinos Mitroglou"
Stade Rennais FC,Ligue 1,2017-2018,5,"Edvinas Gertmonas, Tomas Koubek, Raïs M'Bolhi, Abdoulaye Diallo, Ramy Bensebaini, Gerzino Nyamsi, Maxime Bernauer, Hamari Traoré, Faitout Maouassa, Mehdi Zeffane, Anthony Ribelin, Namakoro Diallo, Mexer, Afonso Figueiredo, Joris Gnagnon, Ludovic Baal, Romain Danzé, Benjamin Bourigeaud, Benjamin André, Sébastien Salles-Lamonge, Jérémy Gélin, Nicolas Janvier, Sanjin Prcic, James Léa Siliki, Yoann Gourcuff, Morgan Amalfitano, Sabri Toufiqui, Ismaïla Sarr, Armand Laurienté, Brandon Thomas, Adrien Hunou, Jordan Tell, Firmin Mubele, Wahbi Khazri, Diafra Sakho"
FC Girondins Bordeaux,Ligue 1,2017-2018,6,"Gaëtan Poussin, Jérôme Prior, Benoît Costil, Over Mandanda, Jules Koundé, Milan Gajic, Olivier Verdon, Youssouf Sabaly, Vukasin Jovanovic, Théo Pellenard, Pablo, Thomas Carrique, Diego Contento, Igor Lewczuk, Paul Baysse, Maxime Poundjé, Aurélien Tchouaméni, Mauro Arambarri, Zaydou Youssouf, Otávio, Soualiho Meïté, Valentín Vada, Matheus Pereira, Lukas Lerager, Jérémy Toulalan, Younousse Sankharé, Jaroslav Plasil, Malcom, Gaëtan Laborde, François Kamano, Martin Braithwaite, Alexandre Mendy, Nicolas de Préville, Jonathan Cafu, Thomas Touré, Ervin Taha, Aaron Boupendza"
AS Saint-Étienne,Ligue 1,2017-2018,7,"Alexis Guendouz, Anthony Maisonnial, Stéphane Ruffier, Jessy Moulin, Wesley Fofana, Ronaël Pierre-Gabriel, Alexandros Katranis, Saidy Janko, Kévin Théophile-Catherine, Léo Lacroix, Florentin Pogba, Ben Karamoko, Gabriel Silva, Cheikh M'Bengue, Pierre-Yves Polomat, Loïc Perrin, Mathieu Debuchy, Neven Subotic, Mahdi Camara, Dylan Chambost, Habib Maïga, Rémy Cabella, Hernani, Oussama Tannane, Ole Selnæs, Assane Dioussé, Kenny Rocha Santos, Bryan Dabo, Yann M'Vila, Vincent Pajot, Rayan Souici, Jonathan Bamba, Loïs Diony, Robert Beric, Samy Baghdadi, Vágner Dias, Alexander Søderlund, Paul-Georges Ntep, Romain Hamouma, Kévin Monnet-Paquet"
OGC Nice,Ligue 1,2017-2018,8,"Walter Benítez, Yannis Clémentia, Simon Pouplin, Yoan Cardinale, Olivier Boscagli, Malang Sarr, Romain Perraud, Gautier Lloris, Marlon, Andy Pelmard, Dalbert, Dante, Arnaud Souquet, Patrick Burner, Racine Coly, Maxime Le Marchand, Christophe Jallet, Pierre Lees-Melou, Jean-Victor Makengo, Lamine Diaby-Fadiga, Adrien Tamèze, Nampalys Mendy, Arnaud Lusamba, Rémi Walter, Valentin Eysseric, Wylan Cyprien, Vincent Marcel, Jean Michaël Seri, Wesley Sneijder, Vincent Koziello, Albert Rafetraniaina, Allan Saint-Maximin, Alassane Pléa, Ignatius Ganago, Hicham Mahou, Bassem Srarfi, Mario Balotelli, Ihsan Sacko, Mickaël Le Bihan"
FC Nantes,Ligue 1,2017-2018,9,"Maxime Dupé, Quentin Braat, Alexandre Olliero, Ciprian Tătărușanu, Diego Carlos, Chidozie Awaziem, Andrei Girotto, Joris Kayembe, Koffi Djidji, Lucas Lima, Nicolas Pallois, Enock Kwateng, Thomas Basila, Anthony Walongwa, David Alcibiade, Léo Dubois, Valentin Rongier, Adrien Thomasson, Abdoulaye Touré, Samuel Moutoussamy, Abdoulaye Dabo, Guillaume Gillet, Jules Iloki, Rene Krhin, Najib Gandi, Randal Kolo Muani, Alexis Alégué, Mariusz Stepinski, Yacine Bammou, Kalifa Coulibaly, Emiliano Sala, Alexander Kacaniklic, Yassine El Ghanassy, Préjuce Nakoulma, Santy Ngom, Kolbeinn Sigthórsson"
Montpellier HSC,Ligue 1,2017-2018,10,"Benjamin Lecomte, Dimitry Bertaud, Laurent Pionnier, Nordi Mukiele, Ruben Aguilar, Nicolas Cozza, Junior Sambia, Morgan Poaty, Jérôme Roussillon, Pedro Mendes, Ambroise Oyongo, Lukas Pokorny, Daniel Congré, Bryan Passi, Hilton, Ellyes Skhiri, Facundo Píriz, Stéphane Sessègnon, Romain Caumet, Paul Lasne, Killian Sanson, Jonathan Ikoné, Isaac Mbenza, Keagan Dolly, Jeremie Porsan-Clemente, Casimir Ninga, Kévin Bérigaud, Yanis Ammour, Giovanni Sio, Souleymane Camara"
Dijon FCO,Ligue 1,2017-2018,11,"Benjamin Leroy, Bobby Allain, Baptiste Reynet, Valentin Rosier, Ádám Lang, Théo Barbet, Oussama Haddadi, Papy Djilobodji, Vincent Rüfli, Arnold Bouka Moutou, Wesley Lautoa, Cédric Yambéré, Fouad Chafik, Cédric Varrault, Enzo Loiodice, Xeka, Jessy Benet, Mehdi Abeid, Jordan Marié, Dylan Bahamboula, Erwan Maury, Florent Balmont, Romain Amalfitano, Eden Massouema, Corentin Faussot, Samuel Robert, Adrián Sahibeddine, Wesley Saïd, Naïm Sliti, Mamadou Thiam, Clément Billemaz, Chang-hoon Kwon, Julio Tavarès, Frédéric Sammaritano, Benjamin Jeannot"
EA Guingamp,Ligue 1,2017-2018,12,"Karl-Johan Johnsson, Marc-Aurèle Caillard, Denis Petric, Killian Le Roy, Marcus Coco, Pedro Rebocho, Félix Eboa Eboa, Jordan Ikoko, Benjamin Angoua, Jérémy Sorbon, Jonathan Martins Pereira, Franck Tabanou, Christophe Kerbrat, Mattéo Ahlinvi, Clément Grenier, Lebogang Phiri, Karim Achahbar, Mustapha Diallo, Lucas Deaux, Étienne Didot, Thibault Giresse, Marcus Thuram, Ludovic Blas, Sloan Privat, Abdoul Camara, Nicolas Benezet, Yeni Ngbakoto, Nathaël Julan, Yannis Salibur, Jimmy Briand"
Amiens SC,Ligue 1,2017-2018,13,"Régis Gurtner, Gauthier Banaziak, Jean-Christophe Bouet, Raphaël Adiceam, Bakaye Dibassy, Danilo Avelar, Prince Gouano, Khaled Adénon, Oualid El Hajjam, Julien Ielsch, Issa Cissokho, Tanguy Ndombélé, Nathan, Gaël Kakuta, Madih Talal, Thomas Monconduit, Bongani Zungu, Guessouma Fofana, Emmanuel Bourgaud, Sekou Baradji, Charly Charrier, Mathieu Bodmer, Guy N'Gosso, Jean-Luc Dompé, Stiven Mendoza, Brighton Labeau, Quentin Cornette, Harrison Manzala, Moussa Konaté, Georges Gope-Fenepej, Lacina Traoré, Bachibou Koita, Serge Gakpé, Matheus Cassini"
Angers SCO,Ligue 1,2017-2018,14,"Anthony Mandréa, Mathieu Michel, Alexandre Letellier, Ludovic Butelle, Rayan Aït-Nouri, Maxime Sivis, Abdoulaye Bamba, Ismaël Traoré, Mehdi Tahrat, Romain Thomas, Saliou Ciss, Yoann Andreu, Mateo Pavlovic, Vincent Manceau, Angelo Fulgini, Baptiste Santamaria, Lassana Coulibaly, Jeff Reine-Adélaïde, Flavien Tait, Pierrick Capelle, Thomas Mangani, Prince Oniangué, Loïc Puyo, Wilfried Kanga, Youcef Belaïli, Karl Toko Ekambi, Enzo Crivelli, Baptiste Guillaume, Férébory Doré, Gilles Sunu, Billy Ketkeophomphone, Thomas Touré, Goran Karanovic"
RC Strasbourg Alsace,Ligue 1,2017-2018,15,"Bingourou Kamara, Alexandre Oukidja, Landry Bonnefoi, Bastien Rempp, Anthony Caci, Kenny Lala, Dimitri Foulquier, Tchamba, Yoann Salmier, Ismaïl Aaneba, Abdallah Ndour, Pablo Martínez, Kader Mangane, Ernest Seka, Bakary Koné, Jean-Eudes Aholou, Moataz Zemzemi, Jonas Martin, Quentin Othon, Vincent Nogueira, Jérémy Grimm, Benjamin Corgnet, Dimitri Liénard, Anthony Gonçalves, Martin Terrier, Nuno Da Costa, Kévin Zohi, Stéphane Bahoken, Ihsan Sacko, Idriss Saadi, Jérémy Blayac"
SM Caen,Ligue 1,2017-2018,16,"Brice Samba, Rémy Vercoutre, Matthieu Dreyer, Alexander Djiku, Frédéric Guilbert, Florian Le Joncour, Damien Da Silva, Yoël Armougom, Emmanuel Imorou, Vincent Bessat, Adama Mbengue, Mouhamadou Dabo, Romain Genevois, Jessy Deminguet, Youssef Aït Bennasser, Jan Repas, Stef Peeters, Jordan Leborgne, Durel Avounou, Ismaël Diomandé, Jonathan Delaplace, Jeff Louis, Valentin Voisin, Baissama Sankoh, Julien Féret, Enzo Crivelli, Timo Stavitski, Ronny Rodelin, Christian Kouakou, Jordan N'Kololo, Hervé Bazile, Ivan Santini, Makan Macalou"
LOSC Lille,Ligue 1,2017-2018,17,"Mike Maignan, Hervé Koffi, Adam Jakubech, Júnior Alonso, Fodé Ballo-Touré, Hamza Mendyl, Adama Soumaoro, Kouadio-Yves Dabila, Edgar Ié, Scotty Sadzoute, Kévin Malcuit, Ruben Droehnlé, Yves Bissouma, Boubakary Soumaré, Thiago Maia, Thiago Mendes, Rominigue Kouamé, Xeka, Yassine Benzia, Ibrahim Amadou, Alexis Flips, Chahreddine Boukholda, Benjamin Vérité, Valère Pollet, Farès Bahlouli, Luiz Araújo, Nicolas Pépé, Ezequiel Ponce, Anwar El Ghazi, Imad Faraj, Lebo Mothiba, Nicolas de Préville"
FC Toulouse,Ligue 1,2017-2018,18,"Alban Lafont, Mauro Goicoechea, Marc Vidal, Issa Diop, Kelvin Amian, Clément Michelin, Issiaga Sylla, Christopher Jullien, Steeve Yago, Steven Fortes, François Moubandje, Ibrahim Sangaré, Alexis Blin, Zinédine Machach, Yann Bodiger, Quentin Boisgard, Jordan Sebban, Driss Khalid, Yannick Cahuzac, Somália, Jimmy Durmaz, Giannelli Imbula, Max Gradel, Corentin Jean, Yaya Sanogo, Andy Delort, Ola Toivonen, Firmin Mubele"
ESTAC Troyes,Ligue 1,2017-2018,19,"Yehvann Diouf, Mamadou Samassa, Erwin Zelazny, Gabriel Magalhães, Christophe Hérelle, Jimmy Giraudon, Johann Obiang, Charles Traoré, Khamis Digol, Jérémy Cordoval, Oswaldo Vizcarrondo, Mathieu Deplagne, Saîf-Eddine Khaoui, Rémi Walter, Aloïs Confais, Warren Tchimbembé, François Bellugou, Karim Azamoum, Stéphane Darbion, Benjamin Nivet, Tristan Dingomé, Bryan Pelé, Bryan Mbeumo, Samuel Grandsir, Adama Niane, Hyun-jun Suk, Raphaël Cacérès, Chaouki Ben Saada, Jonathan Tinhan, Mamadou Sissako"
FC Metz,Ligue 1,2017-2018,20,"Thomas Didillon-Hödl, Quentin Beunardeau, Eiji Kawashima, Calvin Haïdara, Moussa Niakhaté, Matthieu Udol, Iván Balliu, Vahid Selimovic, Simon Falette, Dylan Lempereur, Vincent Peugnet, Philipp Wollscheid, Nicolas Basin, Bilal Hadraoui, Fallou Diagne, Milan Bisevac, Lemouya Goudiaby, Julian Palmieri, Jonathan Riviérez, Benoît Assou-Ekotto, Ablie Jallow, Farid Boulaya, Youssef Maziz, Florent Mollet, Gerónimo Poblete, Cafú, Lilian Fournier, Alexis Larriere, Chris Philipps, Georges Mandjeck, Yann Jouffre, Danijel Milicevic, Renaud Cohade, Théodore Efouba Ayissi, Habib Diallo, Gauthier Hein, Vincent Thill, Opa Nguette, Brian Fernández, Richard Sila, Ibrahima Niane, Nolan Roux, Mathieu Dossevi, Emmanuel Rivière"
Paris Saint-Germain,Ligue 1,2018-2019,1,"Alphonse Areola, Kevin Trapp, Rémy Descamps, Sébastien Cibois, Gianluigi Buffon, Marquinhos, Thilo Kehrer, Presnel Kimpembe, Thomas Meunier, Stanley Nsoki, Loïc Mbe Soh, Juan Bernat, Arthur Zagré, Layvin Kurzawa, Thiago Silva, Colin Dagba, Kévin Rimane, Isaac Hemans Arday, Dani Alves, Adrien Rabiot, Giovani Lo Celso, Neymar, Marco Verratti, Junior Dina Ebimbe, Leandro Paredes, Antoine Bernede, Lassana Diarra, Grzegorz Krychowiak, Azzeddine Toufiqui, Kylian Mbappé, Christopher Nkunku, Moussa Diaby, Timothy Weah, Julian Draxler, Ángel Di María, Eric-Maxim Choupo-Moting, Edinson Cavani, Jesé, Metehan Güclü"
LOSC Lille,Ligue 1,2018-2019,2,"Mike Maignan, Hervé Koffi, Adam Jakubech, Gabriel Magalhães, Zeki Çelik, Reinildo Mandava, Fodé Ballo-Touré, Youssouf Koné, Adama Soumaoro, Kouadio-Yves Dabila, Edgar Ié, José Fonte, Hakim Ouro-Sama, Jérémy Pied, Boubakary Soumaré, Thiago Maia, Cheikh Niasse, Rominigue Kouamé, Thiago Mendes, Yassine Benzia, Xeka, Arton Zekaj, Rafael Leão, Luiz Araújo, Nicolas Pépé, Jonathan Ikoné, Jonathan Bamba, Anwar El Ghazi, Teddy Okou, Lebo Mothiba, Rui Fonte, Loïc Rémy"
Olympique Lyon,Ligue 1,2018-2019,3,"Anthony Racioppi, Anthony Lopes, Mathieu Gorgelin, Oumar Solet, Kenny Tete, Ferland Mendy, Jason Denayer, Marçal, Marcelo, Mapou Yanga-Mbiwa, Rafael, Léo Dubois, Jérémy Morel, Maxence Caqueret, Houssem Aouar, Nabil Fekir, Christopher Martins, Timothé Cognat, Elisha Owusu, Tanguy Ndombélé, Olivier Kemen, Lucas Tousart, Jordan Ferri, Ousseynou Ndiaye, Yassin Fekir, Pape Cheikh, Amine Gouiri, Martin Terrier, Memphis Depay, Moussa Dembélé, Bertrand Traoré, Maxwel Cornet, Mariano Díaz, Lenny Pintor"
AS Saint-Étienne,Ligue 1,2018-2019,4,"Alexis Guendouz, Stefan Bajic, Stéphane Ruffier, Jessy Moulin, Théo Vermot, William Saliba, Wesley Fofana, Mickaël Nadé, Léo Pétrot, Marvin Tshibuabua, Léo Lacroix, Timothée Kolodziejczak, Pierre-Yves Polomat, Gabriel Silva, Loïc Perrin, Mathieu Debuchy, Neven Subotic, Mahdi Camara, Dylan Chambost, Habib Maïga, Valentín Vada, Rémy Cabella, Oussama Tannane, Youssef Aït Bennasser, Ole Selnæs, Assane Dioussé, Kenny Rocha Santos, Bilal Benkhedim, Yann M'Vila, Mickaël Panos, Franck Honorat, Arnaud Nordin, Makhtar Gueye, Loïs Diony, Robert Beric, Charles Abi, Jorginho, Lamine Ghezali, Yannis Salibur, Wahbi Khazri, Romain Hamouma, Kévin Monnet-Paquet"
Olympique Marseille,Ligue 1,2018-2019,5,"Florian Escales, Romain Cagnon, Yohann Pelé, Steve Mandanda, Duje Caleta-Car, Lucas Perrin, Jordan Amavi, Hiroki Sakai, Bouna Sarr, Christopher Rocchia, Mohamed Abdallah, Aymen Abdennour, Rolando, Adil Rami, Tomas Hubocan, Boubacar Kamara, Maxime Lopez, Morgan Sanson, Saîf-Eddine Khaoui, Dimitri Payet, Alexandre Phliponeau, Luiz Gustavo, Grégory Sertic, Kevin Strootman, Florian Chabrolle, Lucas Ocampos, Florian Thauvin, Yusuf Sarı, Nemanja Radonjic, Valère Germain, Mario Balotelli, Clinton N'Jie, Konstantinos Mitroglou"
Montpellier HSC,Ligue 1,2018-2019,6,"Benjamin Lecomte, Dimitry Bertaud, Jonathan Ligali, Ruben Aguilar, Nicolas Cozza, Morgan Poaty, Junior Sambia, Mihailo Ristic, Mathías Suárez, Pedro Mendes, Ambroise Oyongo, Daniel Congré, Hilton, Bryan Passi, Ellyes Skhiri, Kylian Kaïboue, Florent Mollet, Facundo Píriz, Amir Aduev, Paul Lasne, Damien Le Tallec, Killian Sanson, Gaëtan Laborde, Bilal Boutobba, Isaac Mbenza, Keagan Dolly, Jeremie Porsan-Clemente, Giovanni Sio, Andy Delort, Yanis Ammour, Souleymane Camara, Petar Skuletic"
OGC Nice,Ligue 1,2018-2019,7,"Walter Benítez, Mouez Hassen, Yannis Clémentia, Yoan Cardinale, Olivier Boscagli, Malang Sarr, Romain Perraud, Gautier Lloris, Youcef Atal, Andy Pelmard, Yanis Hamache, Dante, Christophe Hérelle, Patrick Burner, Racine Coly, Christophe Jallet, Pierre Lees-Melou, Jean-Victor Makengo, Danilo Barbosa, Lamine Diaby-Fadiga, Adrien Tamèze, Arnaud Lusamba, Rémi Walter, Wylan Cyprien, Eddy Sylvestre, Vincent Marcel, Assil Jaziri, Jawad Dramé, Allan Saint-Maximin, Ignatius Ganago, Pedro Brazão, Hicham Mahou, Myziane Maolida, Bassem Srarfi, Mario Balotelli, Ihsan Sacko, Mickaël Le Bihan, Maxime Pélican"
Stade Reims,Ligue 1,2018-2019,8,"Edouard Mendy, Nicolas Lemaître, Johann Carrasso, Ryan Bouallak, Axel Disasi, Ghislain Konan, Hassane Kamara, Abdul Rahman Baba, Thomas Foket, Lenny Vallier, Yohan Roche, Yunis Abdelhamid, Patrick Bahanack, Björn Engels, Thomas Fontaine, Romain Métanire, Moussa Bana, Rémi Oudin, Sambou Sissoko, Nolan Mbemba, Moreto Cassamá, Aly Ndom, Grégory Berthier, Xavier Chavalerin, Alaixys Romao, Marvin Martin, Tristan Dingomé, Virgile Piechocki, Boulaye Dia, Mathieu Cafaro, Arbër Zeneli, Sheyi Ojo, Grejohn Kyei, Moussa Doumbia, Virgile Pinson, Pablo Chavarría, Hyun-jun Suk"
Nîmes Olympique,Ligue 1,2018-2019,9,"Paul Bernardoni, Martin Sourzac, Lucas Dias, Baptiste Valette, Florian Miguel, Faitout Maouassa, Théo Sainte-Luce, Gaëtan Paquiez, Anthony Briançon, Loïck Landre, Sofiane Alakouch, Féthi Harek, Hervé Lybohy, Téji Savanier, Théo Valls, Lucas Buadés, Jordan Ferri, Antonin Bobichon, Mustapha Diallo, Pierrick Valdivia, Abdel Malik Hsissane, Kévin Denkey, Denis Bouanga, Umut Bozok, Renaud Ripart, Sada Thioub, Baptiste Guillaume, Panagiotis Vlachodimos, Rachid Alioui, Clément Depres, Sami Ben Amar"
Stade Rennais FC,Ligue 1,2018-2019,10,"Edvinas Gertmonas, Tomas Koubek, Loïc Badiashile, Abdoulaye Diallo, Sacha Boey, Lilian Brassier, Ramy Bensebaini, Gerzino Nyamsi, Hamari Traoré, Faitout Maouassa, Souleyman Doumbia, Mehdi Zeffane, Damien Da Silva, Namakoro Diallo, Mexer, Ludovic Baal, Romain Danzé, Eduardo Camavinga, Benjamin Bourigeaud, Benjamin André, Jérémy Gélin, Nicolas Janvier, James Léa Siliki, Clément Grenier, Denis-Will Poha, Jakob Johansson, Hatem Ben Arfa, Ismaïla Sarr, Georginio Rutter, Armand Laurienté, Yann Gboho, Romain Del Castillo, Rafik Guitane, Timothé Nkada, Jordan, Brandon Thomas, M'Baye Niang, Isaac Matondo, Adrien Hunou, Jordan Tell, Diafra Sakho"
RC Strasbourg Alsace,Ligue 1,2018-2019,11,"Matz Sels, Bingourou Kamara, Eiji Kawashima, Louis Pelletier, Mohamed Simakan, Anthony Caci, Kenny Lala, Tchamba, Yoann Salmier, Lionel Carole, Stefan Mitrovic, Ismaïl Aaneba, Lamine Koné, Abdallah Ndour, Pablo Martínez, Léon Valentin, Youssouf Fofana, Adrien Thomasson, Ibrahima Sissoko, Moataz Zemzemi, Jonas Martin, Sanjin Prcic, Jérémy Grimm, Benjamin Corgnet, Dimitri Liénard, Anthony Gonçalves, Ludovic Ajorque, Lebo Mothiba, Samuel Grandsir, Mamoudou Karamoko, Nuno Da Costa, Kévin Zohi, Idriss Saadi"
FC Nantes,Ligue 1,2018-2019,12,"Maxime Dupé, Quentin Braat, Alexandre Olliero, Ciprian Tătărușanu, Diego Carlos, Joris Kayembe, Andrei Girotto, Matt Miazga, Josué Homawoo, Koffi Djidji, Edgar Ié, Nicolas Pallois, Lucas Lima, Enock Kwateng, Charles Traoré, Thomas Basila, Kara Mbodj, Percy Prado, Fábio, Anthony Walongwa, Imrân Louza, Valentin Rongier, Lucas Evangelista, Abdoulaye Touré, Samuel Moutoussamy, Gabriel Boschilia, Valentin Eysseric, Abdoulaye Dabo, Rene Krhin, Randal Kolo Muani, Élie Youan, Abdoul Kader Bamba, Alexis Alégué, Antonio Mance, Anthony Limbombe, Majeed Waris, Kalifa Coulibaly, Yassine El Ghanassy, Santy Ngom, Emiliano Sala"
Angers SCO,Ligue 1,2018-2019,13,"Anthony Mandréa, Mathieu Michel, Zacharie Boucher, Alexandre Letellier, Ludovic Butelle, Rayan Aït-Nouri, Ibrahim Cissé, Kévin Mouanga, Théo Pellenard, Djibril Diaw, Abdoulaye Bamba, Ismaël Traoré, Romain Thomas, Saliou Ciss, Yoann Andreu, Mateo Pavlovic, Vincent Manceau, Angelo Fulgini, Baptiste Santamaria, Lassana Coulibaly, Mazire Soula, Jeff Reine-Adélaïde, Flavien Tait, Pierrick Capelle, Vincent Pajot, Cheikh N'Doye, Thomas Mangani, Loïc Puyo, Wilfried Kanga, Farid El Melali, Stéphane Bahoken, Baptiste Guillaume, Billy Ketkeophomphone, Férébory Doré, Thomas Touré, Harrison Manzala, Dorian Bertrand, Cristian López"
FC Girondins Bordeaux,Ligue 1,2018-2019,14,"Paul Bernardoni, Gaëtan Poussin, Jérôme Prior, Benoît Costil, Over Mandanda, Jules Koundé, Milan Gajic, Sergi Palencia, Youssouf Sabaly, Till Cissokho, Vukasin Jovanovic, Théo Pellenard, Pablo, Thomas Carrique, Paul Baysse, Driss Trichard, Igor Lewczuk, Maxime Poundjé, Aurélien Tchouaméni, Raoul Bellanova, Yacine Adli, Zaydou Youssouf, Toma Bašić, Otávio, Valentín Vada, Lukas Lerager, Yassine Benrahou, Alexandre Lauray, Albert Lottin, Younousse Sankharé, Jaroslav Plasil, Josh Maja, Gaëtan Laborde, Daniel Mancini, François Kamano, Yann Karamoh, Samuel Kalu, Alexandre Mendy, Andreas Cornelius, Jonathan Cafu, Nicolas de Préville, Aaron Boupendza, Jimmy Briand"
Amiens SC,Ligue 1,2018-2019,15,"Régis Gurtner, Matthieu Dreyer, Gauthier Banaziak, Valentin Gendrey, Emil Krafth, Jordan Lefort, Erik Pieters, Sanasi Sy, Bakaye Dibassy, Prince Gouano, Khaled Adénon, Oualid El Hajjam, Mathurin Sakho, Saman Ghoddos, Alexis Blin, Eddy Gnahoré, Madih Talal, Ganso, Rafal Kurzawa, Gaoussou Traoré, Thomas Monconduit, Bongani Zungu, Guessouma Fofana, Réda Rabeï, Mathieu Bodmer, Serhou Guirassy, Juan Otero, Stiven Mendoza, Brighton Labeau, Quentin Cornette, Cheick Timite, Bachibou Koita, Yannick Mamilonne, Moussa Konaté, Stanley Segarel, Martin Gneba"
FC Toulouse,Ligue 1,2018-2019,16,"Matis Carvalho, Mauro Goicoechea, Marc Vidal, Baptiste Reynet, Bafodé Diakité, Jean-Clair Todibo, Kelvin Amian, Clément Michelin, Steven Moreira, Issiaga Sylla, Christopher Jullien, Steeve Yago, Gen Shoji, Loïc Bessilé, Steven Fortes, François Moubandje, Mathieu Gonçalves, Manu Koné, Ibrahim Sangaré, Manu García, Kalidou Sidibé, Alexis Blin, Yann Bodiger, Quentin Boisgard, Stéphane Mbia, Jessy Pi, Driss Khalid, Yannick Cahuzac, John Bostock, Jimmy Durmaz, Hakim El Mokeddem, Nathan Ngoumou, Max Gradel, Aaron Leya Iseka, Adil Taoui, Corentin Jean, Yaya Sanogo, Andy Delort, Mathieu Dossevi, Firmin Mubele"
Monaco,Ligue 1,2018-2019,17,"Manuel Vallaurio, Marc Vassallo, Grégory Campi, Renaud Connen"
Dijon FCO,Ligue 1,2018-2019,18,"Rúnar Alex Rúnarsson, Levi Ntumba, Bobby Allain, Nayef Aguerd, Valentin Rosier, Senou Coulibaly, Théo Barbet, Oussama Haddadi, Laurent Ciman, Alexandre Tégar, Mickaël Alphonse, Arnold Bouka Moutou, Cédric Yambéré, Wesley Lautoa, Fouad Chafik, Enzo Loiodice, Mehdi Abeid, Jordan Marié, Yoann Gourcuff, Eden Massouema, Florent Balmont, Romain Amalfitano, Théo Godard, Wesley Saïd, Naïm Sliti, Sory Kaba, Chang-hoon Kwon, Julio Tavarès, Frédéric Sammaritano, Jules Keita, Benjamin Jeannot, Sory Doumbouya"
SM Caen,Ligue 1,2018-2019,19,"Brice Samba, Thomas Callens, Erwin Zelazny, Paul Reulet, Alexander Djiku, Jonathan Gradit, Frédéric Guilbert, Younn Zahary, Yoël Armougom, Paul Baysse, Issa Marega, Emmanuel Imorou, Adama Mbengue, Mouhamadou Dabo, Romain Genevois, Jessy Deminguet, Jan Repas, Saîf-Eddine Khaoui, Fayçal Fajr, Stef Peeters, Aly Ndom, Durel Avounou, Ismaël Diomandé, Jad Mouaddib, Valentin Voisin, Baissama Sankoh, Prince Oniangué, Enzo Crivelli, Godson Kyeremeh, Timo Stavitski, Casimir Ninga, Yacine Bammou, Malik Tchokounté, Herman Moussaki, Claudio Beauvue, Ronny Rodelin, Pape Sané, Brice Tutu, Evens Joseph"
EA Guingamp,Ligue 1,2018-2019,20,"Théo Guivarch, Karl-Johan Johnsson, Marc-Aurèle Caillard, Denis Petric, Sikou Niakaté, Marcus Coco, Pedro Rebocho, Félix Eboa Eboa, Yohan Bilingi, Jordan Ikoko, Cheick Traoré, Papy Djilobodji, Steven Ako, Djegui Koita, Johan Larsson, Jérémy Sorbon, Franck Tabanou, Christophe Kerbrat, Didier Ndong, Mehdi Boudjemaa, Guessouma Fofana, Lebogang Phiri, Louis Carnot, Lucas Deaux, Étienne Didot, Marcus Thuram, Ludovic Blas, Jérémy Livolant, Matthias Phaëton, Alexandre Mendy, Mehdi Merghem, Yannis Salibur, Nathaël Julan, Nicolas Benezet, Yeni Ngbakoto, Ronny Rodelin, Nolan Roux"
Paris Saint-Germain,Ligue 1,2019-2020,1,"Marcin Bulka, Alphonse Areola, Kevin Trapp, Sergio Rico, Keylor Navas, Garissone Innocent, Marquinhos, Thilo Kehrer, Presnel Kimpembe, Abdou Diallo, Thomas Meunier, Juan Bernat, Loïc Mbe Soh, Tanguy Nianzou, Arthur Zagré, Layvin Kurzawa, Thiago Silva, Colin Dagba, Marco Verratti, Neymar, Leandro Paredes, Mitchel Bakker, Adil Aouchiche, Idrissa Gueye, Ander Herrera, Kays Ruiz-Atil, Kylian Mbappé, Arnaud Kalimuendo, Mauro Icardi, Pablo Sarabia, Julian Draxler, Ángel Di María, Eric-Maxim Choupo-Moting, Edinson Cavani, Jesé"
Olympique Marseille,Ligue 1,2019-2020,2,"Simon Ngapandouetnbu, Yohann Pelé, Steve Mandanda, Ahmadou Dia, Niels Nkounkou, Duje Caleta-Car, Lucas Perrin, Jordan Amavi, Hiroki Sakai, Bouna Sarr, Álvaro González, Mohamed Abdallah, Nassim Ahmed, Richecard Richard, Boubacar Kamara, Valentin Rongier, Maxime Lopez, Morgan Sanson, Cheick Souaré, Saîf-Eddine Khaoui, Dimitri Payet, Alexandre Phliponeau, Luiz Gustavo, Ugo Bertelli, Jorès Rahou, Kevin Strootman, Grégory Sertic, Florian Chabrolle, Florian Thauvin, Nemanja Radonjic, Marley Aké, Isaac Lihadji, Valère Germain, Darío Benedetto"
Stade Rennais FC,Ligue 1,2019-2020,3,"Edouard Mendy, Tomas Koubek, Elias Damergy, Romain Salin, Pépé Bonet, Riffi Mandanda, Sacha Boey, Gerzino Nyamsi, Hamari Traoré, Faitout Maouassa, Souleyman Doumbia, Damien Da Silva, Jérémy Morel, Joris Gnagnon, Eduardo Camavinga, Lucas Da Cunha, Benjamin Bourigeaud, Jérémy Gélin, Steven Nzonzi, Flavien Tait, Jonas Martin, James Léa Siliki, Clément Grenier, Jakob Johansson, Raphinha, Yann Gboho, Romain Del Castillo, Rafik Guitane, Jordan, M'Baye Niang, Adrien Hunou, Diafra Sakho, Metehan Güclü"
LOSC Lille,Ligue 1,2019-2020,4,"Mike Maignan, Léo Jardim, Gabriel Magalhães, Zeki Çelik, Tiago Djaló, Reinildo Mandava, Domagoj Bradarić, Eric-Junior Bocat, Saad Agouzoul, Adama Soumaoro, José Fonte, Jérémy Pied, Boubakary Soumaré, Yusuf Yazıcı, Benjamin André, Thiago Maia, Cheikh Niasse, Renato Sanches, Jean Onana, Xeka, Nico Gaitán, Victor Osimhen, Timothy Weah, Luiz Araújo, Jonathan Ikoné, Jonathan Bamba, Virgiliu Postolachi, Agim Zeka, Abou Ouattara, Fadiga Ouattara, Loïc Rémy"
Stade Reims,Ligue 1,2019-2020,5,"Yehvann Diouf, Predrag Rajković, Nicolas Lemaître, Logan Costa, Axel Disasi, Ghislain Konan, Hassane Kamara, Dario Maresic, Thomas Foket, Yunis Abdelhamid, Marshall Munetsi, Rémi Oudin, Sambou Sissoko, Nolan Mbemba, Moreto Cassamá, Xavier Chavalerin, Alaixys Romao, Moïse Sakava, Tristan Dingomé, El Bilal Touré, Boulaye Dia, Dereck Kutesa, Timothé Nkada, Mathieu Cafaro, Arbër Zeneli, Nathanaël Mbuku, Kaj Sierhuis, Anastasios Donis, Moussa Doumbia, Virgile Pinson, Hyun-jun Suk"
OGC Nice,Ligue 1,2019-2020,6,"Walter Benítez, Yannis Clémentia, Yoan Cardinale, Malang Sarr, Gautier Lloris, Youcef Atal, Andy Pelmard, Stanley Nsoki, Ibrahim Cissé, Dante, Moussa Wagué, Christophe Hérelle, Riza Durmisi, Patrick Burner, Racine Coly, Noah Crétier, Khéphren Thuram, Alexis Claude-Maurice, Hicham Boudaoui, Pierre Lees-Melou, Danilo Barbosa, Adrien Tamèze, Balthazar Pierret, Arnaud Lusamba, Rémi Walter, Alexis Trouillet, Wylan Cyprien, Eddy Sylvestre, Alexandre Gameiro, Evann Guessand, Kasper Dolberg, Adam Ounas, Ignatius Ganago, Myziane Maolida, Bassem Srarfi, Ihsan Sacko, Mickaël Le Bihan"
Olympique Lyon,Ligue 1,2019-2020,7,"Anthony Lopes, Anthony Racioppi, Ciprian Tătărușanu, Pierre Kalulu, Joachim Andersen, Oumar Solet, Kenny Tete, Melvin Bard, Sinaly Diomandé, Jason Denayer, Youssouf Koné, Marçal, Marcelo, Mapou Yanga-Mbiwa, Rafael, Léo Dubois, Bruno Guimarães, Rayan Cherki, Maxence Caqueret, Jean Lucas, Houssem Aouar, Thiago Mendes, Lucas Tousart, Camilo, Jeff Reine-Adélaïde, Pape Cheikh, Amine Gouiri, Martin Terrier, Memphis Depay, Moussa Dembélé, Bertrand Traoré, Maxwel Cornet, Karl Toko Ekambi"
Montpellier HSC,Ligue 1,2019-2020,8,"Gerónimo Rulli, Dimitry Bertaud, Matis Carvalho, Nicolas Cozza, Thibaut Vargas, Clément Vidal, Junior Sambia, Mihailo Ristic, Arnaud Souquet, Mathías Suárez, Pedro Mendes, Ambroise Oyongo, Daniel Congré, Hilton, Joris Chotard, Téji Savanier, Kylian Kaïboue, Florent Mollet, Jordan Ferri, Facundo Píriz, Damien Le Tallec, Amir Aduev, Gaëtan Laborde, Bilal Boutobba, Keagan Dolly, Il-lok Yun, Petar Skuletic, Bastian Badu, Andy Delort, Souleymane Camara"
Monaco,Ligue 1,2019-2020,9,"Manuel Vallaurio, Marc Vassallo, Grégory Campi, Renaud Connen"
Angers SCO,Ligue 1,2019-2020,10,"Anthony Mandréa, Danijel Petkovic, Ludovic Butelle, Rayan Aït-Nouri, Ibrahim Cissé, Souleyman Doumbia, Théo Pellenard, Haithem Loucif, Abdoulaye Bamba, Ismaël Traoré, Romain Thomas, Mateo Pavlovic, Vincent Manceau, Angelo Fulgini, Baptiste Santamaria, Mazire Soula, Jeff Reine-Adélaïde, Antonin Bobichon, Zinédine Ould Khaled, Pierrick Capelle, Vincent Pajot, Thomas Mangani, Anthony Gomez-Mancini, Mathias Pereira Lage, Wilfried Kanga, Farid El Melali, Stéphane Bahoken, Sada Thioub, Casimir Ninga, Jason Mbock, Rachid Alioui"
RC Strasbourg Alsace,Ligue 1,2019-2020,11,"Matz Sels, Bingourou Kamara, Eiji Kawashima, Louis Pelletier, Mohamed Simakan, Anthony Caci, Alexander Djiku, Kenny Lala, Lionel Carole, Stefan Mitrovic, Ismaïl Aaneba, Abdallah Ndour, Lamine Koné, Youssouf Fofana, Jean-Ricner Bellegarde, Azzedine Ounahi, Adrien Thomasson, Ibrahima Sissoko, Moataz Zemzemi, Adrien Lebeau, Jonas Martin, Sanjin Prcic, Jérémy Grimm, Benjamin Corgnet, Dimitri Liénard, Ludovic Ajorque, Lebo Mothiba, Nuno Da Costa, Kévin Zohi, Ivann Botella, Majeed Waris"
FC Girondins Bordeaux,Ligue 1,2019-2020,12,"Gaëtan Poussin, Davy Rouyard, Benoît Costil, Youssouf Sabaly, Vukasin Jovanovic, Pablo, Loris Benito, Enock Kwateng, Mexer, Laurent Koscielny, Maxime Poundjé, Paul Baysse, Aurélien Tchouaméni, Raoul Bellanova, Yacine Adli, Toma Bašić, Otávio, Rémi Oudin, Yassine Benrahou, Youssef Aït Bennasser, Ui-jo Hwang, Rubén Pardo, Albert Lottin, Mehdi Zerkane, Josh Maja, François Kamano, Samuel Kalu, Jonathan Cafu, Nicolas de Préville, Aaron Boupendza, Jimmy Briand"
FC Nantes,Ligue 1,2019-2020,13,"Alban Lafont, Alexandre Olliero, Denis Petric, Joris Kayembe, Andrei Girotto, Josué Homawoo, Marcus Coco, Dennis Appiah, Lucas Lima, Nicolas Pallois, Charles Traoré, Thomas Basila, Anthony Walongwa, Wesley Moustache, Percy Prado, Fábio, Molla Wagué, Imrân Louza, Batista Mendy, Valentin Rongier, Abdoulaye Touré, Samuel Moutoussamy, Mehdi Abeid, Abdoulaye Dabo, Cristian Benavente, Roli Pereira de Sa, Rene Krhin, Ludovic Blas, Moses Simon, Élie Youan, Abdoul Kader Bamba, Anthony Limbombe, Kalifa Coulibaly, Bridge Ndilu, Renaud Emond"
Stade Brestois 29,Ligue 1,2019-2020,14,"Gautier Larsonneur, Donovan Léon, Sébastien Cibois, Julien Fabri, Romain Perraud, Brendan Chardonnet, Jean-Charles Castelletto, Jean-Kévin Duverne, David Kiki, Denys Bain, Gaëtan Belaud, Julien Faussurier, Ludovic Baal, Hugo Magnetti, Ibrahima Diallo, Haris Belkebla, Hianga'a Mbock, Cristian Battocchio, Ferris N'Goma, Paul Lasne, Mathias Autret, Irvin Cardona, Alexandre Mendy, Samuel Grandsir, Derick Osei, Yoann Court, Kévin Mayi, Gaëtan Charbonnier"
FC Metz,Ligue 1,2019-2020,15,"Guillaume Dietsch, Alexandre Oukidja, Paul Delecroix, Kiliann Sildillia, Matthieu Udol, Mamadou Fofana, Fabien Centonze, Dylan Bronn, Aboubacar Lô, Thomas Delaine, Lenny Lacroix, Stoppila Sunzu, John Boye, Manuel Cabit, Boubacar Traoré, Habib Maïga, Kévin N'Doram, Farid Boulaya, Adama Traoré, Sami Lahssaini, Victorien Angban, Marvin Gakpa, Vincent Pajot, Renaud Cohade, Georges Mikautadze, Habib Diallo, Adama Traoré, Thierry Ambrose, Amadou N'Diaye, Papa Ndiaga Yade, Opa Nguette, Ibrahima Niane"
Dijon FCO,Ligue 1,2019-2020,16,"Rúnar Alex Rúnarsson, Alfred Gomis, Levi Ntumba, Ewan Hatfout, Nayef Aguerd, Hamza Mendyl, Senou Coulibaly, Ahmad Ngouyamsa, Théo Barbet, Ngonda Muzinga, Bruno Ecuele Manga, Mickaël Alphonse, Wesley Lautoa, Fouad Chafik, Matheus Pereira, Enzo Loiodice, Yassine Benzia, Didier Ndong, Bryan Soumaré, Jordan Marié, Florent Balmont, Romain Amalfitano, Stephy Mavididi, Rayan Philippe, Mama Baldé, Jhonder Cádiz, Mounir Chouiar, Julio Tavarès, Benjamin Jeannot, Jules Keita, Frédéric Sammaritano"
AS Saint-Étienne,Ligue 1,2019-2020,17,"Stefan Bajic, Théo Vermot, Stéphane Ruffier, Jessy Moulin, William Saliba, Wesley Fofana, Harold Moukoudi, Sergi Palencia, Mickaël Nadé, Alpha Sissoko, Yvann Maçon, Miguel Trauco, Marvin Tshibuabua, Léo Lacroix, Timothée Kolodziejczak, Gabriel Silva, Loïc Perrin, Mathieu Debuchy, Mahdi Camara, Zaydou Youssouf, Lucas Gourna-Douath, Yvan Neyou, Aïmen Moueffek, Jean-Eudes Aholou, Assane Dioussé, Ryad Boudebouz, Yann M'Vila, Bilal Benkhedim, Yohan Cabaye, Franck Honorat, Denis Bouanga, Jean-Philippe Krasso, Arnaud Nordin, Maxence Rivera, Loïs Diony, Robert Beric, Charles Abi, Edmilson Correia, Wahbi Khazri, Romain Hamouma, Kévin Monnet-Paquet"
Nîmes Olympique,Ligue 1,2019-2020,18,"Paul Bernardoni, Amjhad Nazih, Valentin Rabouille, Lucas Dias, Florian Miguel, Théo Sainte-Luce, Gaëtan Paquiez, Anthony Briançon, Kelyan Guessoum, Loïck Landre, Sofiane Alakouch, Pablo Martínez, Lamine Fomba, Yassine Benrahou, Théo Valls, Antonin Bobichon, Lucas Buadés, Mattéo Ahlinvi, Sidy Sarr, Pierrick Valdivia, Antoine Valério, Romain Philippoteaux, Lucas Deaux, Luca Valls, Kévin Denkey, Zinedine Ferhat, Nassim Chadli, Moussa Koné, Renaud Ripart, Vlatko Stojanovski, Haris Duljevic, Clément Depres, Sami Ben Amar, Nolan Roux, Amine Karraoui"
Amiens SC,Ligue 1,2019-2020,19,"Régis Gurtner, Loïc Badiashile, Matthieu Dreyer, Boris Essele, Valentin Gendrey, Nicholas Opoku, Jordan Lefort, Arturo Calabresi, Haitam Aleesami, Bakaye Dibassy, Sanasi Sy, Prince Gouano, Christophe Jallet, Aurélien Chedjou, Saman Ghoddos, Alexis Blin, Eddy Gnahoré, Madih Talal, Gaël Kakuta, Thomas Monconduit, Bongani Zungu, Mathieu Bodmer, Driss Khalid, Jonathan Bumbu, Serhou Guirassy, Juan Otero, Fousseni Diabaté, Chadrac Akolo, Stiven Mendoza, Isaac Mbenza, Jack Lahne, Quentin Cornette, Cheick Timite, Moussa Konaté, Darell Tokpa, Ulrick Eneme-Ella, Abdoulaye Touré"
FC Toulouse,Ligue 1,2019-2020,20,"Florentin Bloch, Lovre Kalinic, Mauro Goicoechea, Baptiste Reynet, Bafodé Diakité, Anthony Rouault, Kelvin Amian, Steven Moreira, Moussa Diarra, Issiaga Sylla, Agustín Rogel, Gen Shoji, Ruben Gabrielsen, Nicolas Isimat-Mirin, Mathieu Gonçalves, Sacha Semaoun, Manu Koné, Ibrahim Sangaré, Jean-Victor Makengo, Kalidou Sidibé, Sam Sanna, Quentin Boisgard, William Vainqueur, Amine Adli, Wesley Saïd, Nathan Ngoumou, Efthymios Koulouris, Janis Antiste, Max Gradel, Aaron Leya Iseka, Adil Taoui, Corentin Jean, Yaya Sanogo, Mathieu Dossevi, Stéphane Zobo"
LOSC Lille,Ligue 1,2020-2021,1,"Lucas Chevalier, Mike Maignan, Orestis Karnezis, Sven Botman, Zeki Çelik, Tiago Djaló, Reinildo Mandava, Domagoj Bradarić, Adama Soumaoro, Nassim Innocenti, Ismaïl Bouleghcha, José Fonte, Jérémy Pied, Boubakary Soumaré, Yusuf Yazıcı, Benjamin André, Cheikh Niasse, Renato Sanches, Aguibou Camara, Xeka, Rocco Ascone, Eugenio Pizzuto, Mustafa Kapı, Jonathan David, Timothy Weah, Luiz Araújo, Jonathan Ikoné, Jonathan Bamba, Isaac Lihadji, Usman Simbakoli, Bica, Burak Yılmaz"
Paris Saint-Germain,Ligue 1,2020-2021,2,"Marcin Bulka, Sergio Rico, Keylor Navas, Garissone Innocent, Denis Franchi, Mathyas Randriamamy, Alexandre Letellier, Yanis Saidani, Marquinhos, Thilo Kehrer, Presnel Kimpembe, Abdou Diallo, Danilo Pereira, Timothée Pembélé, Juan Bernat, Layvin Kurzawa, Colin Dagba, Alessandro Florenzi, Xavi Simons, Marco Verratti, Neymar, Leandro Paredes, Mitchel Bakker, Edouard Michut, Idrissa Gueye, Abdoulaye Kamara, Ander Herrera, Bandiougou Fadiga, Kays Ruiz-Atil, Maxen Kapo, Rafinha, Kylian Mbappé, Moise Kean, Arnaud Kalimuendo, Ismaël Gharbi, Mauro Icardi, Pablo Sarabia, Julian Draxler, Ángel Di María, Kenny Nagera, Jesé"
Monaco,Ligue 1,2020-2021,3,"Manuel Vallaurio, Marc Vassallo, Renaud Connen"
Olympique Lyon,Ligue 1,2020-2021,4,"Anthony Racioppi, Anthony Lopes, Julian Pollersbeck, Malcolm Barcola, Ciprian Tătărușanu, Castello Lukeba, Malo Gusto, Joachim Andersen, Kenny Tete, Melvin Bard, Abdoulaye Ndiaye, Sinaly Diomandé, Cenk Özkacar, Jason Denayer, Mattia De Sciglio, Youssouf Koné, Marçal, Marcelo, Djamel Eddine Benlamri, Léo Dubois, Bruno Guimarães, Rayan Cherki, Lucas Paquetá, Maxence Caqueret, Jean Lucas, Houssem Aouar, Thiago Mendes, Habib Keïta, Camilo, Jeff Reine-Adélaïde, Florent Sanchez, Memphis Depay, Moussa Dembélé, Bertrand Traoré, Maxwel Cornet, Tino Kadewere, Karl Toko Ekambi, Islam Slimani, Sekou Lega, Yahya Soumaré"
Olympique Marseille,Ligue 1,2020-2021,5,"Simon Ngapandouetnbu, Fabio Vanni, Yohann Pelé, Steve Mandanda, Leonardo Balerdi, Duje Caleta-Car, Pol Lirola, Lucas Perrin, Jordan Amavi, Hiroki Sakai, Bouna Sarr, Álvaro González, Christopher Rocchia, Yuto Nagatomo, Aaron Kamardin, Boubacar Kamara, Luis Henrique, Pape Gueye, Valentin Rongier, Oussama Targhalline, Maxime Lopez, Morgan Sanson, Michaël Cuisance, Cheick Souaré, Olivier Ntcham, Saîf-Eddine Khaoui, Dimitri Payet, Paolo Sciortino, Kevin Strootman, Ugo Bertelli, Florian Thauvin, Nemanja Radonjic, Marley Aké, Bamba Dieng, Arkadiusz Milik, Valère Germain, Darío Benedetto"
Stade Rennais FC,Ligue 1,2020-2021,6,"Edouard Mendy, Alfred Gomis, Romain Salin, Pépé Bonet, Nayef Aguerd, Adrien Truffert, Sacha Boey, Lorenz Assignon, Lilian Brassier, Gerzino Nyamsi, Warmed Omari, Daniele Rugani, Hamari Traoré, Faitout Maouassa, Dalbert, Damien Da Silva, Eduardo Camavinga, Lesley Ugochukwu, Andy Diouf, Benjamin Bourigeaud, Brandon Soppy, Jérémy Gélin, Steven Nzonzi, Flavien Tait, Jonas Martin, James Léa Siliki, Clément Grenier, Raphinha, Jérémy Doku, Serhou Guirassy, Georginio Rutter, Matthis Abline, Martin Terrier, Yann Gboho, Romain Del Castillo, M'Baye Niang, Adrien Hunou"
RC Lens,Ligue 1,2020-2021,7,"Wuilker Fariñez, Yannick Pandor, Jean-Louis Leca, Loïc Badé, Facundo Medina, Jonathan Clauss, Jonathan Gradit, Ismaël Boura, Clément Michelin, Issiaga Sylla, Massadio Haïdara, Aleksandar Radovanovic, Steven Fortes, Cheick Traoré, Yann Kembo, Zakaria Diallo, Cheick Doucouré, Seko Fofana, David Da Costa, Jonathan Varane, Gaël Kakuta, Adam Oudjani, Manuel Perez, Adrien Louveau, Yannick Cahuzac, Arnaud Kalimuendo, Simon Banza, Ignatius Ganago, Florian Sotoca, Gaëtan Robail, Charles Boli, Cyrille Bayala, Corentin Jean, Ansou Sow, Boubakar Camara, Tony Mauricio"
Montpellier HSC,Ligue 1,2020-2021,8,"Jonas Omlin, Dimitry Bertaud, Matis Carvalho, Maxime Estève, Nicolas Cozza, Thibaut Vargas, Clément Vidal, Junior Sambia, Mihailo Ristic, Arnaud Souquet, Mathías Suárez, Pedro Mendes, Ambroise Oyongo, Daniel Congré, Hilton, Thibault Tamas, Joris Chotard, Téji Savanier, Florent Mollet, Jordan Ferri, Samy Benchamma, Sacha Delaye, Damien Le Tallec, Elye Wahi, Stephy Mavididi, Gaëtan Laborde, Oucasse Mendy, Béni Makouana, Keagan Dolly, Il-lok Yun, Adil Ben Achour, Andy Delort, Yanis Ammour, Petar Skuletic"
OGC Nice,Ligue 1,2020-2021,9,"Walter Benítez, Teddy Boulhendi, Yoan Cardinale, Jules Rolland, William Saliba, Jean-Clair Todibo, Jordan Lotomba, Antoine Mendy, Robson Bambu, Hassane Kamara, Youcef Atal, Flavius Daniliuc, Andy Pelmard, Stanley Nsoki, Dante, Patrick Burner, Racine Coly, Théo Pionnier, Noah Crétier, Lorenzo Prso, Khéphren Thuram, Alexis Claude-Maurice, Hicham Boudaoui, Pierre Lees-Melou, Danilo Barbosa, Malik Sellouki, Jeff Reine-Adélaïde, Alexis Trouillet, Eddy Sylvestre, Paul Wade, Soudeysse Kari, Morgan Schneiderlin, Dan Ndoye, Evann Guessand, Amine Gouiri, Kasper Dolberg, Rony Lopes, Hicham Mahou, Myziane Maolida, Salim Ben Seghir, Deji Sotona"
FC Metz,Ligue 1,2020-2021,10,"Alexandre Oukidja, Paul Delecroix, Ousmane Ba, Marc-Aurèle Caillard, Matthieu Udol, Kiki Kouyaté, William Mikelbrencis, Mamadou Fofana, Fabien Centonze, Dylan Bronn, Thomas Delaine, Laurent Jans, Lenny Lacroix, Ernest Boahene, John Boye, Manuel Cabit, Pape Matar Sarr, Boubacar Traoré, Habib Maïga, Kévin N'Doram, Farid Boulaya, Youssef Maziz, Victorien Angban, Vincent Pajot, Warren Tchimbembé, Habib Diallo, Cheikh Sabaly, Adama Traoré, Thierry Ambrose, Papa Ndiaga Yade, Aaron Leya Iseka, Opa Nguette, Lamine Gueye, Vágner Dias, Ibrahima Niane"
AS Saint-Étienne,Ligue 1,2020-2021,11,"Stefan Bajic, Etienne Green, Nabil Ouennas, Boubacar Fall, Jessy Moulin, Wesley Fofana, Panagiotis Retsos, Harold Moukoudi, Saïdou Sow, Alpha Sissoko, Pape Abou Cissé, Yvann Maçon, Miguel Trauco, Abdoulaye Bakayoko, Marvin Tshibuabua, Timothée Kolodziejczak, Gabriel Silva, Mathieu Debuchy, Mahdi Camara, Zaydou Youssouf, Lucas Gourna-Douath, Yvan Neyou, Aïmen Moueffek, Adil Aouchiche, Assane Dioussé, Ryad Boudebouz, Yann M'Vila, Bilal Benkhedim, Rayan Souici, Baptiste Gabard, Denis Bouanga, Jean-Philippe Krasso, Arnaud Nordin, Maxence Rivera, Charles Abi, Abdoulaye Coulibaly, Tyrone Tormin, Anthony Modeste, Yanis Lhéry, Mathys Saban, Wahbi Khazri, Romain Hamouma, Kévin Monnet-Paquet"
FC Girondins Bordeaux,Ligue 1,2020-2021,12,"Gaëtan Poussin, Benoît Costil, Malcom Bokele, Youssouf Sabaly, Vukasin Jovanovic, Pablo, Loïc Bessilé, Loris Benito, Enock Kwateng, Mexer, Ismaël Sow, Laurent Koscielny, Paul Baysse, Maxime Poundjé, Yacine Adli, Toma Bašić, Otávio, Issouf Sissokho, Rémi Oudin, Tom Lacoux, Ui-jo Hwang, Rubén Pardo, Jean Michaël Seri, Hatem Ben Arfa, Mehdi Zerkane, David Kong, Ibrahim Diarra, Dilane Bakwa, Josh Maja, Sékou Mara, Samuel Kalu, Alexandre Mendy, Logan Delaurier-Chaubet, Amadou Traoré, Nicolas de Préville, Jimmy Briand"
Angers SCO,Ligue 1,2020-2021,13,"Paul Bernardoni, Danijel Petkovic, Ludovic Butelle, Rayan Aït-Nouri, Kévin Boma, Enzo Ebosse, Kévin Mouanga, Souleyman Doumbia, Abdoulaye Bamba, Ismaël Traoré, Romain Thomas, Oussama Falouh, Ismaël Dramé, Mateo Pavlovic, Vincent Manceau, Angelo Fulgini, Baptiste Santamaria, Lassana Coulibaly, Sofiane Boufal, Waniss Taïbi, Ibrahim Amadou, Antonin Bobichon, Zinédine Ould Khaled, Pierrick Capelle, Thomas Mangani, Jimmy Cabot, Mohamed-Ali Cho, Mathias Pereira Lage, Wilfried Kanga, Farid El Melali, Loïs Diony, Noah Fatar, Stéphane Bahoken, Casimir Ninga, Sada Thioub, Yassin Fortuné, Thomas Touré, Rachid Alioui"
Stade Reims,Ligue 1,2020-2021,14,"Yehvann Diouf, Predrag Rajković, Trey Vimalin, Dialy Ndiaye, Wout Faes, Moustapha Mbow, Ghislain Konan, Thibault De Smet, Fodé Doucouré, Dario Maresic, Thomas Foket, Yunis Abdelhamid, Enzo Valentim, Marshall Munetsi, Dion Lopy, Valon Berisha, Alexis Flips, Mouhamadou Drammeh, Moreto Cassamá, Xavier Chavalerin, Tristan Dingomé, Moïse Sakava, Hugo Ekitiké, El Bilal Touré, Boulaye Dia, Dereck Kutesa, Fraser Hornby, Timothé Nkada, Mathieu Cafaro, Arbër Zeneli, Nathanaël Mbuku, Kaj Sierhuis, Anastasios Donis, Moussa Doumbia"
RC Strasbourg Alsace,Ligue 1,2020-2021,15,"Matz Sels, Bingourou Kamara, Alexandre Pierre, Eiji Kawashima, Mohamed Simakan, Anthony Caci, Alexander Djiku, Marvin Senaya, Marvin Elimbi, Kenny Lala, Frédéric Guilbert, Lionel Carole, Stefan Mitrovic, Ismaïl Aaneba, Abdoulaye Ousmane, Lamine Koné, Jean-Ricner Bellegarde, Adrien Thomasson, Ibrahima Sissoko, Jean-Eudes Aholou, Adrien Lebeau, Mahamé Siby, Sanjin Prcic, Noé Sommer, Dimitri Liénard, Habib Diallo, Ludovic Ajorque, Lebo Mothiba, Moïse Sahi Dion, Kévin Zohi, Benjamin Bešić, Mehdi Chahiri, Majeed Waris, Idriss Saadi"
FC Lorient,Ligue 1,2020-2021,16,"Paul Nardi, Teddy Bartouche-Selbonne, Thomas Callens, Matthieu Dreyer, Trevoh Chalobah, Andreaw Gravillon, Julien Laporte, Loris Mouyokolo, Houboulang Mendes, Tiago Ilori, Thomas Fontaine, Joris Mendy, Yoann Etienne, Jérôme Hergault, Matthieu Saunier, Jérémy Morel, Vincent Le Goff, Enzo Le Fée, Laurent Abergel, Quentin Boisgard, Thomas Monconduit, Sylvain Marveaux, Fabien Lemoine, Jonathan Delaplace, Franklin Wadja, Malamine Doumbouya, Dango Ouattara, Yoane Wissa, Armand Laurienté, Terem Moffi, Umut Bozok, Adrian Grbic, Stéphane Diarra, Pierre-Yves Hamel"
Stade Brestois 29,Ligue 1,2020-2021,17,"Gautier Larsonneur, Mouez Hassen, Sébastien Cibois, Lilian Brassier, Romain Perraud, Brendan Chardonnet, Jean-Kévin Duverne, Ronaël Pierre-Gabriel, Heri Tavares, Christophe Hérelle, Denys Bain, Julien Faussurier, Ludovic Baal, Jean Lucas, Hugo Magnetti, Romain Faivre, Ibrahima Diallo, Haris Belkebla, Hianga'a Mbock, Cristian Battocchio, Bandiougou Fadiga, Idrissa Dioh, Ferris N'Goma, Killian Benvindo, Djibril Bangoura, Paul Lasne, Romain Philippoteaux, Franck Honorat, Irvin Cardona, Jérémy Le Douaron, Steve Mounié, Gaëtan Charbonnier"
FC Nantes,Ligue 1,2020-2021,18,"Alban Lafont, Charly Jan, Denis Petric, Quentin Merlin, Jean-Charles Castelletto, Andrei Girotto, Abdoulaye Sylla, Marcus Coco, Dennis Appiah, Nicolas Pallois, Charles Traoré, Thomas Basila, Anthony Walongwa, Fábio, Sébastien Corchia, Imrân Louza, Batista Mendy, Pedro Chirivella, Abdoulaye Touré, Samuel Moutoussamy, Mehdi Abeid, Roli Pereira de Sa, Randal Kolo Muani, Ludovic Blas, Moses Simon, Élie Youan, Abdoul Kader Bamba, Anthony Limbombe, Jean-Kévin Augustin, Kalifa Coulibaly, Bridge Ndilu, Renaud Emond"
Nîmes Olympique,Ligue 1,2020-2021,19,"Lucas Dias, Baptiste Reynet, Amjhad Nazih, Adilson Malanda, Birger Meling, Florian Miguel, Naomichi Ueda, Gaëtan Paquiez, Anthony Briançon, Kelyan Guessoum, Loïck Landre, Patrick Burner, Sofiane Alakouch, Pablo Martínez, Andrés Cubas, Niclas Eliasson, Lamine Fomba, Yassine Benrahou, Lucas Buadés, Mattéo Ahlinvi, Sidy Sarr, Romain Philippoteaux, Lucas Deaux, Antoine Valério, Kévin Denkey, Zinedine Ferhat, Nassim Chadli, Moussa Koné, Renaud Ripart, Karim Aribi, Marco Majouga, Haris Duljevic, Mahamadou Doucouré, Clément Depres, Sami Ben Amar, Nolan Roux"
Dijon FCO,Ligue 1,2020-2021,20,"Anthony Racioppi, Rúnar Alex Rúnarsson, Alfred Gomis, Levi Ntumba, Saturnin Allagbé, Sacha Boey, Bogdan Racovițan, Jonathan Panzo, Arthur Zagré, Senou Coulibaly, Aníbal Chalá, Ahmad Ngouyamsa, Ngonda Muzinga, Bruno Ecuele Manga, Wesley Lautoa, Fouad Chafik, Junior Dina Ebimbe, Bersant Celina, Yassine Benzia, Didier Ndong, Wilitty Younoussa, Jordan Marié, Romain Amalfitano, Pape Cheikh, Amir Arli, Rayan Philippe, Mama Baldé, Mounir Chouiar, Alexandru Dobre, Jacques Siwe, Aurélien Scheidler, Aboubakar Kamara, Erwan Belhadji, Frédéric Sammaritano, Moussa Konaté, Roger Assalé, Charles Costes"
Paris Saint-Germain,Ligue 1,2021-2022,1,"Gianluigi Donnarumma, Sergio Rico, Keylor Navas, Garissone Innocent, Denis Franchi, Alexandre Letellier, Achraf Hakimi, Nuno Mendes, Marquinhos, Thilo Kehrer, El Chadaille Bitshiabu, Presnel Kimpembe, Abdou Diallo, Danilo Pereira, Juan Bernat, Sergio Ramos, Layvin Kurzawa, Colin Dagba, Teddy Alloh, Xavi Simons, Marco Verratti, Neymar, Junior Dina Ebimbe, Leandro Paredes, Georginio Wijnaldum, Edouard Michut, Idrissa Gueye, Ander Herrera, Nathan Bitumazala, Rafinha, Kylian Mbappé, Arnaud Kalimuendo, Lionel Messi, Ismaël Gharbi, Mauro Icardi, Pablo Sarabia, Djeidi Gassama, Julian Draxler, Ángel Di María, Sekou Yansané, Kenny Nagera"
Olympique Marseille,Ligue 1,2021-2022,2,"Pau López, Simon Ngapandouetnbu, Fabio Vanni, Steve Mandanda, William Saliba, Leonardo Balerdi, Sead Kolasinac, Duje Caleta-Car, Pol Lirola, Jordan Amavi, Luan Peres, Álvaro González, Yakine Said M'Madi, Amay Caprice, Boubacar Kamara, Mattéo Guendouzi, Luis Henrique, Pape Gueye, Gerson, Valentin Rongier, Bilal Nadir, Oussama Targhalline, Amine Harit, Cheick Souaré, Dimitri Payet, Tom Moustier, Paolo Sciortino, Ugo Bertelli, Cengiz Ünder, Nemanja Radonjic, Bamba Dieng, Arkadiusz Milik, Cédric Bakambu, Konrad de la Fuente, Salim Ben Seghir, Jonathan Pitou, Darío Benedetto, Aylan Benyahia-Tani"
Monaco,Ligue 1,2021-2022,3,"Manuel Vallaurio, Marc Vassallo"
OGC Nice,Ligue 1,2021-2022,4,"Marcin Bulka, Walter Benítez, Teddy Boulhendi, Jean-Clair Todibo, Melvin Bard, Jordan Lotomba, Antoine Mendy, Hassane Kamara, Robson Bambu, Youcef Atal, Flavius Daniliuc, Jordan Amavi, Dante, Yannis Nahounou, Khéphren Thuram, Justin Kluivert, Lucas Da Cunha, Alexis Claude-Maurice, Hicham Boudaoui, Pablo Rosario, Mario Lemina, Calvin Stengs, Danilo Barbosa, Alexis Trouillet, Justin Smith, Morgan Schneiderlin, Dan Ndoye, Amine Gouiri, Evann Guessand, Kasper Dolberg, Billal Brahimi, Myziane Maolida, Ihsan Sacko, Andy Delort"
Stade Rennais FC,Ligue 1,2021-2022,5,"Doğan Alemdar, Alfred Gomis, Elias Damergy, Romain Salin, Pépé Bonet, Loïc Badé, Nayef Aguerd, Adrien Truffert, Jeanuël Belocian, Lorenz Assignon, Warmed Omari, Hamari Traoré, Birger Meling, Faitout Maouassa, Noah Françoise, Eduardo Camavinga, Lesley Ugochukwu, Andy Diouf, Lovro Majer, Benjamin Bourigeaud, Baptiste Santamaria, Jérémy Gélin, Flavien Tait, Jonas Martin, Trésor Matondo, Désiré Doué, Jérémy Doku, Serhou Guirassy, Mathys Tel, Matthis Abline, Kamaldeen Sulemana, Loum Tchaouna, Martin Terrier, Romain Del Castillo, Gaëtan Laborde, Junior Kadile"
RC Strasbourg Alsace,Ligue 1,2021-2022,6,"Matz Sels, Alaa Bellaarouch, Eiji Kawashima, Ismaël Doukouré, Anthony Caci, Gerzino Nyamsi, Alexander Djiku, Marvin Senaya, Marvin Elimbi, Lucas Perrin, Frédéric Guilbert, Karol Fila, Maxime Le Marchand, Kanfory Dramé, Habib Diarra, Jean-Ricner Bellegarde, Adrien Thomasson, Ibrahima Sissoko, Jean-Eudes Aholou, Mahamé Siby, Sanjin Prcic, Aymeric Ahmed, Dimitri Liénard, Abdoul Ouattara, Habib Diallo, Ludovic Ajorque, Lebo Mothiba, Nordine Kandil, Dany Jean, Moïse Sahi Dion, Mehdi Chahiri, Majeed Waris, Kévin Gameiro"
Olympique Lyon,Ligue 1,2021-2022,7,"Anthony Lopes, Kayne Bonnevie, Julian Pollersbeck, Malcolm Barcola, Castello Lukeba, Malo Gusto, Emerson, Sinaly Diomandé, Jason Denayer, Henrique Silva, Damien Da Silva, Marcelo, Hugo Vogel, Irvyn Lomami, Léo Dubois, Jérôme Boateng, Bruno Guimarães, Rayan Cherki, Lucas Paquetá, Maxence Caqueret, Houssem Aouar, Romain Faivre, Tanguy Ndombélé, Xherdan Shaqiri, Thiago Mendes, Habib Keïta, Jeff Reine-Adélaïde, Florent Sanchez, Noam Bonnet, Pape Cheikh, Bradley Barcola, Tetê, Moussa Dembélé, Maxwel Cornet, Tino Kadewere, Karl Toko Ekambi, Islam Slimani, Lenny Pintor, Gaël Nsombi, Madyan Sounni"
RC Lens,Ligue 1,2021-2022,8,"Wuilker Fariñez, Yannick Pandor, Jean-Louis Leca, Kevin Danso, Facundo Medina, Przemyslaw Frankowski, Christopher Wooh, Jonathan Clauss, Jonathan Gradit, Ismaël Boura, Deiver Machado, Brayann Pereira, Massadio Haïdara, Steven Fortes, Malcom Musquet, Cheick Doucouré, Seko Fofana, Patrick Berg, David Da Costa, Jonathan Varane, Gaël Kakuta, Yacouba Barry, Mamadou Camara, Samba Sow, Adrien Louveau, Yannick Cahuzac, Arnaud Kalimuendo, Simon Banza, Wesley Saïd, Ignatius Ganago, Florian Sotoca, Ibrahima Baldé, Charles Boli, Corentin Jean, Mohamed Cissé"
FC Nantes,Ligue 1,2021-2022,9,"Alban Lafont, Rémy Descamps, Denis Petric, Quentin Merlin, Jean-Charles Castelletto, Andrei Girotto, Abdoulaye Sylla, Marcus Coco, Dennis Appiah, Robin Voisine, Nicolas Pallois, Yannis M'Bemba, Charles Traoré, Fábio, Sébastien Corchia, Pedro Chirivella, Samuel Moutoussamy, Lohann Doucet, Gor Manvelyan, Wylan Cyprien, Roli Pereira de Sa, Mohamed Achi, Randal Kolo Muani, Ludovic Blas, Willem Geubbels, Moses Simon, Osman Bukari, Anthony Limbombe, Jean-Kévin Augustin, Kalifa Coulibaly, Renaud Emond"
LOSC Lille,Ligue 1,2021-2022,10,"Léo Jardim, Ivo Grbic, Adam Jakubech, Orestis Karnezis, Jules Raux, Leny Yoro, Sven Botman, Gabriel Gudmundsson, Zeki Çelik, Tiago Djaló, Reinildo Mandava, Domagoj Bradarić, Kouadio-Yves Dabila, José Fonte, Simon Ramet, Maxime Wackers, Jérémy Pied, Carlos Baleba, Amadou Onana, Angel Gomes, Yusuf Yazıcı, Benjamin André, Ugo Raghouber, Cheikh Niasse, Renato Sanches, Jean Onana, Xeka, Rocco Ascone, Hatem Ben Arfa, Jonathan David, Timothy Weah, Edon Zhegrova, Luiz Araújo, Jonathan Ikoné, Jonathan Bamba, Capita, Isaac Lihadji, Bica, Exaucé Mpembele Boula, Joffrey Bazié, Burak Yılmaz"
Stade Brestois 29,Ligue 1,2021-2022,11,"Gautier Larsonneur, Marco Bizot, Grégoire Coudert, Sébastien Cibois, Lilian Brassier, Brendan Chardonnet, Jean-Kévin Duverne, Ronaël Pierre-Gabriel, Jere Uronen, Noé Sow, Christophe Hérelle, Denys Bain, Julien Faussurier, Lucien Agoumé, Hugo Magnetti, Romain Faivre, Haris Belkebla, Hianga'a Mbock, Romain Philippoteaux, Paul Lasne, Franck Honorat, Romain Del Castillo, Martín Satriano, Irvin Cardona, Rafiki Saïd, Jérémy Le Douaron, Steve Mounié, Youcef Belaïli, Youssouph Badji, Axel Camblan"
Stade Reims,Ligue 1,2021-2022,12,"Yehvann Diouf, Predrag Rajković, Nicolas Penneteau, Wout Faes, Bradley Locko, Moustapha Mbow, Ghislain Konan, Fodé Doucouré, Ibrahim Diakité, Andreaw Gravillon, Maxime Busi, Thomas Foket, Yunis Abdelhamid, Enzo Valentim, Marshall Munetsi, Azor Matusiwa, Jens Cajuste, Kamory Doumbia, Dion Lopy, Martin Adeline, Valon Berisha, Alexis Flips, Sambou Sissoko, Moreto Cassamá, Xavier Chavalerin, Samuel Koeberlé, Hugo Ekitiké, El Bilal Touré, Ilan Kebbal, Fraser Hornby, Mathieu Cafaro, Billal Brahimi, Arbër Zeneli, Nathanaël Mbuku, Mitchell van Bergen, Kaj Sierhuis, Anastasios Donis, Moussa Doumbia, N'Dri Koffi, Noa Cervantes"
Montpellier HSC,Ligue 1,2021-2022,13,"Jonas Omlin, Dimitry Bertaud, Matis Carvalho, Maxime Estève, Nicolas Cozza, Redouane Halhal, Matheus Thuler, Enzo Tchato, Thibaut Vargas, Junior Sambia, Mihailo Ristic, Arnaud Souquet, Mathías Suárez, Mamadou Sakho, Pedro Mendes, Ambroise Oyongo, Marius Ros, Thibault Tamas, Joris Chotard, Léo Leroy, Téji Savanier, Rémy Cabella, Florent Mollet, Jordan Ferri, Gabriel Barès, Sacha Delaye, Elye Wahi, Stephy Mavididi, Gaëtan Laborde, Nicholas Gioacchini, Valère Germain, Yanis Guermouche, Béni Makouana, Ryan Bakayoko, Petar Skuletic, Andy Delort"
Angers SCO,Ligue 1,2021-2022,14,"Paul Bernardoni, Anthony Mandréa, Danijel Petkovic, Kévin Boma, Enzo Ebosse, Souleyman Doumbia, Abdoulaye Bamba, Ismaël Traoré, Romain Thomas, Ali Kalla, Vincent Manceau, Batista Mendy, Azzedine Ounahi, Angelo Fulgini, Nabil Bentaleb, Yassin Belkhdim, Sofiane Boufal, Waniss Taïbi, Daylam Meddah, Antonin Bobichon, Zinédine Ould Khaled, Pierrick Capelle, Mattéo Corduan, Thomas Mangani, Jimmy Cabot, Mohamed-Ali Cho, Frank Magri, Mathias Pereira Lage, Farid El Melali, Billal Brahimi, Marin Jakolis, Noah Fatar, Stéphane Bahoken, Sada Thioub, Casimir Ninga, Jason Mbock, Rachid Alioui, Guédé Nadje"
ESTAC Troyes,Ligue 1,2021-2022,15,"Gauthier Gallon, Sébastien Rénot, Ryan Bouallak, Jessy Moulin, Issa Kaboré, Giulian Biancone, Philippe Sandler, Yasser Larouci, Tanguy Zoukrou, Erik Palmer-Brown, Nathan Gassama, Abdu Conté, Yoann Salmier, Rudy Kohon, Youssouf Koné, Gabriel Mutombo, Eric N'Jo, Jimmy Giraudon, Mathis Hamdi, Benrandy Abdallah, Anas Namri, Lassine Soumaoro, Oualid El Hajjam, Adil Rami, Metinho, Filip Krastev, Dylan Chambost, Rominigue Kouamé, Luka Ilic, Derek Mazou-Sacko, Brandon Dominguès, Florian Tardieu, Xavier Chavalerin, Calvin Bombo, Bachir Diop, Tristan Dingomé, Karim Azamoum, Patrick Roberts, Mama Baldé, Iké Ugbo, Mykola Kukharevych, Lebo Mothiba, Mamadou Camara, Nassim Chadli, Renaud Ripart, Gerson Rodrigues, Alexis Lefebvre, Levi Lumeka, Yoann Touzghar, Hyun-jun Suk"
FC Lorient,Ligue 1,2021-2022,16,"Paul Nardi, Teddy Bartouche-Selbonne, Thomas Callens, Matthieu Dreyer, Moritz Jenz, Bamo Meïté, Léo Pétrot, Igor Silva, Julien Laporte, Loris Mouyokolo, Houboulang Mendes, Samuel Loric, Ronny Labonne, Thomas Fontaine, Jérôme Hergault, Jérémy Morel, Vincent Le Goff, Enzo Le Fée, Laurent Abergel, Théo Le Bris, Baptiste Mouazan, Quentin Boisgard, Bonke Innocent, Thomas Monconduit, Fabien Lemoine, Redwan Bourlès, Dango Ouattara, Armand Laurienté, Terem Moffi, Pablo Pagis, Sambou Soumano, Ibrahima Koné, Adrian Grbic, Stéphane Diarra, Pierre-Yves Hamel"
Clermont Foot 63,Ligue 1,2021-2022,17,"Arthur Desmas, Lucas Margueron, Ouparine Djoco, Alidu Seidu, Oliver Kamdem, Cédric Hountondji, Akim Zedadka, Julien Boyer, Vital Nsimba, Arial Mendy, Florent Ogier, Baptiste Boit, Karim Mohamed, Jean-Claude Billong, Josué Albert, Jérôme Phojo, Lucas Da Cunha, Salis Abdul Samed, Yohann Magnin, Saîf-Eddine Khaoui, Aïman Maurer, Uri Busquets, Johan Gastien, Yuliwes Bellache, Jonathan Iglesias, Fred Gnalega, Jason Berthomier, Naël Jaby, Mohamed Bayo, Jim Allevinah, Yadaly Diaby, Elbasan Rashani, Mathis Clairicia, Grejohn Kyei, Pierre-Yves Hamel, Bryan Teixeira, Jordan Tell, Jodel Dossou, Aboubakar Sidibé"
AS Saint-Étienne,Ligue 1,2021-2022,18,"Paul Bernardoni, Stefan Bajic, Etienne Green, Boubacar Fall, Harold Moukoudi, Saïdou Sow, Mickaël Nadé, Alpha Sissoko, Falaye Sacko, Yvann Maçon, Ahmed Sidibé, Miguel Trauco, Abdoulaye Bakayoko, Timothée Kolodziejczak, Eliaquim Mangala, Lucas Llort, Bryan Nokoue, Gabriel Silva, Mahdi Camara, Zaydou Youssouf, Lucas Gourna-Douath, Louis Mouton, Yvan Neyou, Aïmen Moueffek, Adil Aouchiche, Lucas Calodat, Assane Dioussé, Ryad Boudebouz, Bilal Benkhedim, Denis Bouanga, Jean-Philippe Krasso, Arnaud Nordin, Maxence Rivera, Ignacio Ramírez, Enzo Crivelli, Charles Abi, Sada Thioub, Lamine Ghezali, Mathys Saban, Yanis Lhéry, Bakary Sako, El Hadji Dièye, Wahbi Khazri, Romain Hamouma"
FC Metz,Ligue 1,2021-2022,19,"Alexandre Oukidja, Marc-Aurèle Caillard, Ousmane Ba, David Oberhauser, Sikou Niakaté, Matthieu Udol, Fali Candé, Kiki Kouyaté, William Mikelbrencis, Mamadou Fofana, Fabien Centonze, Dylan Bronn, Amadou Mbengue, Jemerson, Thomas Delaine, Lenny Lacroix, Sofiane Alakouch, Noah Zilliox, Jean-Armel Kana-Biyik, Manuel Cabit, Pape Matar Sarr, Boubacar Traoré, Danley Jean Jacques, Amine Bassi, Habib Maïga, Kévin N'Doram, Farid Boulaya, Ibrahim Amadou, Vincent Pajot, Warren Tchimbembé, Georges Mikautadze, Cheikh Sabaly, Lenny Joseph, Louis Mafouta, Papa Ndiaga Yade, Didier Lamkel Zé, Lamine Gueye, Opa Nguette, Vágner Dias, Nicolas de Préville, Ibrahima Niane"
FC Girondins Bordeaux,Ligue 1,2021-2022,20,"Gaëtan Poussin, Davy Rouyard, Guerric Bernou, Benoît Costil, Tidiane Malbec, Anel Ahmedhodzic, Gideon Mensah, Ricardo Mangas, Timothée Pembélé, Stian Gregersen, Loris Benito, Loïc Bessilé, Johaneko Louis-Jean, Enock Kwateng, Abdeldjalil Medioub, Aïssa Boudechicha, Marcelo, Mexer, Laurent Koscielny, Mohamed Aggoun, Paul Baysse, Raoul Bellanova, Yacine Adli, Toma Bašić, Otávio, Danylo Ignatenko, Issouf Sissokho, Jean Onana, Rémi Oudin, Tom Lacoux, Ui-jo Hwang, Rubén Pardo, Josuha Guilavogui, Johab Pascal, Emeric Depussay, Tijany Atallah, Fransérgio, Mehdi Zerkane, Dilane Bakwa, Josh Maja, Sékou Mara, Thibault Klidjé, Javairô Dilrosun, Samuel Kalu, M'Baye Niang, Logan Delaurier-Chaubet, Alberth Elis, Moudjatovic, Amadou Traoré, Jimmy Briand"
Paris Saint-Germain,Ligue 1,2022-2023,1,"Gianluigi Donnarumma, Sergio Rico, Keylor Navas, Lucas Lavallée, Alexandre Letellier, Achraf Hakimi, Nuno Mendes, Marquinhos, Nordi Mukiele, El Chadaille Bitshiabu, Abdou Diallo, Presnel Kimpembe, Danilo Pereira, Timothée Pembélé, Juan Bernat, Sergio Ramos, Nehemiah Fernandez, Hugo Lamy, Vitinha, Warren Zaïre-Emery, Fabián Ruiz, Marco Verratti, Neymar, Carlos Soler, Leandro Paredes, Renato Sanches, Idrissa Gueye, Ayman Kari, Serif Nhaga, Kylian Mbappé, Hugo Ekitiké, Arnaud Kalimuendo, Lionel Messi, Ismaël Gharbi, Mauro Icardi, Pablo Sarabia, Ilyes Housni"
RC Lens,Ligue 1,2022-2023,2,"Brice Samba, Wuilker Fariñez, Yannick Pandor, Jean-Louis Leca, Kevin Danso, Facundo Medina, Przemyslaw Frankowski, Christopher Wooh, Ismaëlo Ganiou, Jonathan Gradit, Deiver Machado, Ismaël Boura, Julien Le Cardinal, Massadio Haïdara, Steven Fortes, Alexis Claude-Maurice, Seko Fofana, Patrick Berg, David Da Costa, Angelo Fulgini, Salis Abdul Samed, Adrien Thomasson, Yaya Fofana, Lukasz Poreba, Jean Onana, Fodé Sylla, Gaël Kakuta, Yacouba Barry, Mamadou Camara, Nolan Bonte, Jimmy Cabot, Adrien Louveau, Loïs Openda, Adam Buksa, Wesley Saïd, Ignatius Ganago, Rémy Labeau Lascary, Florian Sotoca, Ibrahima Baldé"
Olympique Marseille,Ligue 1,2022-2023,3,"Pau López, Simon Ngapandouetnbu, Rubén Blanco, Leonardo Balerdi, Nuno Tavares, Sead Kolasinac, Jonathan Clauss, Issa Kaboré, Duje Caleta-Car, Isaak Touré, Chancel Mbemba, Pol Lirola, Eric Bailly, Samuel Gigot, Emran Soglo, Yakine Said M'Madi, Mattéo Guendouzi, Pape Gueye, Gerson, Azzedine Ounahi, Valentin Rongier, Amine Harit, Jordan Veretout, Ruslan Malinovskyi, Bartuğ Elmaz, Dimitri Payet, Esey Gebreyesus, Raimane Daou, Luis Suárez, Vitinha, Cengiz Ünder, Bamba Dieng, Arkadiusz Milik, Cédric Bakambu, Alexis Sánchez, Salim Ben Seghir, François Mughe"
Stade Rennais FC,Ligue 1,2022-2023,4,"Doğan Alemdar, Elias Damergy, Steve Mandanda, Romain Salin, Djed Spence, Loïc Badé, Arthur Theate, Adrien Truffert, Guela Doué, Joe Rodon, Jeanuël Belocian, Lorenz Assignon, Christopher Wooh, Warmed Omari, Hamari Traoré, Birger Meling, Léo Rouillé, Noah Françoise, Lesley Ugochukwu, Lovro Majer, Benjamin Bourigeaud, Baptiste Santamaria, Xeka, Flavien Tait, Gabriel Tutu, Désiré Doué, Jérémy Doku, Serhou Guirassy, Amine Gouiri, Arnaud Kalimuendo, Matthis Abline, Kamaldeen Sulemana, Martin Terrier, Gaëtan Laborde, Ibrahim Salah, Karl Toko Ekambi, Alan Do Marcolino"
LOSC Lille,Ligue 1,2022-2023,5,"Lucas Chevalier, Léo Jardim, Adam Jakubech, Tom Negrel, Benoît Costil, Leny Yoro, Bafodé Diakité, Alexsandro, Gabriel Gudmundsson, Tiago Djaló, Akim Zedadka, Ismaily, José Fonte, Abdoulaye Ousmane, Simon Ramet, Carlos Baleba, Angel Gomes, Yusuf Yazıcı, André Gomes, Benjamin André, Alan Virginius, Rémy Cabella, Jonas Martin, Mattéo Makhabe, Jonathan David, Timothy Weah, Edon Zhegrova, Jonathan Bamba, Mohamed Bayo, Adam Ounas, Isaac Lihadji, Ichem Ferrah, Amine Messoussa"
Monaco,Ligue 1,2022-2023,6,"Manuel Vallaurio, Marc Vassallo"
Olympique Lyon,Ligue 1,2022-2023,7,"Anthony Lopes, Kayne Bonnevie, Rémy Riou, Castello Lukeba, Malo Gusto, Mamadou Sarr, Saël Kumbedi, Nicolás Tagliafico, Sinaly Diomandé, Achraf Laâziri, Dejan Lovren, Henrique Silva, Damien Da Silva, Jérôme Boateng, Rayan Cherki, Lucas Paquetá, Maxence Caqueret, Corentin Tolisso, Houssem Aouar, Johann Lepenant, Romain Faivre, Thiago Mendes, Jeff Reine-Adélaïde, Mohamed El Arouch, Djibrail Dib, Bradley Barcola, Tetê, Moussa Dembélé, Alexandre Lacazette, Jeffinho, Amin Sarr, Tino Kadewere, Karl Toko Ekambi, Sekou Lega"
Clermont Foot 63,Ligue 1,2022-2023,8,"Mory Diaw, Lucas Margueron, Ouparine Djoco, Alidu Seidu, Neto Borges, Mateusz Wieteska, Cheick Oumar Konaté, Oliver Kamdem, Maximiliano Caufriez, Baïla Diallo, Arial Mendy, Mehdi Zeffane, Florent Ogier, Souleymane Cissé, Jean-Claude Billong, Muhammed Cham, Yohann Magnin, Yanis Massolin, Brandon Baiye, Saîf-Eddine Khaoui, Aïman Maurer, Johan Gastien, Stan Berkani, Jason Berthomier, Maxime Gonalons, Giovani Versini, Jim Allevinah, Komnen Andric, Elbasan Rashani, Grejohn Kyei, Jérémie Bela, Sofyan Chader, Jodel Dossou"
OGC Nice,Ligue 1,2022-2023,9,"Marcin Bulka, Kasper Schmeichel, Teddy Boulhendi, Enzo Garrido, Jean-Clair Todibo, Melvin Bard, Youssouf Ndayishimiye, Mads Bech Sørensen, Jordan Lotomba, Antoine Mendy, Mattia Viti, Youcef Atal, Flavius Daniliuc, Ayoub Amraoui, Joe Bryan, Dante, Yannis Nahounou, Khéphren Thuram, Alexis Claude-Maurice, Hicham Boudaoui, Reda Belahyane, Pablo Rosario, Mario Lemina, Calvin Stengs, Tom Louchet, Ross Barkley, Rareș Ilie, Aaron Ramsey, Alexis Beka Beka, Théo Trinker, Daouda Traoré, Andréa Dacourt, Amine Gouiri, Badredine Bouanani, Terem Moffi, Sofiane Diop, Nicolas Pépé, Gaëtan Laborde, Billal Brahimi, Andy Delort"
FC Lorient,Ligue 1,2022-2023,10,"Yvon Mvogo, Paul Nardi, Teddy Bartouche-Selbonne, Julian Pollersbeck, Vito Mannone, Chrislain Matsima, Montassar Talbi, Darlin Yongwa, Bamo Meïté, Gédéon Kalulu, Léo Pétrot, Igor Silva, Julien Laporte, Loris Mouyokolo, Samuel Loric, Aurélien Pelon, Vincent Le Goff, Maxime Wackers, Paul Mbelek, Enzo Le Fée, Romain Faivre, Jean-Victor Makengo, Julien Ponceau, Laurent Abergel, Théo Le Bris, Adil Aouchiche, Ayman Kari, Quentin Boisgard, Bonke Innocent, Paul Bellon, Dango Ouattara, Eli Kroupi, Armand Laurienté, Terem Moffi, Yoann Cathline, Pablo Pagis, Bamba Dieng, Adrian Grbic, Ibrahima Koné, Stéphane Diarra, Siriné Doucouré, Erwan Colas"
Stade Reims,Ligue 1,2022-2023,11,"Yehvann Diouf, Patrick Pentz, Alexandre Olliero, Soumaïla Sylla, Nicolas Penneteau, Florent Duparchy, Emmanuel Agbadou, Wout Faes, Bradley Locko, Moustapha Mbow, Thérence Koudou, Fallou Fall, Check Keita, Thibault De Smet, Ibrahim Diakité, Andreaw Gravillon, Maxime Busi, Thomas Foket, Yunis Abdelhamid, Valentin Atangana, Marshall Munetsi, Azor Matusiwa, Jens Cajuste, Kamory Doumbia, Dion Lopy, Martin Adeline, Alexis Flips, Samuel Koeberlé, Folarin Balogun, El Bilal Touré, Mamadou Diakhon, Rafik Guitane, Junya Ito, Mohamed Touré, Arbër Zeneli, Nathanaël Mbuku, Noah Holm, Mitchell van Bergen, Kaj Sierhuis, Myziane Maolida"
Montpellier HSC,Ligue 1,2022-2023,12,"Jonas Omlin, Benjamin Lecomte, Dimitry Bertaud, Bingourou Kamara, Matis Carvalho, Maxime Estève, Nicolas Cozza, Kiki Kouyaté, Redouane Halhal, Enzo Tchato, Falaye Sacko, Faitout Maouassa, Issiaga Sylla, Christopher Jullien, Théo Sainte-Luce, Arnaud Souquet, Ryan Tchato, Mathías Suárez, Mamadou Sakho, Pedro Mendes, Téo Allix, Thibault Tamas, Joris Chotard, Léo Leroy, Khalil Fayad, Téji Savanier, Jordan Ferri, Sacha Delaye, Matéo Loubatières, Edvin Bongemba, Elye Wahi, Stephy Mavididi, Arnaud Nordin, Valère Germain, Yanis Guermouche, Béni Makouana, Serigne Faye, Axel Guéguin, Wahbi Khazri"
FC Toulouse,Ligue 1,2022-2023,13,"Guillaume Restes, Maxime Dupé, Kjetil Haug, Thomas Himeur, Logan Costa, Christian Mawissa, Anthony Rouault, Gabriel Suazo, Rasmus Nicolaisen, Mikkel Desler, Kévin Keben, Moussa Diarra, Warren Kamanzi, Issiaga Sylla, Oliver Zandén, Ylies Aradj, Farès Chaïbi, Naatan Skyttä, Vincent Sierro, Branco van den Boomen, Stijn Spierings, Theocharis Tsingaras, Denis Genreau, Steve Mvoué, Brecht Dejaegere, Edhy Zuliani, Thijs Dallinga, Zakaria Aboukhlal, Veljko Birmancevic, Yanis Begraoui, Nathan Ngoumou, Rafael Ratão, Junior Flemmings, Ado Onaiwu, Said Hamulic, Rhys Healey, Bonota Traoré"
Stade Brestois 29,Ligue 1,2022-2023,14,"Marco Bizot, Grégoire Coudert, Joaquín Blázquez, Lilian Brassier, Bradley Locko, Brendan Chardonnet, Jean-Kévin Duverne, Noah Fadiga, Kenny Lala, Achraf Dari, Jere Uronen, Christophe Hérelle, Josué Escartin, Félix Lemaréchal, Mahdi Camara, Hugo Magnetti, Pierre Lees-Melou, Haris Belkebla, Karamoko Dembélé, Hianga'a Mbock, Franck Honorat, Romain Del Castillo, Mathias Pereira Lage, Irvin Cardona, Jérémy Le Douaron, Steve Mounié, Youcef Belaïli, Taïryk Arconte, Axel Camblan, Islam Slimani, Alberth Elis, Loïc Rémy"
RC Strasbourg Alsace,Ligue 1,2022-2023,15,"Robin Risser, Matz Sels, Alexandre Pierre, Eiji Kawashima, Ismaël Doukouré, Gerzino Nyamsi, Alexander Djiku, Marvin Senaya, Ronaël Pierre-Gabriel, Lucas Perrin, Frédéric Guilbert, Eduard Sobol, Colin Dagba, Thomas Delaine, Karol Fila, Franci Bouebari, Anas Nanah, Antoine Nuss, Maxime Le Marchand, Habib Diarra, Jean-Ricner Bellegarde, Adrien Thomasson, Morgan Sanson, Ibrahima Sissoko, Jean-Eudes Aholou, Sanjin Prcic, Jordan Robinand, Dimitri Liénard, Yuito Suzuki, Habib Diallo, Ludovic Ajorque, Lebo Mothiba, Nordine Kandil, Dany Jean, Tom Saettel, Kévin Gameiro"
FC Nantes,Ligue 1,2022-2023,16,"Alban Lafont, Rémy Descamps, Denis Petric, Nathan Zézé, Quentin Merlin, Jaouen Hadjam, Junior Diaz, João Victor, Jean-Charles Castelletto, Andrei Girotto, Fabien Centonze, Marcus Coco, Dennis Appiah, Nicolas Pallois, Robin Voisine, Charles Traoré, Mathieu Acapandié, Fábio, Sébastien Corchia, Pedro Chirivella, Santiago Eneme, Samuel Moutoussamy, Florent Mollet, Lohann Doucet, Gor Manvelyan, Moussa Sissoko, Mohamed Achi, Samuel Yépié Yépié, Evann Guessand, Ludovic Blas, Moses Simon, Mostafa Mohamed, Ignatius Ganago, Abdoul Kader Bamba, Stredair Appuah, Joe-Loïc Affamah, Andy Delort"
AJ Auxerre,Ligue 1,2022-2023,17,"Ionuț Radu, Donovan Léon, Théo De Percin, Benoît Costil, Vincenzo Cozzella, Gideon Mensah, Paul Joly, Isaak Touré, Jubal, Brayann Pereira, Raphaël Lipinski, Akim Zedadka, Théo Pellenard, Kenji-Van Boto, Alexandre Coeff, Quentin Bernard, Lamine Buhanga, Julian Jeanvier, Denys Bain, Kévin Danois, Han-Noah Massengo, Elisha Owusu, Rayan Raveloson, Hamza Sakhi, Birama Touré, Natanaël Bouekou, Youssouf M'Changama, Kays Ruiz-Atil, Ousoumane Camara, Mathias Autret, Matthis Abline, Lassine Sinayoko, Gaëtan Perrin, Gauthier Hein, Siriki Dembélé, M'Baye Niang, Nuno Da Costa, Ousmane Camara, Idjessi Metsoko, Gaëtan Charbonnier, Kylian Silvestre, Rémy Dugimont"
AC Ajaccio,Ligue 1,2022-2023,18,"François-Joseph Sollacaro, Benjamin Leroy, Ghjuvanni Quilichini, Oumar Gonzalez, Clément Vidal, Ismaël Diallo, Fernand Mayembo, Youssouf Koné, Tony Strata, Anthony Khelifa, Mohamed Youssouf, Victor Lebas, Mickaël Alphonse, Cédric Avinel, Chaker Alhadhur, Qazim Laci, Vincent Marchetti, Yanis Cimignani, Michaël Barreto, Paolo Lebas, Mehdi Puch, Mathieu Coutadeur, Alassane N'Diaye, Thomas Mangani, Florian Chabrolle, Youcef Belaïli, Kevin Spadanuda, Moussa Soumano, Moussa Djitté, Ben Hamed Touré, Mounaïm El Idrissy, Cyrille Bayala, Jean Botué, Ivane Chegra, Gaëtan Courtet, Bevic Moussiti-Oko, Riad Nouri, Yoann Touzghar, Romain Hamouma, Ruan Levine, Mamadu Silla"
ESTAC Troyes,Ligue 1,2022-2023,19,"Mateusz Lis, Gauthier Gallon, Corentin Michel, Jessy Moulin, Jackson Porozo, Tanguy Zoukrou, Yasser Larouci, Erik Palmer-Brown, Andreas Bruus, Abdu Conté, Yoann Salmier, Thierno Baldé, Rudy Kohon, Eric N'Jo, Mathis Hamdi, Adil Rami, Lucien Agoumé, Rominigue Kouamé, Derek Mazou-Sacko, Jeff Reine-Adélaïde, Ante Palaversa, Florian Tardieu, Danel Dongmo, Ryan Fage, Alexis Tibidi, Xavier Chavalerin, Tristan Dingomé, Wilson Odobert, Mama Baldé, Iké Ugbo, Mykola Kukharevych, Rony Lopes, Kyliane Dong, Marlos Moreno, Amar Fatah, Papa Ndiaga Yade, Renaud Ripart, Alexis Lefebvre, Yoann Beaka, Levi Lumeka, Yoann Touzghar"
Angers SCO,Ligue 1,2022-2023,20,"Yahia Fofana, Paul Bernardoni, Melvin Zinga, Théo Borne, Ousmane Camara, Lilian Raolisoa, Yan Valery, Cédric Hountondji, Souleyman Doumbia, Miha Blazic, Abdoulaye Bamba, Faouzi Ghoulam, Ilyes Chetti, Halid Sabanovic, Yacine Gaya, Demba N'Diaye, Ismaël Dramé, Ali Kalla, Demba N'Diaye, Azzedine Ounahi, Batista Mendy, Himad Abdelli, Nabil Bentaleb, Yassin Belkhdim, Sofiane Boufal, Waniss Taïbi, Ibrahim Amadou, Antonin Bobichon, Zinédine Ould Khaled, Salim Akkal, Pierrick Capelle, Jean-Mattéo Bahoya, Abdallah Sima, Farid El Melali, Amine Salama, Marin Jakolis, Justin Kalumba, Loïs Diony, Adrien Hunou, Sada Thioub, Jason Mbock, Guédé Nadje, Ibrahima Niane, Ulrick Eneme-Ella"
Paris Saint-Germain,Ligue 1,2023-2024,1,"Gianluigi Donnarumma, Arnau Tenas, Sergio Rico, Keylor Navas, Louis Mouquet, Alexandre Letellier, Achraf Hakimi, Nuno Mendes, Marquinhos, Lucas Hernández, Lucas Beraldo, Nordi Mukiele, Joane Gadou, Milan Škriniar, Presnel Kimpembe, Danilo Pereira, Yoram Zague, Layvin Kurzawa, Vitinha, Warren Zaïre-Emery, Fabián Ruiz, Senny Mayulu, Manuel Ugarte, Kang-in Lee, Marco Asensio, Ethan Mbappé, Carlos Soler, Cher Ndour, Serif Nhaga, Kylian Mbappé, Ousmane Dembélé, Hugo Ekitiké, Bradley Barcola, Gonçalo Ramos, Randal Kolo Muani, Ismaël Gharbi"
Stade Brestois 29,Ligue 1,2023-2024,3,"Marco Bizot, Grégoire Coudert, Yan Marillat, Lilian Brassier, Bradley Locko, Brendan Chardonnet, Luck Zogbé, Kenny Lala, Julien Le Cardinal, Achraf Dari, Jordan Amavi, Christophe Hérelle, Josué Escartin, Antonin Cartillier, Tommy Le Verge, Mahdi Camara, Kamory Doumbia, Hugo Magnetti, Pierre Lees-Melou, Karamoko Dembélé, Adrien Lebeau, Hianga'a Mbock, Jonas Martin, Romain Del Castillo, Martín Satriano, Mathias Pereira Lage, Jérémy Le Douaron, Steve Mounié, Billal Brahimi, Axel Camblan, Djibril Konté"
LOSC Lille,Ligue 1,2023-2024,4,"Lucas Chevalier, Lisandru Olmeta, Vito Mannone, Adam Jakubech, Tom Negrel, Mohamed-Amine Ezzarhouni, Leny Yoro, Bafodé Diakité, Alexsandro, Gabriel Gudmundsson, Tiago Santos, Tiago Djaló, Akim Zedadka, Ismaily, Vincent Burlet, Rafael Fernandes, Ousmane Touré, Samuel Umtiti, Carlos Baleba, Ayyoub Bouaddi, Hákon Arnar Haraldsson, Angel Gomes, Nabil Bentaleb, Yusuf Yazıcı, Benjamin André, Alan Virginius, Rémy Cabella, Ignacio Miramón, Lilian Baret, Jonathan David, Edon Zhegrova, Andrej Ilic, Tiago Morais, Adam Ounas, Ichem Ferrah, Aaron Malouda, Ivan Cavaleiro, Trévis Dago, Amine Messoussa, Joffrey Bazié, Adame Faïz"
OGC Nice,Ligue 1,2023-2024,5,"Marcin Bulka, Maxime Dupé, Salvatore Sirigu, Teddy Boulhendi, Jean-Clair Todibo, Melvin Bard, Youssouf Ndayishimiye, Romain Perraud, Jordan Lotomba, Antoine Mendy, Robson Bambu, Valentin Rosier, Youcef Atal, Ayoub Amraoui, Dante, Amidou Doumbouya, Yannis Nahounou, Khéphren Thuram, Alexis Claude-Maurice, Hicham Boudaoui, Reda Belahyane, Pablo Rosario, Tom Louchet, Morgan Sanson, Alexis Beka Beka, Issiaga Camara, Daouda Traoré, Sami Wattel, Evann Guessand, Badredine Bouanani, Mohamed-Ali Cho, Terem Moffi, Sofiane Diop, Jérémie Boga, Gaëtan Laborde, Billal Brahimi, Aliou Baldé, Kaïl Boudache"
Olympique Lyon,Ligue 1,2023-2024,6,"Lucas Perri, Anthony Lopes, Mathieu Patouillet, Justin Bengui, Rémy Riou, Mamadou Sarr, Jake O'Brien, Ainsley Maitland-Niles, Saël Kumbedi, Nicolás Tagliafico, Sinaly Diomandé, Adryelson, Clinton Mata, Duje Caleta-Car, Dejan Lovren, Henrique Silva, Rayan Cherki, Diego Moreira, Maxence Caqueret, Corentin Tolisso, Orel Mangala, Johann Lepenant, Skelly Alvero, Mahamadou Diawara, Nemanja Matić, Jeff Reine-Adélaïde, Paul Akouokou, Mohamed El Arouch, Chaïm El Djebali, Bradley Barcola, Malick Fofana, Ernest Nuamah, Saïd Benrahma, Gift Orban, Alexandre Lacazette, Jeffinho, Mama Baldé, Amin Sarr, Tino Kadewere"
RC Lens,Ligue 1,2023-2024,7,"Brice Samba, Wuilker Fariñez, Yannick Pandor, Jean-Louis Leca, Abdukodir Khusanov, Kevin Danso, Facundo Medina, Przemyslaw Frankowski, Ruben Aguilar, Jhoanner Chávez, Jonathan Gradit, Deiver Machado, Julien Le Cardinal, Tom Pouilly, Faitout Maouassa, Massadio Haïdara, Keny Mbala, Neil El Aynaoui, Andy Diouf, David Da Costa, Angelo Fulgini, Salis Abdul Samed, Adrien Thomasson, Stijn Spierings, Nampalys Mendy, Fodé Sylla, Ayanda Sishuba, Noah Diliberto, Adam Abeddou, Jimmy Cabot, Nolan Bonte, Elye Wahi, Wesley Saïd, Morgan Guilavogui, Óscar Cortés, Florian Sotoca, Anthony Bermont, Ibrahima Baldé"
Olympique Marseille,Ligue 1,2023-2024,8,"Pau López, Simon Ngapandouetnbu, Rubén Blanco, Jelle Van Neck, Leonardo Balerdi, Quentin Merlin, Renan Lodi, Amir Murillo, Jonathan Clauss, Bamo Meïté, Ulisses Garcia, Isaak Touré, Chancel Mbemba, Samuel Gigot, Roggerio Nyakossi, Emran Soglo, Brice Negouai, Yakine Said M'Madi, Stéphane Sparagna, Amay Caprice, Léo Jousselin, Mattéo Guendouzi, Luis Henrique, Pape Gueye, Azzedine Ounahi, Valentin Rongier, Bilal Nadir, Amine Harit, Geoffrey Kondogbia, Darryl Bakola, Jordan Veretout, Jean Onana, Noam Mayoka-Tika, Paolo Sciortino, Raimane Daou, Alexandre Tunkadi, Gaël Lafont, Iliman Ndiaye, Ismaïla Sarr, Vitinha, Cengiz Ünder, Faris Moumbagna, Pierre-Emerick Aubameyang, Joaquín Correa, François Mughe, Keyliane Abdallah, Iuri Moreira, Sofiane Sidi Ali, Alexis Kabamba"
Stade Reims,Ligue 1,2023-2024,9,"Yehvann Diouf, Alexandre Olliero, Ludovic Butelle, Emmanuel Agbadou, Nhoa Sangui, Abdoul Koné, Joseph Okumu, Sergio Akieme, Thérence Koudou, Fallou Fall, Josh Wilson-Esbrand, Check Keita, Thibault De Smet, Ibrahim Diakité, Maxime Busi, Thomas Foket, Yunis Abdelhamid, Arthur Tchaptchet, Killian Prouchet, Valentin Atangana, Marshall Munetsi, Azor Matusiwa, Kamory Doumbia, Amadou Koné, Amir Richardson, Yaya Fofana, Teddy Teuma, Reda Khadra, Benjamin Stambouli, Samuel Koeberlé, Keito Nakamura, Oumar Diakité, Mamadou Diakhon, Junya Ito, Mohamed Daramy, Amine Salama, Adama Bojang, Christ Letono, Ike Orazi"
Stade Rennais FC,Ligue 1,2023-2024,10,"Gauthier Gallon, Geoffrey Lembet, Steve Mandanda, Yann Batola, Arthur Theate, Adrien Truffert, Jérémy Jacquet, Guela Doué, Jeanuël Belocian, Lorenz Assignon, Alidu Seidu, Christopher Wooh, Warmed Omari, Birger Meling, Mahamadou Nagida, Rayan Bamba, Mohamed Jaouab, Enzo Le Fée, Lovro Majer, Djaoui Cissé, Azor Matusiwa, Fabian Rieder, Benjamin Bourigeaud, Baptiste Santamaria, Nemanja Matić, Flavien Tait, Désiré Doué, Jérémy Doku, Amine Gouiri, Arnaud Kalimuendo, Matthis Abline, Ludovic Blas, Martin Terrier, Bertuğ Yıldırım, Ibrahim Salah, Mathis Lambourde"
FC Toulouse,Ligue 1,2023-2024,11,"Guillaume Restes, Álex Domínguez, Thomas Himeur, Justin Lacombe, Logan Costa, Christian Mawissa, Anthony Rouault, Gabriel Suazo, Rasmus Nicolaisen, Mikkel Desler, Kévin Keben, Warren Kamanzi, Moussa Diarra, Oliver Zandén, Ylies Aradj, Nicolas Wasbauer, Farès Chaïbi, Cristian Cásseres Jr., Aron Dønnum, Naatan Skyttä, Vincent Sierro, César Gelabert, Niklas Schmidt, Stijn Spierings, Rafik Messali, Denis Genreau, Kléri Serber, Edhy Zuliani, Noah Lahmadi, Thijs Dallinga, Yann Gboho, Zakaria Aboukhlal, Yanis Begraoui, Frank Magri, Noah Edjouma, Shavy Babicka, Ibrahim Cissoko, Mamady Bangré, Bonota Traoré"
Montpellier HSC,Ligue 1,2023-2024,12,"Benjamin Lecomte, Dimitry Bertaud, Belmin Dizdarevic, Maxime Estève, Becir Omeragic, Kiki Kouyaté, Modibo Sagnan, Enzo Tchato, Falaye Sacko, Issiaga Sylla, Lucas Mincarelli, Christopher Jullien, Théo Sainte-Luce, Silvan Hefti, Mamadou Sakho, Téo Allix, Joris Chotard, Léo Leroy, Khalil Fayad, Téji Savanier, Théo Chennahi, Jordan Ferri, Sacha Delaye, Elye Wahi, Akor Adams, Mousa Tamari, Kelvin Yeboah, Arnaud Nordin, Yann Karamoh, Tanguy Coulibaly, Othmane Maamma, Yanis Guermouche, Serigne Faye, Axel Guéguin, Junior Ndiaye, Yanis Issoufou, Wahbi Khazri"
RC Strasbourg Alsace,Ligue 1,2023-2024,13,"Matz Sels, Alexandre Pierre, Alaa Bellaarouch, Matthieu Dreyer, Ismaël Doukouré, Gerzino Nyamsi, Saïdou Sow, Abakar Sylla, Marvin Senaya, Lucas Perrin, Frédéric Guilbert, Eduard Sobol, Thomas Delaine, Steven Baseya, Maxime Bastian, Karol Fila, Elies Araar Fernandez, Andrey Santos, Habib Diarra, Jean-Ricner Bellegarde, Samir El Mourabet, Junior Mwanga, Ibrahima Sissoko, Jessy Deminguet, Rabby Nzingoula, Jean-Eudes Aholou, Sanjin Prcic, Tidiane Diallo, Dilane Bakwa, Emmanuel Emegha, Ângelo, Lebo Mothiba, Moïse Sahi Dion, Jérémy Sebas, Patrick Ouotro, Aboubacar Ali, Mohamed Bechikh, Tom Saettel, Kévin Gameiro"
FC Nantes,Ligue 1,2023-2024,14,"Alban Lafont, Rémy Descamps, Hugo Barbet, Denis Petric, Nathan Zézé, Quentin Merlin, Jaouen Hadjam, Junior Diaz, Bastien Meupiyou, Jean-Charles Castelletto, Nicolas Cozza, Jean-Kévin Duverne, Ronaël Pierre-Gabriel, Kelvin Amian, Eray Cömert, Fabien Centonze, Marcus Coco, Nicolas Pallois, Robin Voisine, Yannis M'Bemba, Hugo Boutsingkham, Enzo Mongo, Douglas Augusto, Pedro Chirivella, Dehmaine Tabibou, Samuel Moutoussamy, Florent Mollet, Lamine Diack, Moussa Sissoko, Mohamed Achi, Mathis Oger, Matthis Abline, Bénie Traoré, Moses Simon, Marquinhos, Mostafa Mohamed, Adson, Ignatius Ganago, Tino Kadewere, Abdoul Kader Bamba, Stredair Appuah, Adel Mahamoud, Joe-Loïc Affamah"
Le Havre AC,Ligue 1,2023-2024,15,"Arthur Desmas, Mohamed Koné, Mathieu Gorgelin, Paul Argney, Arouna Sangante, Christopher Operi, Gautier Lloris, Étienne Youté Kinkoué, Aliou Thiaré, Yoann Salmier, Loïc Nego, Yoni Gomis, Cheick Doumbia, Oualid El Hajjam, Oussama Targhalline, Yassine Kechta, Rassoul Ndiaye, Daler Kuzyaev, Abdoulaye Touré, Nabil Alioui, Simon Ebonog, Aloïs Confais, Nolan Mbemba, Mathéo Bodmer, Mokrane Bentoumi, Issa Soumaré, Josué Casimir, Mohamed Bayo, Emmanuel Sabbi, Antoine Joujou, Steve Ngoura, Samuel Grandsir, Kandet Diawara, André Ayew, Elysée Logbo"
FC Lorient,Ligue 1,2023-2024,16,"Yvon Mvogo, Alfred Gomis, Vito Mannone, Dominique Youfeigane, Montassar Talbi, Bamo Meïté, Darlin Yongwa, Isaak Touré, Formose Mendy, Gédéon Kalulu, Nathaniel Adjei, Igor Silva, Julien Laporte, Benjamin Mendy, Loris Mouyokolo, Enzo Genton, Aurélien Pelon, Gino Caoki, Vincent Le Goff, Imrân Louza, Arthur Avom, Romain Faivre, Jean-Victor Makengo, Julien Ponceau, Panos Katseris, Laurent Abergel, Théo Le Bris, Dembo Sylla, Ayman Kari, Tiemoué Bakayoko, Quentin Boisgard, Bonke Innocent, Carmel Mabanza, Eli Kroupi, Badredine Bouanani, Pablo Pagis, Mohamed Bamba, Aiyegun Tosin, Joel Mvuka, Bamba Dieng, Adrian Grbic, Ibrahima Koné, Siriné Doucouré, Royce Openda, Bassirou N'Diaye"
FC Metz,Ligue 1,2023-2024,17,"Guillaume Dietsch, Alexandre Oukidja, Marc-Aurèle Caillard, Matthieu Udol, Sadibou Sané, Fali Candé, Koffi Kouao, Kevin Van Den Kerkhof, Aboubacar Lô, Albin Demouchy, Christophe Hérelle, Maxime Colin, Sofiane Alakouch, Ismaël Traoré, Charles Divialle, Lamine Camara, Arthur Atta, Danley Jean Jacques, Habib Maïga, Kévin N'Doram, Ablie Jallow, Youssef Maziz, Sami Lahssaini, Jean N'Guessan, Joseph Nduquidi, Warren Tchimbembé, Georges Mikautadze, Papa Amadou Diallo, Óscar Estupiñán, Cheikh Sabaly, Simon Elisor, Benjamin Tetteh, Joel Asoro, Ibou Sané, Maïdine Douane, Malick Mbaye, Didier Lamkel Zé"
Clermont Foot 63,Ligue 1,2023-2024,18,"Mory Diaw, Massamba N'Diaye, Théo Ramousse, Théo Borne, Chrislain Matsima, Jérémy Jacquet, Alidu Seidu, Neto Borges, Andy Pelmard, Mateusz Wieteska, Cheick Oumar Konaté, Maximiliano Caufriez, Ivan M'Bahia, Mehdi Zeffane, Florent Ogier, Yoël Armougom, Mohamed Sylla, Muhammed Cham, Alan Virginius, Habib Keïta, Yohann Magnin, Aïman Maurer, Abdellah Baallal, Johan Gastien, Stan Berkani, Maxime Gonalons, Adam Mabrouk, Shamar Nicholson, Bilal Boutobba, Jim Allevinah, Komnen Andric, Ilhan Fakili, Elbasan Rashani, Grejohn Kyei, Mohamed-Amine Bouchenna, Jérémie Bela"
Paris Saint-Germain,Ligue 1,2024-2025,1,"Gianluigi Donnarumma, Matvey Safonov, Arnau Tenas, Louis Mouquet, Achraf Hakimi, Nuno Mendes, Willian Pacho, Marquinhos, Lucas Beraldo, Lucas Hernández, Milan Škriniar, Axel Tape, Presnel Kimpembe, Yoram Zague, Naoufel El Hannach, Noham Kamara, Vitinha, João Neves, Warren Zaïre-Emery, Fabián Ruiz, Senny Mayulu, Kang-in Lee, Marco Asensio, Carlos Soler, Gabriel Moscardo, Wassim Slama, Ousmane Dembélé, Khvicha Kvaratskhelia, Désiré Doué, Bradley Barcola, Gonçalo Ramos, Randal Kolo Muani, Ibrahim Mbaye, Quentin Ndjantou"
Olympique Marseille,Ligue 1,2024-2025,2,"Gerónimo Rulli, Jeffrey de Lange, Rubén Blanco, Jelle Van Neck, Leonardo Balerdi, Amar Dedić, Quentin Merlin, Lilian Brassier, Amir Murillo, Bamo Meïté, Derek Cornelius, Luiz Felipe, Ulisses Garcia, Chancel Mbemba, Pol Lirola, Roggerio Nyakossi, Rony Mimb Baheng, Alexi Koum, Luis Henrique, Adrien Rabiot, Pierre-Emile Højbjerg, Ismaël Koné, Valentín Carboni, Valentin Rongier, Ismaël Bennacer, Bilal Nadir, Amine Harit, Geoffrey Kondogbia, Darryl Bakola, Enzo Sternal, Gaël Lafont, Mason Greenwood, Amine Gouiri, Jonathan Rowe, Elye Wahi, Robinio Vaz, Faris Moumbagna, Neal Maupay, Salim Ben Seghir, Keyliane Abdallah"
OGC Nice,Ligue 1,2024-2025,4,"Marcin Bulka, Maxime Dupé, Teddy Boulhendi, Bartosz Zelazowski, Melvin Bard, Youssouf Ndayishimiye, Moïse Bombito, Jordan Lotomba, Jonathan Clauss, Antoine Mendy, Mohamed Abdelmonem, Ali Abdi, Dante, Amidou Doumbouya, Yaël Nandjou, Iliesse Salhi, Laurenzo Monteiro, Mousslim Youssouf, Hicham Boudaoui, Pablo Rosario, Tom Louchet, Baptiste Santamaria, Morgan Sanson, Tanguy Ndombélé, Rareș Ilie, Djibril Coulibaly, Daouda Traoré, Issiaga Camara, Everton, Evann Guessand, Badredine Bouanani, Mohamed-Ali Cho, Terem Moffi, Sofiane Diop, Jérémie Boga, Youssoufa Moukoko, Gaëtan Laborde, Billal Brahimi, Victor Orakpo, Bernard Nguene, Farès Bousnina"
LOSC Lille,Ligue 1,2024-2025,5,"Lucas Chevalier, Lisandru Olmeta, Vito Mannone, Marc-Aurèle Caillard, Bafodé Diakité, Alexsandro, Gabriel Gudmundsson, Tiago Santos, Thomas Meunier, Aïssa Mandi, Akim Zedadka, Ismaily, Rafael Fernandes, Vincent Burlet, Ousmane Touré, Isaac Cossier, Samuel Umtiti, Morgan Costarelli, Ayyoub Bouaddi, Hákon Arnar Haraldsson, Angel Gomes, Ngal'ayel Mukau, Ethan Mbappé, Nabil Bentaleb, André Gomes, Mitchel Bakker, Benjamin André, Ugo Raghouber, Rémy Cabella, Lilian Baret, Jonathan David, Matías Fernández-Pardo, Edon Zhegrova, Osame Sahraoui, Andrej Ilic, Chuba Akpom, Mohamed Bayo, Aaron Malouda, Soriba Diaoune, Younes Lachaab"
Olympique Lyon,Ligue 1,2024-2025,6,"Lucas Perri, Rémy Descamps, Anthony Lopes, Justin Bengui, Lassine Diarra, Matthias da Silva, Moussa Niakhaté, Ainsley Maitland-Niles, Saël Kumbedi, Abner, Nicolás Tagliafico, Adryelson, Clinton Mata, Warmed Omari, Duje Caleta-Car, Téo Barišić, Rayan Cherki, Maxence Caqueret, Corentin Tolisso, Tanner Tessmann, Orel Mangala, Mathys De Carvalho, Jordan Veretout, Mahamadou Diawara, Nemanja Matić, Paul Akouokou, Malick Fofana, Georges Mikautadze, Thiago Almada, Ernest Nuamah, Saïd Benrahma, Gift Orban, Alexandre Lacazette, Wilfried Zaha, Mama Baldé, Enzo Molebe, Alejandro Gomes Rodríguez"
RC Strasbourg Alsace,Ligue 1,2024-2025,7,"Djordje Petrovic, Robin Risser, Alaa Bellaarouch, Karl-Johan Johnsson, Mamadou Sarr, Guela Doué, Ismaël Doukouré, Caleb Wiley, Andrew Omobamidele, Saïdou Sow, Marvin Senaya, Abakar Sylla, Eduard Sobol, Thomas Delaine, Yoni Gomis, Karol Fila, Amadou Cissé, Sacha Lung, Andrey Santos, Habib Diarra, Valentín Barco, Diego Moreira, Sebastian Nanasi, Félix Lemaréchal, Samir El Mourabet, Junior Mwanga, Rabby Nzingoula, Pape Diong, Tidiane Diallo, Dilane Bakwa, Emmanuel Emegha, Abdoul Ouattara, Samuel Amo-Ameyaw, Milos Lukovic, Sékou Mara, Óscar Perea, Rayane Messi, Nordine Kandil, Moïse Sahi Dion, Jérémy Sebas, Zoumana Diallo, Ghianny Kodia"
RC Lens,Ligue 1,2024-2025,8,"Brice Samba, Hervé Koffi, Mathew Ryan, Denis Petric, Roman Karolewicz, Adam Delplace, Ilan Jourdren, Abdukodir Khusanov, Kevin Danso, Facundo Medina, Malang Sarr, Przemyslaw Frankowski, Juma Bah, Ismaëlo Ganiou, Ruben Aguilar, Jhoanner Chávez, Jonathan Gradit, Deiver Machado, Nidal Celik, Tom Pouilly, Massadio Haïdara, Souleymane Sagnan, Kyllian Antonio, Oscar Lenne, Neil El Aynaoui, Andy Diouf, David Da Costa, Angelo Fulgini, Adrien Thomasson, Nampalys Mendy, Hamzat Ojediran, Anass Zaroury, M'Bala Nzola, Martín Satriano, Rayan Fofana, Jeremy Agbonifo, Wesley Saïd, Goduine Koyalipou, Rémy Labeau Lascary, Florian Sotoca, Kembo Diliwidi, Gabin Capuano, Hervé Boua Dié"
Stade Brestois 29,Ligue 1,2024-2025,9,"Marco Bizot, Grégoire Coudert, Noah Jauny, Soumaïla Coulibaly, Bradley Locko, Abdoulaye Ndiaye, Brendan Chardonnet, Luck Zogbé, Kenny Lala, Julien Le Cardinal, Achraf Dari, Jordan Amavi, Massadio Haïdara, Justin Bourgault, Raphaël Le Guen, Paris Irie, Mahdi Camara, Kamory Doumbia, Hugo Magnetti, Pierre Lees-Melou, Romain Faivre, Edimilson Fernandes, Hamidou Makalou, Hianga'a Mbock, Jonas Martin, Noan Geraux, Romain Del Castillo, Abdallah Sima, Mama Baldé, Ludovic Ajorque, Mathias Pereira Lage, Jérémy Le Douaron, Ibrahim Salah, Axel Camblan, Saliou Diop, Léo Botz, Ibrahim Yayiya Kanté"
FC Toulouse,Ligue 1,2024-2025,10,"Guillaume Restes, Mathys Niflore, Kjetil Haug, Álex Domínguez, Justin Lacombe, Jaydee Canvot, Logan Costa, Charlie Cresswell, Dayann Methalie, Gabriel Suazo, Mark McKenzie, Rasmus Nicolaisen, Ümit Akdağ, Warren Kamanzi, Djibril Sidibé, Ylies Aradj, Cristian Cásseres Jr., Naatan Skyttä, Aron Dønnum, Vincent Sierro, Niklas Schmidt, Miha Zajc, Denis Genreau, Rafik Messali, Edhy Zuliani, Mathis Saka, Yann Gboho, Zakaria Aboukhlal, Frank Magri, Noah Edjouma, Joshua King, Shavy Babicka, Mamady Bangré, Ilyas Azizi"
AJ Auxerre,Ligue 1,2024-2025,11,"Donovan Léon, Théo De Percin, Tom Negrel, Raphaël Adiceam, Clément Akpa, Ki-Jana Hoever, Sinaly Diomandé, Gideon Mensah, Paul Joly, Jubal, Gabriel Osho, Telli Siwe, Fredrik Oppegård, Théo Pellenard, Saad Agouzoul, Marvyn Muzungu, Neil Glossoa, Madiou Keita, Victor Mayela, Ange Loïc N'Gatta, Kévin Danois, Han-Noah Massengo, Elisha Owusu, Rudy Matondo, Rayan Raveloson, Assane Dioussé, Nathan Buayi-Kiala, Yoann Cissé, Ben Viadere, Hamed Traoré, Lassine Sinayoko, Gaëtan Perrin, Theo Bair, Aristide Zossou, Florian Ayé, Lasso Coulibaly, Ado Onaiwu, Eros Maddy"
Stade Rennais FC,Ligue 1,2024-2025,12,"Brice Samba, Doğan Alemdar, Gauthier Gallon, Geoffrey Lembet, Steve Mandanda, Adrien Truffert, Jérémy Jacquet, Lorenz Assignon, Leo Østigård, Abdelhamid Ait Boudlal, Lilian Brassier, Anthony Rouault, Mikayil Faye, Alidu Seidu, Christopher Wooh, Warmed Omari, Hans Hateboer, Mahamadou Nagida, Djaoui Cissé, Ismaël Koné, Azor Matusiwa, Albert Grønbæk, Seko Fofana, Jordan James, Benjamin Bourigeaud, Baptiste Santamaria, Naouirou Ahamada, Glen Kamara, Ayanda Sishuba, Joël-Emmanuel Coulibaly, Henrick Do Marcolino, Amine Gouiri, Arnaud Kalimuendo, Ludovic Blas, Kader Meïté, Jota, Kyogo Furuhashi, Mousa Tamari, Henrik Meister, Kazeem Olaigbe, Andrés Gómez, Wilson Samaké, Alan Do Marcolino"
FC Nantes,Ligue 1,2024-2025,13,"Alban Lafont, Anthony Lopes, Patrik Carlgren, Hugo Barbet, Nathan Zézé, Jean-Charles Castelletto, Nicolas Cozza, Saïdou Sow, Jean-Kévin Duverne, Kelvin Amian, Jean-Philippe Gbamin, Fabien Centonze, Marcus Coco, Nicolas Pallois, Sékou Doucouré, Mathieu Acapandié, Enzo Mongo, Louis Leroux, Douglas Augusto, Johann Lepenant, Pedro Chirivella, Dehmaine Tabibou, Florent Mollet, Francis Coquelin, Matthis Abline, Sorba Thomas, Moses Simon, Herba Guirassy, Mostafa Mohamed, Meschack Elia, Ignatius Ganago, Tino Kadewere, Plamedi Nsingi, Adel Mahamoud"
Angers SCO,Ligue 1,2024-2025,14,"Yahia Fofana, Melvin Zinga, Oumar Pona, Jacques Ekomié, Ousmane Camara, Emmanuel Biumla, Carlens Arcus, Lilian Raolisoa, Jordan Lefort, Cédric Hountondji, Abdoulaye Bamba, Florent Hanin, Halid Sabanovic, Marius Louër, Yacine Gaya, Himad Abdelli, Yassin Belkhdim, Jean-Eudes Aholou, Haris Belkebla, Marius Courcoul, Zinédine Ould Khaled, Joseph Lopy, Pierrick Capelle, Enzo Caumont, Amine Moussaoui, Estéban Lepaul, Sidiki Chérif, Prosper Peter, Farid El Melali, Bamba Dieng, Jim Allevinah, Loïs Diony, Justin Kalumba, Zinedine Ferhat, Lanroy Machine, Adrien Hunou, Ibrahima Niane, Willsem Boussaid"
Le Havre AC,Ligue 1,2024-2025,15,"Arthur Desmas, Mathieu Gorgelin, Alex Teixeira, Gabriel Guri, Arouna Sangante, Christopher Operi, Gautier Lloris, Étienne Youté Kinkoué, Timothée Pembélé, Yanis Zouaoui, Fodé Ballo-Touré, Yoann Salmier, Loïc Nego, Stephan Zagadou, Oualid El Hajjam, Oussama Targhalline, Junior Mwanga, Yassine Kechta, Rassoul Ndiaye, Daler Kuzyaev, Abdoulaye Touré, Mahamadou Diawara, Aloïs Confais, Mathéo Bodmer, Ismaïl Bouneb, Daren Mosengo, Hernâni Mendes Vaz, Guy-Noël Zohouri, Issa Soumaré, Josué Casimir, Emmanuel Sabbi, Steve Ngoura, Antoine Joujou, Samuel Grandsir, Ahmed Hassan, Kandet Diawara, André Ayew, Enzo Kana-Biyik, Elysée Logbo, Yann Kitala, Ilyes Housni, Ruben Londja"
Stade Reims,Ligue 1,2024-2025,16,"Yehvann Diouf, Alexandre Olliero, Ludovic Butelle, Emmanuel Agbadou, Joseph Okumu, Sergio Akieme, Nhoa Sangui, Abdoul Koné, Aurélio Buta, Thibault De Smet, Cédric Kipré, Malcolm Jeng, Hiroki Sekine, Maxime Busi, Mohamed Ali Diadié, Kobi Henry, Valentin Atangana, Marshall Munetsi, Gabriel Moscardo, Amadou Koné, Martial Tia, Mory Gbane, Martin Adeline, Mohamed Bamba, Patrick Zabi, Yaya Fofana, Teddy Teuma, Reda Khadra, John Patrick, Keito Nakamura, Oumar Diakité, Mamadou Diakhon, Junya Ito, Mohamed Daramy, Jordan, Amine Salama, Adama Bojang, Hafiz Umar Ibrahim, Pape Sissoko, Ike Orazi"
AS Saint-Étienne,Ligue 1,2024-2025,17,"Gautier Larsonneur, Brice Maubleu, Boubacar Fall, Issiaka Touré, Mickaël Nadé, Maxime Bernauer, Léo Pétrot, Yvann Maçon, Pierre Cornud, Dennis Appiah, Dylan Batubinsika, Beres Owusu, Anthony Briançon, Yunis Abdelhamid, Marwann Nzuzi, Kévin Pedro, Maedine Makhloufi, Mathis Amougou, Benjamin Bouchouari, Pierre Ekwah, Louis Mouton, Igor Miladinovic, Aïmen Moueffek, Lamine Fomba, Florian Tardieu, Cheikh Fall, Antoine Gauthier, Jebryl Sahraoui, Lucas Stassin, Zuriko Davitashvili, Augustine Boakye, Irvin Cardona, Mathieu Cafaro, Djylian N'Guessan, Ibrahim Sissoko, Ben Old, Ibrahima Wadji, Ayman Aiki, Jibril Othman"
Montpellier HSC,Ligue 1,2024-2025,18,"Benjamin Lecomte, Dimitry Bertaud, Belmin Dizdarevic, Bamo Meïté, Becir Omeragic, Kiki Kouyaté, Modibo Sagnan, Enzo Tchato, Falaye Sacko, Issiaga Sylla, Christopher Jullien, Théo Sainte-Luce, Lucas Mincarelli, Yaël Mouanga, Wilfried Ndollo Bille, Nikola Maksimović, Craig Mamilo, Joris Chotard, Rabby Nzingoula, Khalil Fayad, Téji Savanier, Abdoulaye Camara, Nicolas Pays, Théo Chennahi, Birama Touré, Jordan Ferri, Stefan Dzodic, Gabriel Barès, Simon Cara, Akor Adams, Mousa Tamari, Arnaud Nordin, Tanguy Coulibaly, Othmane Maamma, Axel Guéguin, Junior Ndiaye, Yanis Issoufou, Andy Delort, Wahbi Khazri, Glenn Ngosso"
